2020-04-08 17:59:51, 	Binance     , 	Poloniex    , 	GAS/BTC, 	0.0001599, 	383.44, 	0.00015951, 	2.04665056, 	0.244499%, 	0.190000%, 	0.054499%
2020-04-08 18:00:06, 	Binance     , 	Poloniex    , 	GAS/BTC, 	0.0001599, 	383.44, 	0.00015951, 	2.04665056, 	0.244499%, 	0.190000%, 	0.054499%
2020-04-08 18:00:21, 	Binance     , 	Poloniex    , 	GAS/BTC, 	0.0001599, 	651.98, 	0.00015951, 	2.04665056, 	0.244499%, 	0.190000%, 	0.054499%
2020-04-08 18:00:36, 	Binance     , 	Poloniex    , 	GAS/BTC, 	0.0001599, 	651.98, 	0.00015951, 	2.04665056, 	0.244499%, 	0.190000%, 	0.054499%
2020-04-08 18:00:51, 	Binance     , 	Poloniex    , 	GAS/BTC, 	0.0001599, 	601.8, 	0.00015951, 	2.04665056, 	0.244499%, 	0.190000%, 	0.054499%
2020-04-08 18:01:06, 	Binance     , 	Poloniex    , 	GAS/BTC, 	0.0001599, 	601.8, 	0.00015951, 	2.04665056, 	0.244499%, 	0.190000%, 	0.054499%
2020-04-08 18:01:21, 	Binance     , 	Poloniex    , 	GAS/BTC, 	0.0001599, 	579.45, 	0.00015951, 	2.04665056, 	0.244499%, 	0.190000%, 	0.054499%
2020-04-08 18:01:36, 	Binance     , 	Poloniex    , 	GAS/BTC, 	0.0001599, 	579.45, 	0.00015951, 	2.04665056, 	0.244499%, 	0.190000%, 	0.054499%
2020-04-08 18:01:51, 	Binance     , 	Poloniex    , 	GAS/BTC, 	0.0001599, 	579.45, 	0.00015951, 	2.04665056, 	0.244499%, 	0.190000%, 	0.054499%
2020-04-08 18:02:06, 	Binance     , 	Poloniex    , 	GAS/BTC, 	0.0001599, 	579.45, 	0.00015951, 	2.04665056, 	0.244499%, 	0.190000%, 	0.054499%
2020-04-08 18:02:21, 	Binance     , 	Poloniex    , 	GAS/BTC, 	0.0001599, 	578.13, 	0.00015951, 	2.04665056, 	0.244499%, 	0.190000%, 	0.054499%
2020-04-08 18:02:36, 	Binance     , 	Poloniex    , 	GAS/BTC, 	0.0001599, 	578.13, 	0.00015951, 	2.04665056, 	0.244499%, 	0.190000%, 	0.054499%
2020-04-08 18:02:51, 	Binance     , 	Poloniex    , 	GAS/BTC, 	0.0001599, 	578.13, 	0.00015951, 	2.7283591, 	0.244499%, 	0.190000%, 	0.054499%
2020-04-08 18:03:06, 	Binance     , 	Poloniex    , 	GAS/BTC, 	0.0001599, 	578.13, 	0.00015951, 	2.7283591, 	0.244499%, 	0.190000%, 	0.054499%
2020-04-08 18:03:21, 	Binance     , 	Poloniex    , 	GAS/BTC, 	0.0001599, 	578.13, 	0.00015951, 	2.7283591, 	0.244499%, 	0.190000%, 	0.054499%
2020-04-08 18:03:36, 	Binance     , 	Poloniex    , 	GAS/BTC, 	0.0001599, 	578.13, 	0.00015951, 	2.7283591, 	0.244499%, 	0.190000%, 	0.054499%
2020-04-08 18:03:51, 	Binance     , 	Poloniex    , 	GAS/BTC, 	0.0001599, 	578.13, 	0.00015951, 	2.7283591, 	0.244499%, 	0.190000%, 	0.054499%
2020-04-08 18:04:06, 	Binance     , 	Poloniex    , 	GAS/BTC, 	0.0001599, 	578.13, 	0.00015951, 	2.7283591, 	0.244499%, 	0.190000%, 	0.054499%
2020-04-08 18:04:21, 	Binance     , 	Poloniex    , 	GAS/BTC, 	0.0001599, 	578.13, 	0.00015951, 	2.7283591, 	0.244499%, 	0.190000%, 	0.054499%
2020-04-08 18:04:36, 	Binance     , 	Poloniex    , 	GAS/BTC, 	0.0001599, 	578.13, 	0.00015951, 	2.7283591, 	0.244499%, 	0.190000%, 	0.054499%
2020-04-08 18:04:51, 	Binance     , 	Poloniex    , 	GAS/BTC, 	0.0001599, 	309.59, 	0.00015951, 	2.7283591, 	0.244499%, 	0.190000%, 	0.054499%
2020-04-08 18:05:06, 	Binance     , 	Poloniex    , 	GAS/BTC, 	0.0001599, 	309.59, 	0.00015951, 	2.7283591, 	0.244499%, 	0.190000%, 	0.054499%
2020-04-08 18:05:21, 	Binance     , 	Poloniex    , 	GAS/BTC, 	0.0001599, 	309.59, 	0.00015951, 	2.7283591, 	0.244499%, 	0.190000%, 	0.054499%
2020-04-08 18:05:36, 	Binance     , 	Poloniex    , 	GAS/BTC, 	0.0001599, 	309.59, 	0.00015951, 	2.7283591, 	0.244499%, 	0.190000%, 	0.054499%
2020-04-08 18:05:51, 	Binance     , 	Poloniex    , 	GAS/BTC, 	0.0001599, 	309.59, 	0.00015951, 	2.7283591, 	0.244499%, 	0.190000%, 	0.054499%
2020-04-08 18:06:06, 	Binance     , 	Poloniex    , 	GAS/BTC, 	0.0001599, 	309.59, 	0.00015951, 	2.7283591, 	0.244499%, 	0.190000%, 	0.054499%
2020-04-08 18:06:21, 	Binance     , 	Poloniex    , 	GAS/BTC, 	0.0001599, 	309.59, 	0.00015951, 	2.7283591, 	0.244499%, 	0.190000%, 	0.054499%
2020-04-08 18:06:36, 	Binance     , 	Poloniex    , 	GAS/BTC, 	0.0001599, 	309.59, 	0.00015951, 	2.7283591, 	0.244499%, 	0.190000%, 	0.054499%
2020-04-08 18:06:51, 	Binance     , 	Poloniex    , 	GAS/BTC, 	0.0001599, 	586.4, 	0.00015951, 	2.7283591, 	0.244499%, 	0.190000%, 	0.054499%
2020-04-08 18:07:06, 	Binance     , 	Poloniex    , 	GAS/BTC, 	0.0001599, 	586.4, 	0.00015951, 	3.41040097, 	0.244499%, 	0.190000%, 	0.054499%
2020-04-08 18:07:21, 	Binance     , 	Poloniex    , 	GAS/BTC, 	0.0001599, 	586.4, 	0.00015951, 	3.41040097, 	0.244499%, 	0.190000%, 	0.054499%
2020-04-08 18:07:36, 	Binance     , 	Poloniex    , 	GAS/BTC, 	0.0001599, 	586.4, 	0.00015951, 	3.41040097, 	0.244499%, 	0.190000%, 	0.054499%
2020-04-08 18:07:51, 	Binance     , 	Poloniex    , 	GAS/BTC, 	0.0001599, 	586.4, 	0.00015951, 	3.41040097, 	0.244499%, 	0.190000%, 	0.054499%
2020-04-08 18:08:06, 	Binance     , 	Poloniex    , 	GAS/BTC, 	0.0001599, 	586.4, 	0.00015951, 	3.41040097, 	0.244499%, 	0.190000%, 	0.054499%
2020-04-08 18:08:21, 	Binance     , 	Poloniex    , 	GAS/BTC, 	0.0001599, 	586.4, 	0.00015951, 	3.41040097, 	0.244499%, 	0.190000%, 	0.054499%
2020-04-08 18:08:36, 	Binance     , 	Poloniex    , 	GAS/BTC, 	0.0001599, 	586.4, 	0.00015951, 	3.41040097, 	0.244499%, 	0.190000%, 	0.054499%
2020-04-08 18:08:51, 	Binance     , 	Poloniex    , 	GAS/BTC, 	0.0001599, 	586.4, 	0.00015951, 	3.41040097, 	0.244499%, 	0.190000%, 	0.054499%
2020-04-08 18:09:06, 	Binance     , 	Poloniex    , 	GAS/BTC, 	0.0001599, 	586.4, 	0.00015951, 	3.41040097, 	0.244499%, 	0.190000%, 	0.054499%
2020-04-08 18:09:21, 	Binance     , 	Poloniex    , 	GAS/BTC, 	0.0001599, 	586.4, 	0.00015951, 	3.41040097, 	0.244499%, 	0.190000%, 	0.054499%
2020-04-08 18:09:36, 	Binance     , 	Poloniex    , 	GAS/BTC, 	0.0001599, 	586.4, 	0.00015951, 	3.41040097, 	0.244499%, 	0.190000%, 	0.054499%
2020-04-08 18:09:51, 	Binance     , 	Poloniex    , 	GAS/BTC, 	0.0001599, 	595.06, 	0.00015951, 	3.41040097, 	0.244499%, 	0.190000%, 	0.054499%
2020-04-08 18:10:06, 	Binance     , 	Poloniex    , 	GAS/BTC, 	0.0001599, 	595.06, 	0.00015951, 	3.41040097, 	0.244499%, 	0.190000%, 	0.054499%
2020-04-08 18:10:21, 	Binance     , 	Poloniex    , 	GAS/BTC, 	0.0001599, 	318.25, 	0.00015951, 	3.41040097, 	0.244499%, 	0.190000%, 	0.054499%
2020-04-08 18:10:36, 	Binance     , 	Poloniex    , 	GAS/BTC, 	0.0001599, 	318.25, 	0.00015951, 	3.41040097, 	0.244499%, 	0.190000%, 	0.054499%
2020-04-08 18:10:51, 	Binance     , 	Poloniex    , 	GAS/BTC, 	0.0001599, 	318.25, 	0.00015951, 	3.41040097, 	0.244499%, 	0.190000%, 	0.054499%
2020-04-08 18:11:06, 	Binance     , 	Poloniex    , 	GAS/BTC, 	0.0001599, 	318.25, 	0.00015951, 	3.41040097, 	0.244499%, 	0.190000%, 	0.054499%
2020-04-08 18:11:21, 	Binance     , 	Poloniex    , 	GAS/BTC, 	0.0001599, 	318.25, 	0.00015951, 	4.09222036, 	0.244499%, 	0.190000%, 	0.054499%
2020-04-08 18:11:36, 	Binance     , 	Poloniex    , 	GAS/BTC, 	0.00016, 	6.49, 	0.00015951, 	4.09222036, 	0.307191%, 	0.190000%, 	0.117191%
2020-04-08 18:11:51, 	Binance     , 	Poloniex    , 	GAS/BTC, 	0.00016, 	6.49, 	0.00015951, 	4.09222036, 	0.307191%, 	0.190000%, 	0.117191%
2020-04-08 18:12:06, 	Binance     , 	Poloniex    , 	GAS/BTC, 	0.00016, 	6.49, 	0.00015951, 	4.09222036, 	0.307191%, 	0.190000%, 	0.117191%
2020-04-08 18:12:21, 	Binance     , 	Poloniex    , 	GAS/BTC, 	0.00016, 	6.49, 	0.00015951, 	4.09222036, 	0.307191%, 	0.190000%, 	0.117191%
2020-04-08 18:12:36, 	Binance     , 	Poloniex    , 	GAS/BTC, 	0.00016, 	6.49, 	0.00015951, 	4.09222036, 	0.307191%, 	0.190000%, 	0.117191%
2020-04-08 18:12:51, 	Binance     , 	Poloniex    , 	GAS/BTC, 	0.00016, 	6.49, 	0.00015951, 	4.09222036, 	0.307191%, 	0.190000%, 	0.117191%
2020-04-08 18:13:06, 	Binance     , 	Poloniex    , 	GAS/BTC, 	0.00016, 	6.49, 	0.00015951, 	4.09222036, 	0.307191%, 	0.190000%, 	0.117191%
2020-04-08 18:13:21, 	Binance     , 	Poloniex    , 	GAS/BTC, 	0.00016, 	6.49, 	0.00015951, 	4.09222036, 	0.307191%, 	0.190000%, 	0.117191%
2020-04-08 18:13:36, 	Binance     , 	Poloniex    , 	GAS/BTC, 	0.00016, 	6.49, 	0.00015951, 	4.09222036, 	0.307191%, 	0.190000%, 	0.117191%
2020-04-08 18:13:51, 	Binance     , 	Poloniex    , 	GAS/BTC, 	0.0001605, 	336.26, 	0.00015951, 	4.09222036, 	0.620651%, 	0.190000%, 	0.430651%
2020-04-08 18:14:06, 	Binance     , 	Poloniex    , 	GAS/BTC, 	0.0001606, 	36.8, 	0.00016029, 	0.67674454, 	0.193399%, 	0.190000%, 	0.003399%
2020-04-08 18:14:21, 	Binance     , 	Poloniex    , 	GAS/BTC, 	0.0001599, 	27.83, 	0.00016029, 	0.67674454, 	-0.243309%, 	0.190000%, 	-0.433309%
2020-04-08 18:42:17, 	Binance     , 	Poloniex    , 	GAS/BTC, 	0.0001607, 	0.63, 	0.00016029, 	0.07608324, 	0.255786%, 	0.190000%, 	0.065786%
2020-04-08 18:42:32, 	Binance     , 	Poloniex    , 	GAS/BTC, 	0.0001607, 	0.63, 	0.00016029, 	0.07608324, 	0.255786%, 	0.190000%, 	0.065786%
2020-04-08 18:42:47, 	Binance     , 	Poloniex    , 	GAS/BTC, 	0.0001607, 	0.63, 	0.00016029, 	0.07608324, 	0.255786%, 	0.190000%, 	0.065786%
2020-04-08 18:43:02, 	Binance     , 	Poloniex    , 	GAS/BTC, 	0.0001607, 	0.63, 	0.00016029, 	0.07608324, 	0.255786%, 	0.190000%, 	0.065786%
2020-04-08 18:43:17, 	Binance     , 	Poloniex    , 	GAS/BTC, 	0.0001607, 	0.63, 	0.00016029, 	0.07608324, 	0.255786%, 	0.190000%, 	0.065786%
2020-04-08 18:43:32, 	Binance     , 	Poloniex    , 	GAS/BTC, 	0.0001607, 	0.63, 	0.00016029, 	0.07608324, 	0.255786%, 	0.190000%, 	0.065786%
2020-04-08 18:43:47, 	Binance     , 	Poloniex    , 	GAS/BTC, 	0.0001607, 	0.63, 	0.00016029, 	0.07608324, 	0.255786%, 	0.190000%, 	0.065786%
2020-04-08 18:44:02, 	Binance     , 	Poloniex    , 	GAS/BTC, 	0.0001607, 	0.63, 	0.00016029, 	0.07608324, 	0.255786%, 	0.190000%, 	0.065786%
2020-04-08 18:44:17, 	Binance     , 	Poloniex    , 	GAS/BTC, 	0.0001607, 	0.63, 	0.00016029, 	0.07608324, 	0.255786%, 	0.190000%, 	0.065786%
2020-04-08 18:44:32, 	Binance     , 	Poloniex    , 	GAS/BTC, 	0.0001607, 	0.63, 	0.00016029, 	0.07608324, 	0.255786%, 	0.190000%, 	0.065786%
2020-04-08 18:44:47, 	Binance     , 	Poloniex    , 	GAS/BTC, 	0.0001607, 	0.63, 	0.00016029, 	0.07608324, 	0.255786%, 	0.190000%, 	0.065786%
2020-04-08 18:45:02, 	Binance     , 	Poloniex    , 	GAS/BTC, 	0.0001607, 	0.63, 	0.00016029, 	0.07608324, 	0.255786%, 	0.190000%, 	0.065786%
2020-04-08 18:45:17, 	Binance     , 	Poloniex    , 	GAS/BTC, 	0.0001607, 	0.63, 	0.00016029, 	0.07608324, 	0.255786%, 	0.190000%, 	0.065786%
2020-04-08 18:45:32, 	Binance     , 	Poloniex    , 	GAS/BTC, 	0.0001607, 	0.63, 	0.00016029, 	0.07608324, 	0.255786%, 	0.190000%, 	0.065786%
2020-04-08 18:45:47, 	Binance     , 	Poloniex    , 	GAS/BTC, 	0.0001607, 	0.63, 	0.00016029, 	0.07608324, 	0.255786%, 	0.190000%, 	0.065786%
2020-04-08 18:46:02, 	Binance     , 	Poloniex    , 	GAS/BTC, 	0.0001607, 	0.63, 	0.00016029, 	0.07608324, 	0.255786%, 	0.190000%, 	0.065786%
2020-04-08 18:46:17, 	Binance     , 	Poloniex    , 	GAS/BTC, 	0.0001607, 	0.63, 	0.00016029, 	0.07608324, 	0.255786%, 	0.190000%, 	0.065786%
2020-04-08 18:46:32, 	Binance     , 	Poloniex    , 	GAS/BTC, 	0.0001607, 	0.63, 	0.00016029, 	0.07608324, 	0.255786%, 	0.190000%, 	0.065786%
2020-04-08 18:46:47, 	Binance     , 	Poloniex    , 	GAS/BTC, 	0.0001607, 	0.63, 	0.00016029, 	0.07608324, 	0.255786%, 	0.190000%, 	0.065786%
2020-04-08 18:47:02, 	Binance     , 	Poloniex    , 	GAS/BTC, 	0.0001607, 	0.63, 	0.00016029, 	0.07608324, 	0.255786%, 	0.190000%, 	0.065786%
2020-04-08 18:47:17, 	Binance     , 	Poloniex    , 	GAS/BTC, 	0.0001607, 	0.63, 	0.00016029, 	0.07608324, 	0.255786%, 	0.190000%, 	0.065786%
2020-04-08 18:47:32, 	Binance     , 	Poloniex    , 	GAS/BTC, 	0.0001607, 	0.63, 	0.00016029, 	0.07608324, 	0.255786%, 	0.190000%, 	0.065786%
2020-04-08 18:47:47, 	Binance     , 	Poloniex    , 	GAS/BTC, 	0.0001607, 	0.63, 	0.00016029, 	0.07608324, 	0.255786%, 	0.190000%, 	0.065786%
2020-04-08 18:48:02, 	Binance     , 	Poloniex    , 	GAS/BTC, 	0.0001607, 	0.63, 	0.00016029, 	0.07608324, 	0.255786%, 	0.190000%, 	0.065786%
2020-04-08 18:48:17, 	Binance     , 	Poloniex    , 	GAS/BTC, 	0.0001607, 	0.63, 	0.00016029, 	0.07608324, 	0.255786%, 	0.190000%, 	0.065786%
2020-04-08 18:48:32, 	Binance     , 	Poloniex    , 	GAS/BTC, 	0.0001607, 	0.63, 	0.00016029, 	0.07608324, 	0.255786%, 	0.190000%, 	0.065786%
2020-04-08 18:48:47, 	Binance     , 	Poloniex    , 	GAS/BTC, 	0.0001607, 	0.63, 	0.00016029, 	0.07608324, 	0.255786%, 	0.190000%, 	0.065786%
2020-04-08 18:49:02, 	Binance     , 	Poloniex    , 	GAS/BTC, 	0.0001607, 	0.63, 	0.00016029, 	0.07608324, 	0.255786%, 	0.190000%, 	0.065786%
2020-04-08 18:49:17, 	Binance     , 	Poloniex    , 	GAS/BTC, 	0.0001607, 	0.63, 	0.00016029, 	0.07608324, 	0.255786%, 	0.190000%, 	0.065786%
2020-04-08 18:49:32, 	Binance     , 	Poloniex    , 	GAS/BTC, 	0.0001607, 	0.63, 	0.00016029, 	0.07608324, 	0.255786%, 	0.190000%, 	0.065786%
2020-04-08 18:49:47, 	Binance     , 	Poloniex    , 	GAS/BTC, 	0.0001607, 	0.63, 	0.00016029, 	0.07608324, 	0.255786%, 	0.190000%, 	0.065786%
2020-04-08 18:50:02, 	Binance     , 	Poloniex    , 	GAS/BTC, 	0.0001607, 	0.63, 	0.00016029, 	0.07608324, 	0.255786%, 	0.190000%, 	0.065786%
2020-04-08 18:50:17, 	Binance     , 	Poloniex    , 	GAS/BTC, 	0.0001607, 	0.63, 	0.00016029, 	0.07608324, 	0.255786%, 	0.190000%, 	0.065786%
2020-04-08 18:50:32, 	Binance     , 	Poloniex    , 	GAS/BTC, 	0.0001607, 	0.63, 	0.00016029, 	0.07608324, 	0.255786%, 	0.190000%, 	0.065786%
2020-04-08 18:50:47, 	Binance     , 	Poloniex    , 	GAS/BTC, 	0.0001607, 	0.63, 	0.00016029, 	0.07608324, 	0.255786%, 	0.190000%, 	0.065786%
2020-04-08 18:51:02, 	Binance     , 	Poloniex    , 	GAS/BTC, 	0.0001607, 	0.63, 	0.00016029, 	0.07608324, 	0.255786%, 	0.190000%, 	0.065786%
2020-04-08 18:51:17, 	Binance     , 	Poloniex    , 	GAS/BTC, 	0.0001603, 	0.63, 	0.00016029, 	0.07608324, 	0.006239%, 	0.190000%, 	-0.183761%
2020-04-09 01:09:31, 	Binance     , 	Poloniex    , 	GAS/BTC, 	0.0001712, 	39.0, 	0.00016987, 	0.00692914, 	0.782952%, 	0.190000%, 	0.592952%
2020-04-09 01:09:46, 	Binance     , 	Poloniex    , 	GAS/BTC, 	0.0001712, 	58.76, 	0.00016987, 	0.00692914, 	0.782952%, 	0.190000%, 	0.592952%
2020-04-09 01:10:01, 	Binance     , 	Poloniex    , 	GAS/BTC, 	0.0001712, 	224.98, 	0.00016987, 	0.00692914, 	0.782952%, 	0.190000%, 	0.592952%
2020-04-09 01:10:16, 	Binance     , 	Poloniex    , 	GAS/BTC, 	0.0001709, 	221.98, 	0.0001705, 	0.00135076, 	0.234604%, 	0.190000%, 	0.044604%
2020-04-09 01:10:31, 	Binance     , 	Poloniex    , 	GAS/BTC, 	0.0001709, 	221.36, 	0.0001705, 	0.00135076, 	0.234604%, 	0.190000%, 	0.044604%
2020-04-09 01:10:46, 	Binance     , 	Poloniex    , 	GAS/BTC, 	0.000171, 	1000.0, 	0.0001705, 	0.00135076, 	0.293255%, 	0.190000%, 	0.103255%
2020-04-09 01:11:01, 	Binance     , 	Poloniex    , 	GAS/BTC, 	0.0001709, 	147.28, 	0.0001705, 	0.00135076, 	0.234604%, 	0.190000%, 	0.044604%
2020-04-09 01:11:16, 	Binance     , 	Poloniex    , 	GAS/BTC, 	0.0001715, 	161.57, 	0.00017084, 	0.00143273, 	0.386326%, 	0.190000%, 	0.196326%
2020-04-09 01:11:31, 	Binance     , 	Poloniex    , 	GAS/BTC, 	0.0001725, 	1000.0, 	0.00017184, 	0.00962618, 	0.384078%, 	0.190000%, 	0.194078%
2020-04-09 01:11:46, 	Binance     , 	Poloniex    , 	GAS/BTC, 	0.0001726, 	1091.6, 	0.00017184, 	0.00962618, 	0.442272%, 	0.190000%, 	0.252272%
2020-04-09 01:12:01, 	Binance     , 	Poloniex    , 	GAS/BTC, 	0.0001725, 	1778.31, 	0.00017209, 	0.56956669, 	0.238247%, 	0.190000%, 	0.048247%
2020-04-09 01:12:16, 	Binance     , 	Poloniex    , 	GAS/BTC, 	0.0001727, 	160.5, 	0.00017209, 	0.56956669, 	0.354466%, 	0.190000%, 	0.164466%
2020-04-09 01:12:31, 	Binance     , 	Poloniex    , 	GAS/BTC, 	0.0001725, 	185.09, 	0.00017209, 	0.56956669, 	0.238247%, 	0.190000%, 	0.048247%
2020-04-09 01:12:46, 	Binance     , 	Poloniex    , 	GAS/BTC, 	0.0001725, 	185.09, 	0.00017209, 	0.56956669, 	0.238247%, 	0.190000%, 	0.048247%
2020-04-09 01:13:01, 	Binance     , 	Poloniex    , 	GAS/BTC, 	0.0001725, 	174.6, 	0.00017209, 	0.56956669, 	0.238247%, 	0.190000%, 	0.048247%
2020-04-09 01:13:16, 	Binance     , 	Poloniex    , 	GAS/BTC, 	0.0001725, 	98.73, 	0.00017209, 	0.56956669, 	0.238247%, 	0.190000%, 	0.048247%
2020-04-09 01:13:31, 	Binance     , 	Poloniex    , 	GAS/BTC, 	0.0001727, 	158.36, 	0.00017209, 	0.56956669, 	0.354466%, 	0.190000%, 	0.164466%
2020-04-09 01:13:46, 	Binance     , 	Poloniex    , 	GAS/BTC, 	0.0001731, 	252.25, 	0.00017209, 	0.56956669, 	0.586902%, 	0.190000%, 	0.396902%
2020-04-09 01:14:01, 	Binance     , 	Poloniex    , 	GAS/BTC, 	0.0001731, 	181.2, 	0.00017209, 	0.56956669, 	0.586902%, 	0.190000%, 	0.396902%
2020-04-09 01:14:17, 	Binance     , 	Poloniex    , 	GAS/BTC, 	0.0001731, 	26.59, 	0.00017209, 	0.56956669, 	0.586902%, 	0.190000%, 	0.396902%
2020-04-09 01:14:32, 	Binance     , 	Poloniex    , 	GAS/BTC, 	0.0001725, 	17.59, 	0.00017209, 	0.56956669, 	0.238247%, 	0.190000%, 	0.048247%
2020-04-09 01:14:47, 	Binance     , 	Poloniex    , 	GAS/BTC, 	0.0001726, 	153.01, 	0.00017209, 	0.56956669, 	0.296357%, 	0.190000%, 	0.106357%
2020-04-09 01:15:02, 	Binance     , 	Poloniex    , 	GAS/BTC, 	0.0001728, 	150.87, 	0.00017209, 	0.56956669, 	0.412575%, 	0.190000%, 	0.222575%
2020-04-09 01:15:17, 	Binance     , 	Poloniex    , 	GAS/BTC, 	0.0001741, 	57.13, 	0.00017209, 	0.56956669, 	1.167993%, 	0.190000%, 	0.977993%
2020-04-09 01:15:32, 	Binance     , 	Poloniex    , 	GAS/BTC, 	0.0001744, 	3.17, 	0.00017395, 	0.00094671, 	0.258695%, 	0.190000%, 	0.068695%
2020-04-09 01:15:47, 	Binance     , 	Poloniex    , 	GAS/BTC, 	0.000174, 	1457.98, 	0.00017395, 	0.00094671, 	0.028744%, 	0.190000%, 	-0.161256%
2020-04-09 03:59:36, 	Binance     , 	Poloniex    , 	GAS/BTC, 	0.0001711, 	10.0, 	0.00017069, 	0.0014845, 	0.240202%, 	0.190000%, 	0.050202%
2020-04-09 03:59:51, 	Binance     , 	Poloniex    , 	GAS/BTC, 	0.0001711, 	10.0, 	0.00017069, 	0.0014845, 	0.240202%, 	0.190000%, 	0.050202%
2020-04-09 04:00:06, 	Binance     , 	Poloniex    , 	GAS/BTC, 	0.0001711, 	10.0, 	0.00017069, 	0.0014845, 	0.240202%, 	0.190000%, 	0.050202%
2020-04-09 04:00:21, 	Binance     , 	Poloniex    , 	GAS/BTC, 	0.0001711, 	10.0, 	0.00017069, 	0.0014845, 	0.240202%, 	0.190000%, 	0.050202%
2020-04-09 04:00:36, 	Binance     , 	Poloniex    , 	GAS/BTC, 	0.0001709, 	9.14, 	0.00017069, 	0.0014845, 	0.123030%, 	0.190000%, 	-0.066970%
2020-04-09 06:17:40, 	Binance     , 	Poloniex    , 	GAS/BTC, 	0.0001728, 	34.6, 	0.00017199, 	0.36355152, 	0.470958%, 	0.190000%, 	0.280958%
2020-04-09 06:17:55, 	Binance     , 	Poloniex    , 	GAS/BTC, 	0.0001728, 	34.6, 	0.00017199, 	0.36355152, 	0.470958%, 	0.190000%, 	0.280958%
2020-04-09 06:18:10, 	Binance     , 	Poloniex    , 	GAS/BTC, 	0.0001728, 	37.45, 	0.00017199, 	0.36355152, 	0.470958%, 	0.190000%, 	0.280958%
2020-04-09 06:18:25, 	Binance     , 	Poloniex    , 	GAS/BTC, 	0.0001727, 	355.63, 	0.00017199, 	0.36355152, 	0.412815%, 	0.190000%, 	0.222815%
2020-04-09 06:18:40, 	Binance     , 	Poloniex    , 	GAS/BTC, 	0.0001722, 	11.61, 	0.00017199, 	0.36355152, 	0.122100%, 	0.190000%, 	-0.067900%
2020-04-09 07:10:45, 	Binance     , 	Poloniex    , 	GAS/BTC, 	0.0001735, 	1315.14, 	0.00017284, 	86.78546633, 	0.381856%, 	0.190000%, 	0.191856%
2020-04-09 07:11:00, 	Binance     , 	Poloniex    , 	GAS/BTC, 	0.0001735, 	1315.14, 	0.00017284, 	86.78546633, 	0.381856%, 	0.190000%, 	0.191856%
2020-04-09 07:11:15, 	Binance     , 	Poloniex    , 	GAS/BTC, 	0.0001736, 	335.1, 	0.00017284, 	86.78546633, 	0.439713%, 	0.190000%, 	0.249713%
2020-04-09 07:11:30, 	Binance     , 	Poloniex    , 	GAS/BTC, 	0.0001736, 	335.1, 	0.00017284, 	86.78546633, 	0.439713%, 	0.190000%, 	0.249713%
2020-04-09 07:11:45, 	Binance     , 	Poloniex    , 	GAS/BTC, 	0.0001735, 	116.69, 	0.00017284, 	86.78546633, 	0.381856%, 	0.190000%, 	0.191856%
2020-04-09 07:12:00, 	Binance     , 	Poloniex    , 	GAS/BTC, 	0.0001736, 	308.25, 	0.00017284, 	86.78546633, 	0.439713%, 	0.190000%, 	0.249713%
2020-04-09 07:12:15, 	Binance     , 	Poloniex    , 	GAS/BTC, 	0.0001736, 	307.68, 	0.00017284, 	86.78546633, 	0.439713%, 	0.190000%, 	0.249713%
2020-04-09 07:12:30, 	Binance     , 	Poloniex    , 	GAS/BTC, 	0.0001735, 	9.27, 	0.00017284, 	86.78546633, 	0.381856%, 	0.190000%, 	0.191856%
2020-04-09 07:12:45, 	Binance     , 	Poloniex    , 	GAS/BTC, 	0.0001734, 	12.64, 	0.00017284, 	86.78546633, 	0.323999%, 	0.190000%, 	0.133999%
2020-04-09 07:13:00, 	Binance     , 	Poloniex    , 	GAS/BTC, 	0.0001734, 	12.64, 	0.00017284, 	86.78546633, 	0.323999%, 	0.190000%, 	0.133999%
2020-04-09 07:13:15, 	Binance     , 	Poloniex    , 	GAS/BTC, 	0.0001734, 	12.64, 	0.00017284, 	86.78546633, 	0.323999%, 	0.190000%, 	0.133999%
2020-04-09 07:13:30, 	Binance     , 	Poloniex    , 	GAS/BTC, 	0.0001734, 	12.64, 	0.00017284, 	86.78546633, 	0.323999%, 	0.190000%, 	0.133999%
2020-04-09 07:13:45, 	Binance     , 	Poloniex    , 	GAS/BTC, 	0.0001734, 	12.64, 	0.00017284, 	86.78546633, 	0.323999%, 	0.190000%, 	0.133999%
2020-04-09 07:14:00, 	Binance     , 	Poloniex    , 	GAS/BTC, 	0.0001734, 	12.64, 	0.00017284, 	86.78546633, 	0.323999%, 	0.190000%, 	0.133999%
2020-04-09 07:14:15, 	Binance     , 	Poloniex    , 	GAS/BTC, 	0.0001734, 	12.64, 	0.00017284, 	86.78546633, 	0.323999%, 	0.190000%, 	0.133999%
2020-04-09 07:14:30, 	Binance     , 	Poloniex    , 	GAS/BTC, 	0.0001734, 	12.64, 	0.00017284, 	86.78546633, 	0.323999%, 	0.190000%, 	0.133999%
2020-04-09 07:14:45, 	Binance     , 	Poloniex    , 	GAS/BTC, 	0.0001734, 	12.64, 	0.00017284, 	85.89676651, 	0.323999%, 	0.190000%, 	0.133999%
2020-04-09 07:15:00, 	Binance     , 	Poloniex    , 	GAS/BTC, 	0.0001734, 	11.53, 	0.00017284, 	85.89676651, 	0.323999%, 	0.190000%, 	0.133999%
2020-04-09 07:15:15, 	Binance     , 	Poloniex    , 	GAS/BTC, 	0.0001735, 	154.46, 	0.00017284, 	85.89676651, 	0.381856%, 	0.190000%, 	0.191856%
2020-04-09 07:15:30, 	Binance     , 	Poloniex    , 	GAS/BTC, 	0.0001735, 	336.55, 	0.00017284, 	85.89676651, 	0.381856%, 	0.190000%, 	0.191856%
2020-04-09 07:15:45, 	Binance     , 	Poloniex    , 	GAS/BTC, 	0.0001736, 	41.68, 	0.00017284, 	85.89676651, 	0.439713%, 	0.190000%, 	0.249713%
2020-04-09 07:16:00, 	Binance     , 	Poloniex    , 	GAS/BTC, 	0.0001736, 	107.87, 	0.00017284, 	84.70399302, 	0.439713%, 	0.190000%, 	0.249713%
2020-04-09 07:16:15, 	Binance     , 	Poloniex    , 	GAS/BTC, 	0.0001736, 	107.87, 	0.00017284, 	84.70399302, 	0.439713%, 	0.190000%, 	0.249713%
2020-04-09 07:16:30, 	Binance     , 	Poloniex    , 	GAS/BTC, 	0.0001736, 	107.87, 	0.00017284, 	84.70399302, 	0.439713%, 	0.190000%, 	0.249713%
2020-04-09 07:16:45, 	Binance     , 	Poloniex    , 	GAS/BTC, 	0.0001736, 	107.87, 	0.00017284, 	84.70399302, 	0.439713%, 	0.190000%, 	0.249713%
2020-04-09 07:17:00, 	Binance     , 	Poloniex    , 	GAS/BTC, 	0.0001736, 	107.87, 	0.00017284, 	84.70399302, 	0.439713%, 	0.190000%, 	0.249713%
2020-04-09 07:17:15, 	Binance     , 	Poloniex    , 	GAS/BTC, 	0.0001736, 	107.87, 	0.00017284, 	84.70399302, 	0.439713%, 	0.190000%, 	0.249713%
2020-04-09 07:17:30, 	Binance     , 	Poloniex    , 	GAS/BTC, 	0.0001736, 	73.09, 	0.00017284, 	83.70339248, 	0.439713%, 	0.190000%, 	0.249713%
2020-04-09 07:17:45, 	Binance     , 	Poloniex    , 	GAS/BTC, 	0.0001732, 	10.0, 	0.00017284, 	83.70339248, 	0.208285%, 	0.190000%, 	0.018285%
2020-04-09 07:18:00, 	Binance     , 	Poloniex    , 	GAS/BTC, 	0.0001732, 	10.0, 	0.00017284, 	83.70339248, 	0.208285%, 	0.190000%, 	0.018285%
2020-04-09 07:18:15, 	Binance     , 	Poloniex    , 	GAS/BTC, 	0.0001732, 	10.0, 	0.00017284, 	83.70339248, 	0.208285%, 	0.190000%, 	0.018285%
2020-04-09 07:18:30, 	Binance     , 	Poloniex    , 	GAS/BTC, 	0.0001732, 	10.0, 	0.00017284, 	83.70339248, 	0.208285%, 	0.190000%, 	0.018285%
2020-04-09 07:18:45, 	Binance     , 	Poloniex    , 	GAS/BTC, 	0.0001732, 	10.0, 	0.00017284, 	83.70339248, 	0.208285%, 	0.190000%, 	0.018285%
2020-04-09 07:19:00, 	Binance     , 	Poloniex    , 	GAS/BTC, 	0.0001732, 	10.0, 	0.00017284, 	83.70339248, 	0.208285%, 	0.190000%, 	0.018285%
2020-04-09 07:19:15, 	Binance     , 	Poloniex    , 	GAS/BTC, 	0.0001728, 	21.57, 	0.00017284, 	83.70339248, 	-0.023143%, 	0.190000%, 	-0.213143%
2020-04-09 07:52:36, 	Binance     , 	Poloniex    , 	GAS/BTC, 	0.0001769, 	147.0, 	0.00017524, 	6.082e-05, 	0.947272%, 	0.190000%, 	0.757272%
2020-04-09 07:52:51, 	Binance     , 	Poloniex    , 	GAS/BTC, 	0.0001769, 	147.0, 	0.00017524, 	6.082e-05, 	0.947272%, 	0.190000%, 	0.757272%
2020-04-09 07:53:06, 	Binance     , 	Poloniex    , 	GAS/BTC, 	0.0001769, 	147.0, 	0.00017524, 	6.082e-05, 	0.947272%, 	0.190000%, 	0.757272%
2020-04-09 07:53:21, 	Binance     , 	Poloniex    , 	GAS/BTC, 	0.0001769, 	143.91, 	0.00017524, 	6.082e-05, 	0.947272%, 	0.190000%, 	0.757272%
2020-04-09 07:53:36, 	Binance     , 	Poloniex    , 	GAS/BTC, 	0.0001777, 	5.09, 	0.00017589, 	8.886e-05, 	1.029052%, 	0.190000%, 	0.839052%
2020-04-09 07:53:51, 	Binance     , 	Poloniex    , 	GAS/BTC, 	0.0001777, 	5.09, 	0.00017589, 	8.886e-05, 	1.029052%, 	0.190000%, 	0.839052%
2020-04-09 07:54:06, 	Binance     , 	Poloniex    , 	GAS/BTC, 	0.0001777, 	0.03, 	0.00017657, 	6.43170412, 	0.639973%, 	0.190000%, 	0.449973%
2020-04-09 07:54:21, 	Binance     , 	Poloniex    , 	GAS/BTC, 	0.0001778, 	0.59, 	0.00017657, 	1.99556419, 	0.696608%, 	0.190000%, 	0.506608%
2020-04-09 07:54:36, 	Binance     , 	Poloniex    , 	GAS/BTC, 	0.0001777, 	11.25, 	0.00017657, 	1.99556419, 	0.639973%, 	0.190000%, 	0.449973%
2020-04-09 07:54:51, 	Binance     , 	Poloniex    , 	GAS/BTC, 	0.0001777, 	8.88, 	0.00017657, 	1.99556419, 	0.639973%, 	0.190000%, 	0.449973%
2020-04-09 07:55:06, 	Binance     , 	Poloniex    , 	GAS/BTC, 	0.0001774, 	123.07, 	0.00017657, 	1.99556419, 	0.470069%, 	0.190000%, 	0.280069%
2020-04-09 07:55:21, 	Binance     , 	Poloniex    , 	GAS/BTC, 	0.0001773, 	10.0, 	0.00017657, 	1.99556419, 	0.413434%, 	0.190000%, 	0.223434%
2020-04-09 07:55:36, 	Binance     , 	Poloniex    , 	GAS/BTC, 	0.0001773, 	10.0, 	0.00017657, 	1.99556419, 	0.413434%, 	0.190000%, 	0.223434%
2020-04-09 07:55:51, 	Binance     , 	Poloniex    , 	GAS/BTC, 	0.0001774, 	9.63, 	0.00017657, 	1.99556419, 	0.470069%, 	0.190000%, 	0.280069%
2020-04-09 07:56:06, 	Binance     , 	Poloniex    , 	GAS/BTC, 	0.0001774, 	9.63, 	0.00017657, 	1.99556419, 	0.470069%, 	0.190000%, 	0.280069%
2020-04-09 07:56:21, 	Binance     , 	Poloniex    , 	GAS/BTC, 	0.0001774, 	43.41, 	0.00017657, 	1.99556419, 	0.470069%, 	0.190000%, 	0.280069%
2020-04-09 07:56:36, 	Binance     , 	Poloniex    , 	GAS/BTC, 	0.0001774, 	43.41, 	0.00017657, 	1.99556419, 	0.470069%, 	0.190000%, 	0.280069%
2020-04-09 07:56:51, 	Binance     , 	Poloniex    , 	GAS/BTC, 	0.0001777, 	21.25, 	0.00017657, 	1.99556419, 	0.639973%, 	0.190000%, 	0.449973%
2020-04-09 07:57:06, 	Binance     , 	Poloniex    , 	GAS/BTC, 	0.0001777, 	43.83, 	0.00017657, 	1.99556419, 	0.639973%, 	0.190000%, 	0.449973%
2020-04-09 07:57:21, 	Binance     , 	Poloniex    , 	GAS/BTC, 	0.0001777, 	43.83, 	0.00017657, 	1.99556419, 	0.639973%, 	0.190000%, 	0.449973%
2020-04-09 07:57:36, 	Binance     , 	Poloniex    , 	GAS/BTC, 	0.0001778, 	25.28, 	0.00017657, 	1.99556419, 	0.696608%, 	0.190000%, 	0.506608%
2020-04-09 07:57:51, 	Binance     , 	Poloniex    , 	GAS/BTC, 	0.0001778, 	45.48, 	0.00017657, 	1.99556419, 	0.696608%, 	0.190000%, 	0.506608%
2020-04-09 07:58:06, 	Binance     , 	Poloniex    , 	GAS/BTC, 	0.0001778, 	45.48, 	0.00017657, 	1.99556419, 	0.696608%, 	0.190000%, 	0.506608%
2020-04-09 07:58:21, 	Binance     , 	Poloniex    , 	GAS/BTC, 	0.0001778, 	22.91, 	0.00017657, 	1.99556419, 	0.696608%, 	0.190000%, 	0.506608%
2020-04-09 07:58:36, 	Binance     , 	Poloniex    , 	GAS/BTC, 	0.0001778, 	22.91, 	0.00017657, 	1.99556419, 	0.696608%, 	0.190000%, 	0.506608%
2020-04-09 07:58:51, 	Binance     , 	Poloniex    , 	GAS/BTC, 	0.0001778, 	17.23, 	0.00017657, 	1.99556419, 	0.696608%, 	0.190000%, 	0.506608%
2020-04-09 07:59:06, 	Binance     , 	Poloniex    , 	GAS/BTC, 	0.0001778, 	15.17, 	0.00017657, 	1.99556419, 	0.696608%, 	0.190000%, 	0.506608%
2020-04-09 07:59:21, 	Binance     , 	Poloniex    , 	GAS/BTC, 	0.0001778, 	7.04, 	0.00017657, 	1.99556419, 	0.696608%, 	0.190000%, 	0.506608%
2020-04-09 07:59:36, 	Binance     , 	Poloniex    , 	GAS/BTC, 	0.0001778, 	7.04, 	0.00017657, 	1.99556419, 	0.696608%, 	0.190000%, 	0.506608%
2020-04-09 07:59:51, 	Binance     , 	Poloniex    , 	GAS/BTC, 	0.0001778, 	7.04, 	0.00017657, 	1.99556419, 	0.696608%, 	0.190000%, 	0.506608%
2020-04-09 08:00:06, 	Binance     , 	Poloniex    , 	GAS/BTC, 	0.0001778, 	7.04, 	0.00017657, 	1.99556419, 	0.696608%, 	0.190000%, 	0.506608%
2020-04-09 08:00:21, 	Binance     , 	Poloniex    , 	GAS/BTC, 	0.0001778, 	5.81, 	0.00017657, 	1.99556419, 	0.696608%, 	0.190000%, 	0.506608%
2020-04-09 08:00:36, 	Binance     , 	Poloniex    , 	GAS/BTC, 	0.0001779, 	59.26, 	0.00017657, 	6.825e-05, 	0.753242%, 	0.190000%, 	0.563242%
2020-04-09 08:00:51, 	Binance     , 	Poloniex    , 	GAS/BTC, 	0.0001779, 	59.26, 	0.00017657, 	6.825e-05, 	0.753242%, 	0.190000%, 	0.563242%
2020-04-09 08:01:06, 	Binance     , 	Poloniex    , 	GAS/BTC, 	0.0001778, 	354.89, 	0.00017657, 	6.825e-05, 	0.696608%, 	0.190000%, 	0.506608%
2020-04-09 08:01:21, 	Binance     , 	Poloniex    , 	GAS/BTC, 	0.0001778, 	294.3, 	0.00017657, 	6.825e-05, 	0.696608%, 	0.190000%, 	0.506608%
2020-04-09 08:01:36, 	Binance     , 	Poloniex    , 	GAS/BTC, 	0.0001779, 	19.93, 	0.00017657, 	6.825e-05, 	0.753242%, 	0.190000%, 	0.563242%
2020-04-09 08:01:51, 	Binance     , 	Poloniex    , 	GAS/BTC, 	0.0001779, 	19.93, 	0.00017657, 	6.825e-05, 	0.753242%, 	0.190000%, 	0.563242%
2020-04-09 08:02:06, 	Binance     , 	Poloniex    , 	GAS/BTC, 	0.0001779, 	19.93, 	0.00017657, 	6.825e-05, 	0.753242%, 	0.190000%, 	0.563242%
2020-04-09 08:02:21, 	Binance     , 	Poloniex    , 	GAS/BTC, 	0.0001778, 	138.3, 	0.00017657, 	6.825e-05, 	0.696608%, 	0.190000%, 	0.506608%
2020-04-09 08:02:36, 	Binance     , 	Poloniex    , 	GAS/BTC, 	0.0001778, 	76.68, 	0.00017657, 	6.825e-05, 	0.696608%, 	0.190000%, 	0.506608%
2020-04-09 08:02:51, 	Binance     , 	Poloniex    , 	GAS/BTC, 	0.0001777, 	1.55, 	0.00017657, 	6.825e-05, 	0.639973%, 	0.190000%, 	0.449973%
2020-04-09 08:03:06, 	Binance     , 	Poloniex    , 	GAS/BTC, 	0.0001777, 	0.95, 	0.00017657, 	6.825e-05, 	0.639973%, 	0.190000%, 	0.449973%
2020-04-09 08:03:21, 	Binance     , 	Poloniex    , 	GAS/BTC, 	0.0001755, 	10.0, 	0.00017657, 	6.825e-05, 	-0.605992%, 	0.190000%, 	-0.795992%
2020-04-09 10:34:50, 	Binance     , 	Poloniex    , 	GAS/BTC, 	0.0001742, 	0.58, 	0.00017329, 	0.00833947, 	0.525131%, 	0.190000%, 	0.335131%
2020-04-09 10:35:05, 	Binance     , 	Poloniex    , 	GAS/BTC, 	0.0001742, 	0.58, 	0.00017329, 	0.00833947, 	0.525131%, 	0.190000%, 	0.335131%
2020-04-09 10:35:20, 	Binance     , 	Poloniex    , 	GAS/BTC, 	0.0001742, 	0.58, 	0.00017329, 	0.00833947, 	0.525131%, 	0.190000%, 	0.335131%
2020-04-09 10:35:35, 	Binance     , 	Poloniex    , 	GAS/BTC, 	0.0001742, 	0.58, 	0.00017329, 	0.00833947, 	0.525131%, 	0.190000%, 	0.335131%
2020-04-09 10:35:50, 	Binance     , 	Poloniex    , 	GAS/BTC, 	0.0001742, 	0.58, 	0.00017329, 	0.00833947, 	0.525131%, 	0.190000%, 	0.335131%
2020-04-09 10:36:05, 	Binance     , 	Poloniex    , 	GAS/BTC, 	0.0001742, 	0.58, 	0.00017329, 	0.00833947, 	0.525131%, 	0.190000%, 	0.335131%
2020-04-09 10:36:20, 	Binance     , 	Poloniex    , 	GAS/BTC, 	0.0001742, 	0.58, 	0.00017329, 	0.00833947, 	0.525131%, 	0.190000%, 	0.335131%
2020-04-09 10:36:35, 	Binance     , 	Poloniex    , 	GAS/BTC, 	0.0001742, 	0.58, 	0.00017329, 	0.00833947, 	0.525131%, 	0.190000%, 	0.335131%
2020-04-09 10:36:50, 	Binance     , 	Poloniex    , 	GAS/BTC, 	0.0001742, 	0.58, 	0.00017329, 	0.00833947, 	0.525131%, 	0.190000%, 	0.335131%
2020-04-09 10:37:05, 	Binance     , 	Poloniex    , 	GAS/BTC, 	0.0001742, 	0.58, 	0.00017329, 	0.00833947, 	0.525131%, 	0.190000%, 	0.335131%
2020-04-09 10:37:20, 	Binance     , 	Poloniex    , 	GAS/BTC, 	0.0001742, 	0.58, 	0.00017329, 	0.00833947, 	0.525131%, 	0.190000%, 	0.335131%
2020-04-09 10:37:35, 	Binance     , 	Poloniex    , 	GAS/BTC, 	0.0001742, 	0.58, 	0.00017329, 	0.00833947, 	0.525131%, 	0.190000%, 	0.335131%
2020-04-09 10:37:50, 	Binance     , 	Poloniex    , 	GAS/BTC, 	0.0001742, 	0.58, 	0.00017329, 	0.00833947, 	0.525131%, 	0.190000%, 	0.335131%
2020-04-09 10:38:05, 	Binance     , 	Poloniex    , 	GAS/BTC, 	0.0001742, 	0.58, 	0.00017329, 	0.00833947, 	0.525131%, 	0.190000%, 	0.335131%
2020-04-09 10:38:20, 	Binance     , 	Poloniex    , 	GAS/BTC, 	0.0001742, 	0.58, 	0.00017329, 	0.00833947, 	0.525131%, 	0.190000%, 	0.335131%
2020-04-09 10:38:35, 	Binance     , 	Poloniex    , 	GAS/BTC, 	0.0001742, 	0.58, 	0.00017329, 	0.00833947, 	0.525131%, 	0.190000%, 	0.335131%
2020-04-09 10:38:50, 	Binance     , 	Poloniex    , 	GAS/BTC, 	0.0001742, 	0.58, 	0.00017329, 	0.00833947, 	0.525131%, 	0.190000%, 	0.335131%
2020-04-09 10:39:05, 	Binance     , 	Poloniex    , 	GAS/BTC, 	0.0001738, 	63.51, 	0.00017329, 	0.00833947, 	0.294304%, 	0.190000%, 	0.104304%
2020-04-09 10:39:20, 	Binance     , 	Poloniex    , 	GAS/BTC, 	0.0001738, 	62.93, 	0.00017329, 	0.00833947, 	0.294304%, 	0.190000%, 	0.104304%
2020-04-09 10:39:35, 	Binance     , 	Poloniex    , 	GAS/BTC, 	0.0001738, 	62.93, 	0.00017329, 	0.00833947, 	0.294304%, 	0.190000%, 	0.104304%
2020-04-09 10:39:50, 	Binance     , 	Poloniex    , 	GAS/BTC, 	0.0001738, 	62.93, 	0.00017329, 	0.00833947, 	0.294304%, 	0.190000%, 	0.104304%
2020-04-09 10:40:05, 	Binance     , 	Poloniex    , 	GAS/BTC, 	0.0001738, 	62.93, 	0.00017329, 	0.00833947, 	0.294304%, 	0.190000%, 	0.104304%
2020-04-09 10:40:20, 	Binance     , 	Poloniex    , 	GAS/BTC, 	0.0001738, 	62.93, 	0.00017329, 	0.00833947, 	0.294304%, 	0.190000%, 	0.104304%
2020-04-09 10:40:35, 	Binance     , 	Poloniex    , 	GAS/BTC, 	0.0001738, 	62.93, 	0.00017329, 	0.00833947, 	0.294304%, 	0.190000%, 	0.104304%
2020-04-09 10:40:50, 	Binance     , 	Poloniex    , 	GAS/BTC, 	0.0001738, 	62.93, 	0.00017329, 	0.00833947, 	0.294304%, 	0.190000%, 	0.104304%
2020-04-09 10:41:05, 	Binance     , 	Poloniex    , 	GAS/BTC, 	0.0001738, 	62.93, 	0.00017329, 	0.00833947, 	0.294304%, 	0.190000%, 	0.104304%
2020-04-09 10:41:20, 	Binance     , 	Poloniex    , 	GAS/BTC, 	0.0001737, 	188.16, 	0.00017329, 	0.00833947, 	0.236598%, 	0.190000%, 	0.046598%
2020-04-09 10:41:35, 	Binance     , 	Poloniex    , 	GAS/BTC, 	0.0001737, 	188.16, 	0.00017329, 	0.00833947, 	0.236598%, 	0.190000%, 	0.046598%
2020-04-09 10:41:50, 	Binance     , 	Poloniex    , 	GAS/BTC, 	0.0001737, 	188.16, 	0.00017329, 	0.00833947, 	0.236598%, 	0.190000%, 	0.046598%
2020-04-09 10:42:05, 	Binance     , 	Poloniex    , 	GAS/BTC, 	0.0001737, 	188.16, 	0.00017329, 	0.00833947, 	0.236598%, 	0.190000%, 	0.046598%
2020-04-09 10:42:20, 	Binance     , 	Poloniex    , 	GAS/BTC, 	0.0001737, 	188.16, 	0.00017329, 	0.00833947, 	0.236598%, 	0.190000%, 	0.046598%
2020-04-09 10:42:35, 	Binance     , 	Poloniex    , 	GAS/BTC, 	0.0001737, 	188.16, 	0.00017329, 	0.00833947, 	0.236598%, 	0.190000%, 	0.046598%
2020-04-09 10:42:50, 	Binance     , 	Poloniex    , 	GAS/BTC, 	0.0001737, 	188.16, 	0.00017329, 	0.00833947, 	0.236598%, 	0.190000%, 	0.046598%
2020-04-09 10:43:05, 	Binance     , 	Poloniex    , 	GAS/BTC, 	0.0001737, 	188.16, 	0.00017329, 	0.00833947, 	0.236598%, 	0.190000%, 	0.046598%
2020-04-09 10:43:20, 	Binance     , 	Poloniex    , 	GAS/BTC, 	0.0001737, 	188.16, 	0.00017329, 	0.00833947, 	0.236598%, 	0.190000%, 	0.046598%
2020-04-09 10:43:35, 	Binance     , 	Poloniex    , 	GAS/BTC, 	0.0001737, 	188.16, 	0.00017329, 	0.00833947, 	0.236598%, 	0.190000%, 	0.046598%
2020-04-09 10:43:50, 	Binance     , 	Poloniex    , 	GAS/BTC, 	0.0001737, 	188.16, 	0.00017329, 	0.00833947, 	0.236598%, 	0.190000%, 	0.046598%
2020-04-09 10:44:05, 	Binance     , 	Poloniex    , 	GAS/BTC, 	0.0001737, 	188.16, 	0.00017329, 	0.00833947, 	0.236598%, 	0.190000%, 	0.046598%
2020-04-09 10:44:20, 	Binance     , 	Poloniex    , 	GAS/BTC, 	0.0001737, 	188.16, 	0.00017329, 	0.00833947, 	0.236598%, 	0.190000%, 	0.046598%
2020-04-09 10:44:35, 	Binance     , 	Poloniex    , 	GAS/BTC, 	0.0001737, 	188.16, 	0.00017329, 	0.00833947, 	0.236598%, 	0.190000%, 	0.046598%
2020-04-09 10:44:50, 	Binance     , 	Poloniex    , 	GAS/BTC, 	0.0001737, 	188.16, 	0.00017329, 	0.00833947, 	0.236598%, 	0.190000%, 	0.046598%
2020-04-09 10:45:05, 	Binance     , 	Poloniex    , 	GAS/BTC, 	0.0001737, 	188.16, 	0.00017329, 	0.00833947, 	0.236598%, 	0.190000%, 	0.046598%
2020-04-09 10:45:20, 	Binance     , 	Poloniex    , 	GAS/BTC, 	0.0001737, 	11.37, 	0.00017329, 	0.00833947, 	0.236598%, 	0.190000%, 	0.046598%
2020-04-09 10:45:35, 	Binance     , 	Poloniex    , 	GAS/BTC, 	0.0001737, 	11.37, 	0.00017329, 	0.00833947, 	0.236598%, 	0.190000%, 	0.046598%
2020-04-09 10:45:50, 	Binance     , 	Poloniex    , 	GAS/BTC, 	0.0001737, 	11.37, 	0.00017329, 	0.00833947, 	0.236598%, 	0.190000%, 	0.046598%
2020-04-09 10:46:05, 	Binance     , 	Poloniex    , 	GAS/BTC, 	0.0001737, 	11.37, 	0.00017329, 	0.00833947, 	0.236598%, 	0.190000%, 	0.046598%
2020-04-09 10:46:20, 	Binance     , 	Poloniex    , 	GAS/BTC, 	0.0001737, 	11.37, 	0.00017329, 	0.00833947, 	0.236598%, 	0.190000%, 	0.046598%
2020-04-09 10:46:35, 	Binance     , 	Poloniex    , 	GAS/BTC, 	0.0001737, 	11.37, 	0.00017329, 	0.00833947, 	0.236598%, 	0.190000%, 	0.046598%
2020-04-09 10:46:50, 	Binance     , 	Poloniex    , 	GAS/BTC, 	0.0001737, 	11.37, 	0.00017329, 	0.00833947, 	0.236598%, 	0.190000%, 	0.046598%
2020-04-09 10:47:05, 	Binance     , 	Poloniex    , 	GAS/BTC, 	0.0001737, 	11.37, 	0.00017329, 	0.00833947, 	0.236598%, 	0.190000%, 	0.046598%
2020-04-09 10:47:20, 	Binance     , 	Poloniex    , 	GAS/BTC, 	0.0001737, 	11.37, 	0.00017329, 	0.00833947, 	0.236598%, 	0.190000%, 	0.046598%
2020-04-09 10:47:35, 	Binance     , 	Poloniex    , 	GAS/BTC, 	0.0001737, 	11.37, 	0.00017329, 	0.00833947, 	0.236598%, 	0.190000%, 	0.046598%
2020-04-09 10:47:50, 	Binance     , 	Poloniex    , 	GAS/BTC, 	0.0001737, 	11.37, 	0.00017329, 	0.00833947, 	0.236598%, 	0.190000%, 	0.046598%
2020-04-09 10:48:05, 	Binance     , 	Poloniex    , 	GAS/BTC, 	0.0001737, 	11.37, 	0.00017329, 	0.00833947, 	0.236598%, 	0.190000%, 	0.046598%
2020-04-09 10:48:20, 	Binance     , 	Poloniex    , 	GAS/BTC, 	0.0001737, 	11.37, 	0.00017329, 	0.00833947, 	0.236598%, 	0.190000%, 	0.046598%
2020-04-09 10:48:35, 	Binance     , 	Poloniex    , 	GAS/BTC, 	0.0001737, 	11.37, 	0.00017329, 	0.00833947, 	0.236598%, 	0.190000%, 	0.046598%
2020-04-09 10:48:50, 	Binance     , 	Poloniex    , 	GAS/BTC, 	0.0001737, 	11.37, 	0.00017329, 	0.00833947, 	0.236598%, 	0.190000%, 	0.046598%
2020-04-09 10:49:05, 	Binance     , 	Poloniex    , 	GAS/BTC, 	0.0001737, 	10.09, 	0.00017329, 	0.00833947, 	0.236598%, 	0.190000%, 	0.046598%
2020-04-09 10:49:20, 	Binance     , 	Poloniex    , 	GAS/BTC, 	0.0001738, 	149.79, 	0.00017329, 	0.00833947, 	0.294304%, 	0.190000%, 	0.104304%
2020-04-09 10:49:35, 	Binance     , 	Poloniex    , 	GAS/BTC, 	0.0001738, 	149.79, 	0.00017329, 	0.00833947, 	0.294304%, 	0.190000%, 	0.104304%
2020-04-09 10:49:50, 	Binance     , 	Poloniex    , 	GAS/BTC, 	0.0001738, 	122.35, 	0.00017329, 	0.00833947, 	0.294304%, 	0.190000%, 	0.104304%
2020-04-09 10:50:05, 	Binance     , 	Poloniex    , 	GAS/BTC, 	0.0001738, 	122.35, 	0.00017329, 	0.00833947, 	0.294304%, 	0.190000%, 	0.104304%
2020-04-09 10:50:20, 	Binance     , 	Poloniex    , 	GAS/BTC, 	0.0001738, 	122.35, 	0.00017329, 	0.00833947, 	0.294304%, 	0.190000%, 	0.104304%
2020-04-09 10:50:35, 	Binance     , 	Poloniex    , 	GAS/BTC, 	0.0001738, 	122.35, 	0.00017329, 	0.00833947, 	0.294304%, 	0.190000%, 	0.104304%
2020-04-09 10:50:50, 	Binance     , 	Poloniex    , 	GAS/BTC, 	0.0001738, 	122.35, 	0.00017329, 	0.00833947, 	0.294304%, 	0.190000%, 	0.104304%
2020-04-09 10:51:05, 	Binance     , 	Poloniex    , 	GAS/BTC, 	0.0001738, 	122.35, 	0.00017329, 	0.00833947, 	0.294304%, 	0.190000%, 	0.104304%
2020-04-09 10:51:20, 	Binance     , 	Poloniex    , 	GAS/BTC, 	0.0001738, 	122.35, 	0.00017329, 	0.00833947, 	0.294304%, 	0.190000%, 	0.104304%
2020-04-09 10:51:35, 	Binance     , 	Poloniex    , 	GAS/BTC, 	0.0001738, 	122.35, 	0.00017329, 	0.00833947, 	0.294304%, 	0.190000%, 	0.104304%
2020-04-09 10:51:50, 	Binance     , 	Poloniex    , 	GAS/BTC, 	0.0001738, 	122.35, 	0.00017329, 	0.00833947, 	0.294304%, 	0.190000%, 	0.104304%
2020-04-09 10:52:05, 	Binance     , 	Poloniex    , 	GAS/BTC, 	0.0001738, 	122.35, 	0.00017329, 	0.00833947, 	0.294304%, 	0.190000%, 	0.104304%
2020-04-09 10:52:20, 	Binance     , 	Poloniex    , 	GAS/BTC, 	0.0001738, 	122.35, 	0.00017329, 	0.00833947, 	0.294304%, 	0.190000%, 	0.104304%
2020-04-09 10:52:35, 	Binance     , 	Poloniex    , 	GAS/BTC, 	0.0001738, 	122.35, 	0.00017329, 	0.00833947, 	0.294304%, 	0.190000%, 	0.104304%
2020-04-09 10:52:50, 	Binance     , 	Poloniex    , 	GAS/BTC, 	0.0001738, 	122.35, 	0.00017329, 	0.00833947, 	0.294304%, 	0.190000%, 	0.104304%
2020-04-09 10:53:05, 	Binance     , 	Poloniex    , 	GAS/BTC, 	0.0001738, 	111.71, 	0.00017329, 	0.00833947, 	0.294304%, 	0.190000%, 	0.104304%
2020-04-09 10:53:20, 	Binance     , 	Poloniex    , 	GAS/BTC, 	0.0001738, 	111.71, 	0.00017329, 	0.00833947, 	0.294304%, 	0.190000%, 	0.104304%
2020-04-09 10:53:35, 	Binance     , 	Poloniex    , 	GAS/BTC, 	0.0001735, 	11.53, 	0.00017329, 	0.00833947, 	0.121184%, 	0.190000%, 	-0.068816%
2020-04-09 11:33:25, 	Binance     , 	Poloniex    , 	GAS/BTC, 	0.0001759, 	2.83, 	0.00017496, 	1.1498, 	0.537266%, 	0.190000%, 	0.347266%
2020-04-09 11:33:40, 	Binance     , 	Poloniex    , 	GAS/BTC, 	0.0001759, 	2.83, 	0.00017494, 	1.1498, 	0.548760%, 	0.190000%, 	0.358760%
2020-04-09 11:33:55, 	Binance     , 	Poloniex    , 	GAS/BTC, 	0.0001759, 	2.83, 	0.00017494, 	1.1498, 	0.548760%, 	0.190000%, 	0.358760%
2020-04-09 11:34:10, 	Binance     , 	Poloniex    , 	GAS/BTC, 	0.0001759, 	2.83, 	0.00017492, 	1.1498, 	0.560256%, 	0.190000%, 	0.370256%
2020-04-09 11:34:25, 	Binance     , 	Poloniex    , 	GAS/BTC, 	0.0001759, 	2.83, 	0.00017492, 	1.1498, 	0.560256%, 	0.190000%, 	0.370256%
2020-04-09 11:34:40, 	Binance     , 	Poloniex    , 	GAS/BTC, 	0.0001755, 	302.23, 	0.00017492, 	1.1498, 	0.331580%, 	0.190000%, 	0.141580%
2020-04-09 11:34:55, 	Binance     , 	Poloniex    , 	GAS/BTC, 	0.0001755, 	302.23, 	0.0001749, 	1.1498, 	0.343053%, 	0.190000%, 	0.153053%
2020-04-09 11:35:10, 	Binance     , 	Poloniex    , 	GAS/BTC, 	0.0001755, 	301.37, 	0.0001749, 	1.1498, 	0.343053%, 	0.190000%, 	0.153053%
2020-04-09 11:35:25, 	Binance     , 	Poloniex    , 	GAS/BTC, 	0.0001755, 	306.63, 	0.00017488, 	1.1498, 	0.354529%, 	0.190000%, 	0.164529%
2020-04-09 11:35:40, 	Binance     , 	Poloniex    , 	GAS/BTC, 	0.0001755, 	306.63, 	0.00017488, 	1.1498, 	0.354529%, 	0.190000%, 	0.164529%
2020-04-09 11:35:55, 	Binance     , 	Poloniex    , 	GAS/BTC, 	0.0001755, 	305.15, 	0.00017486, 	1.1498, 	0.366007%, 	0.190000%, 	0.176007%
2020-04-09 11:36:10, 	Binance     , 	Poloniex    , 	GAS/BTC, 	0.0001755, 	305.72, 	0.00017486, 	1.1498, 	0.366007%, 	0.190000%, 	0.176007%
2020-04-09 11:36:25, 	Binance     , 	Poloniex    , 	GAS/BTC, 	0.0001755, 	305.72, 	0.00017524, 	1.2554807, 	0.148368%, 	0.190000%, 	-0.041632%
2020-04-09 11:44:11, 	Binance     , 	Poloniex    , 	GAS/BTC, 	0.0001761, 	115.0, 	0.00017458, 	0.45163244, 	0.870661%, 	0.190000%, 	0.680661%
2020-04-09 11:44:26, 	Binance     , 	Poloniex    , 	GAS/BTC, 	0.0001761, 	115.0, 	0.00017524, 	0.5593807, 	0.490756%, 	0.190000%, 	0.300756%
2020-04-09 11:44:41, 	Binance     , 	Poloniex    , 	GAS/BTC, 	0.0001761, 	15.0, 	0.00017524, 	1.25702463, 	0.490756%, 	0.190000%, 	0.300756%
2020-04-09 11:44:56, 	Binance     , 	Poloniex    , 	GAS/BTC, 	0.0001761, 	15.0, 	0.00017524, 	1.25702463, 	0.490756%, 	0.190000%, 	0.300756%
2020-04-09 11:45:11, 	Binance     , 	Poloniex    , 	GAS/BTC, 	0.0001761, 	15.0, 	0.00017524, 	1.25702463, 	0.490756%, 	0.190000%, 	0.300756%
2020-04-09 11:45:26, 	Binance     , 	Poloniex    , 	GAS/BTC, 	0.0001761, 	15.0, 	0.00017524, 	1.25702463, 	0.490756%, 	0.190000%, 	0.300756%
2020-04-09 11:45:41, 	Binance     , 	Poloniex    , 	GAS/BTC, 	0.0001761, 	15.0, 	0.00017524, 	1.25702463, 	0.490756%, 	0.190000%, 	0.300756%
2020-04-09 11:45:56, 	Binance     , 	Poloniex    , 	GAS/BTC, 	0.0001761, 	15.0, 	0.00017524, 	1.25702463, 	0.490756%, 	0.190000%, 	0.300756%
2020-04-09 11:46:11, 	Binance     , 	Poloniex    , 	GAS/BTC, 	0.0001761, 	15.0, 	0.00017524, 	1.25702463, 	0.490756%, 	0.190000%, 	0.300756%
2020-04-09 11:46:26, 	Binance     , 	Poloniex    , 	GAS/BTC, 	0.0001761, 	15.0, 	0.00017524, 	1.25702463, 	0.490756%, 	0.190000%, 	0.300756%
2020-04-09 11:46:41, 	Binance     , 	Poloniex    , 	GAS/BTC, 	0.0001761, 	15.0, 	0.00017524, 	1.25702463, 	0.490756%, 	0.190000%, 	0.300756%
2020-04-09 11:46:56, 	Binance     , 	Poloniex    , 	GAS/BTC, 	0.0001761, 	15.0, 	0.00017524, 	1.25702463, 	0.490756%, 	0.190000%, 	0.300756%
2020-04-09 11:47:11, 	Binance     , 	Poloniex    , 	GAS/BTC, 	0.0001761, 	5.12, 	0.00017524, 	1.25702463, 	0.490756%, 	0.190000%, 	0.300756%
2020-04-09 11:47:26, 	Binance     , 	Poloniex    , 	GAS/BTC, 	0.0001761, 	5.12, 	0.00017524, 	1.25702463, 	0.490756%, 	0.190000%, 	0.300756%
2020-04-09 11:47:41, 	Binance     , 	Poloniex    , 	GAS/BTC, 	0.0001761, 	5.12, 	0.00017524, 	1.25702463, 	0.490756%, 	0.190000%, 	0.300756%
2020-04-09 11:47:56, 	Binance     , 	Poloniex    , 	GAS/BTC, 	0.0001765, 	11.33, 	0.00017524, 	1.25702463, 	0.719014%, 	0.190000%, 	0.529014%
2020-04-09 11:48:11, 	Binance     , 	Poloniex    , 	GAS/BTC, 	0.0001765, 	11.33, 	0.00017524, 	1.25702463, 	0.719014%, 	0.190000%, 	0.529014%
2020-04-09 11:48:26, 	Binance     , 	Poloniex    , 	GAS/BTC, 	0.0001765, 	11.33, 	0.00017524, 	1.25702463, 	0.719014%, 	0.190000%, 	0.529014%
2020-04-09 11:48:41, 	Binance     , 	Poloniex    , 	GAS/BTC, 	0.0001765, 	11.33, 	0.00017524, 	1.25702463, 	0.719014%, 	0.190000%, 	0.529014%
2020-04-09 11:48:56, 	Binance     , 	Poloniex    , 	GAS/BTC, 	0.0001765, 	11.33, 	0.00017524, 	1.25702463, 	0.719014%, 	0.190000%, 	0.529014%
2020-04-09 11:49:11, 	Binance     , 	Poloniex    , 	GAS/BTC, 	0.0001765, 	11.33, 	0.00017524, 	1.25702463, 	0.719014%, 	0.190000%, 	0.529014%
2020-04-09 11:49:26, 	Binance     , 	Poloniex    , 	GAS/BTC, 	0.0001765, 	11.33, 	0.00017524, 	1.25702463, 	0.719014%, 	0.190000%, 	0.529014%
2020-04-09 11:49:41, 	Binance     , 	Poloniex    , 	GAS/BTC, 	0.0001765, 	11.33, 	0.00017524, 	1.25702463, 	0.719014%, 	0.190000%, 	0.529014%
2020-04-09 11:49:56, 	Binance     , 	Poloniex    , 	GAS/BTC, 	0.0001765, 	11.33, 	0.00017524, 	1.25702463, 	0.719014%, 	0.190000%, 	0.529014%
2020-04-09 11:50:11, 	Binance     , 	Poloniex    , 	GAS/BTC, 	0.0001765, 	11.33, 	0.00017524, 	1.25702463, 	0.719014%, 	0.190000%, 	0.529014%
2020-04-09 11:50:26, 	Binance     , 	Poloniex    , 	GAS/BTC, 	0.0001765, 	11.33, 	0.00017524, 	1.25702463, 	0.719014%, 	0.190000%, 	0.529014%
2020-04-09 11:50:41, 	Binance     , 	Poloniex    , 	GAS/BTC, 	0.0001765, 	11.33, 	0.00017524, 	1.25702463, 	0.719014%, 	0.190000%, 	0.529014%
2020-04-09 11:50:56, 	Binance     , 	Poloniex    , 	GAS/BTC, 	0.0001765, 	11.33, 	0.00017524, 	1.25702463, 	0.719014%, 	0.190000%, 	0.529014%
2020-04-09 11:51:11, 	Binance     , 	Poloniex    , 	GAS/BTC, 	0.0001765, 	11.33, 	0.00017524, 	1.25702463, 	0.719014%, 	0.190000%, 	0.529014%
2020-04-09 11:51:26, 	Binance     , 	Poloniex    , 	GAS/BTC, 	0.0001765, 	11.33, 	0.00017524, 	1.25702463, 	0.719014%, 	0.190000%, 	0.529014%
2020-04-09 11:51:41, 	Binance     , 	Poloniex    , 	GAS/BTC, 	0.0001765, 	11.33, 	0.00017524, 	1.25702463, 	0.719014%, 	0.190000%, 	0.529014%
2020-04-09 11:51:56, 	Binance     , 	Poloniex    , 	GAS/BTC, 	0.0001765, 	11.33, 	0.00017524, 	1.25702463, 	0.719014%, 	0.190000%, 	0.529014%
2020-04-09 11:52:11, 	Binance     , 	Poloniex    , 	GAS/BTC, 	0.0001765, 	11.33, 	0.00017524, 	1.25702463, 	0.719014%, 	0.190000%, 	0.529014%
2020-04-09 11:52:26, 	Binance     , 	Poloniex    , 	GAS/BTC, 	0.0001765, 	11.33, 	0.00017524, 	1.25702463, 	0.719014%, 	0.190000%, 	0.529014%
2020-04-09 11:52:41, 	Binance     , 	Poloniex    , 	GAS/BTC, 	0.0001761, 	5.12, 	0.00017524, 	1.25702463, 	0.490756%, 	0.190000%, 	0.300756%
2020-04-09 11:52:56, 	Binance     , 	Poloniex    , 	GAS/BTC, 	0.0001761, 	5.12, 	0.00017524, 	1.25702463, 	0.490756%, 	0.190000%, 	0.300756%
2020-04-09 11:53:11, 	Binance     , 	Poloniex    , 	GAS/BTC, 	0.0001761, 	5.12, 	0.00017524, 	1.25702463, 	0.490756%, 	0.190000%, 	0.300756%
2020-04-09 11:53:26, 	Binance     , 	Poloniex    , 	GAS/BTC, 	0.0001761, 	5.12, 	0.00017524, 	1.25702463, 	0.490756%, 	0.190000%, 	0.300756%
2020-04-09 11:53:41, 	Binance     , 	Poloniex    , 	GAS/BTC, 	0.0001761, 	5.12, 	0.00017524, 	1.25702463, 	0.490756%, 	0.190000%, 	0.300756%
2020-04-09 11:53:56, 	Binance     , 	Poloniex    , 	GAS/BTC, 	0.0001761, 	5.12, 	0.00017524, 	1.25702463, 	0.490756%, 	0.190000%, 	0.300756%
2020-04-09 11:54:11, 	Binance     , 	Poloniex    , 	GAS/BTC, 	0.0001761, 	5.12, 	0.00017524, 	1.25702463, 	0.490756%, 	0.190000%, 	0.300756%
2020-04-09 11:54:26, 	Binance     , 	Poloniex    , 	GAS/BTC, 	0.0001761, 	5.12, 	0.00017524, 	1.25702463, 	0.490756%, 	0.190000%, 	0.300756%
2020-04-09 11:54:41, 	Binance     , 	Poloniex    , 	GAS/BTC, 	0.0001761, 	5.12, 	0.00017524, 	1.25702463, 	0.490756%, 	0.190000%, 	0.300756%
2020-04-09 11:54:56, 	Binance     , 	Poloniex    , 	GAS/BTC, 	0.0001761, 	5.12, 	0.00017524, 	1.25702463, 	0.490756%, 	0.190000%, 	0.300756%
2020-04-09 11:55:11, 	Binance     , 	Poloniex    , 	GAS/BTC, 	0.0001761, 	5.12, 	0.00017524, 	1.25702463, 	0.490756%, 	0.190000%, 	0.300756%
2020-04-09 11:55:26, 	Binance     , 	Poloniex    , 	GAS/BTC, 	0.0001761, 	5.12, 	0.00017524, 	1.25702463, 	0.490756%, 	0.190000%, 	0.300756%
2020-04-09 11:55:41, 	Binance     , 	Poloniex    , 	GAS/BTC, 	0.0001761, 	5.12, 	0.00017524, 	1.25702463, 	0.490756%, 	0.190000%, 	0.300756%
2020-04-09 11:55:56, 	Binance     , 	Poloniex    , 	GAS/BTC, 	0.0001761, 	5.12, 	0.00017524, 	1.25702463, 	0.490756%, 	0.190000%, 	0.300756%
2020-04-09 11:56:11, 	Binance     , 	Poloniex    , 	GAS/BTC, 	0.0001761, 	5.12, 	0.00017524, 	1.25702463, 	0.490756%, 	0.190000%, 	0.300756%
2020-04-09 11:56:26, 	Binance     , 	Poloniex    , 	GAS/BTC, 	0.0001765, 	130.9, 	0.00017524, 	1.25702463, 	0.719014%, 	0.190000%, 	0.529014%
2020-04-09 11:56:41, 	Binance     , 	Poloniex    , 	GAS/BTC, 	0.0001765, 	130.9, 	0.00017524, 	1.25702463, 	0.719014%, 	0.190000%, 	0.529014%
2020-04-09 11:56:56, 	Binance     , 	Poloniex    , 	GAS/BTC, 	0.0001765, 	130.9, 	0.00017524, 	1.25702463, 	0.719014%, 	0.190000%, 	0.529014%
2020-04-09 11:57:11, 	Binance     , 	Poloniex    , 	GAS/BTC, 	0.0001765, 	130.9, 	0.00017524, 	1.25702463, 	0.719014%, 	0.190000%, 	0.529014%
2020-04-09 11:57:26, 	Binance     , 	Poloniex    , 	GAS/BTC, 	0.0001765, 	119.9, 	0.00017524, 	1.25702463, 	0.719014%, 	0.190000%, 	0.529014%
2020-04-09 11:57:41, 	Binance     , 	Poloniex    , 	GAS/BTC, 	0.0001765, 	21.89, 	0.00017524, 	1.25702463, 	0.719014%, 	0.190000%, 	0.529014%
2020-04-09 11:57:56, 	Binance     , 	Poloniex    , 	GAS/BTC, 	0.0001765, 	21.89, 	0.00017524, 	1.25702463, 	0.719014%, 	0.190000%, 	0.529014%
2020-04-09 11:58:11, 	Binance     , 	Poloniex    , 	GAS/BTC, 	0.0001765, 	21.89, 	0.00017524, 	1.25702463, 	0.719014%, 	0.190000%, 	0.529014%
2020-04-09 11:58:26, 	Binance     , 	Poloniex    , 	GAS/BTC, 	0.0001765, 	21.89, 	0.00017524, 	1.25702463, 	0.719014%, 	0.190000%, 	0.529014%
2020-04-09 11:58:41, 	Binance     , 	Poloniex    , 	GAS/BTC, 	0.0001765, 	21.89, 	0.00017524, 	1.25702463, 	0.719014%, 	0.190000%, 	0.529014%
2020-04-09 11:58:56, 	Binance     , 	Poloniex    , 	GAS/BTC, 	0.0001765, 	21.89, 	0.00017524, 	1.25702463, 	0.719014%, 	0.190000%, 	0.529014%
2020-04-09 11:59:11, 	Binance     , 	Poloniex    , 	GAS/BTC, 	0.0001765, 	21.89, 	0.00017524, 	1.25702463, 	0.719014%, 	0.190000%, 	0.529014%
2020-04-09 11:59:26, 	Binance     , 	Poloniex    , 	GAS/BTC, 	0.0001765, 	21.89, 	0.00017524, 	1.25702463, 	0.719014%, 	0.190000%, 	0.529014%
2020-04-09 11:59:41, 	Binance     , 	Poloniex    , 	GAS/BTC, 	0.0001765, 	21.89, 	0.00017524, 	1.25702463, 	0.719014%, 	0.190000%, 	0.529014%
2020-04-09 11:59:56, 	Binance     , 	Poloniex    , 	GAS/BTC, 	0.0001765, 	2.06, 	0.00017524, 	1.25702463, 	0.719014%, 	0.190000%, 	0.529014%
2020-04-09 12:00:11, 	Binance     , 	Poloniex    , 	GAS/BTC, 	0.0001765, 	2.06, 	0.00017524, 	1.25702463, 	0.719014%, 	0.190000%, 	0.529014%
2020-04-09 12:00:26, 	Binance     , 	Poloniex    , 	GAS/BTC, 	0.0001765, 	2.06, 	0.00017524, 	1.25702463, 	0.719014%, 	0.190000%, 	0.529014%
