2020-04-07 20:24:50, 	Bittrex     , 	OKEX        , 	APM/USDT, 	0.18901534, 	376.5940758, 	0.18815, 	261.63564845, 	0.459920%, 	0.400000%, 	0.059920%
2020-04-07 20:25:20, 	Bittrex     , 	OKEX        , 	APM/USDT, 	0.18901534, 	376.5940758, 	0.18815, 	261.63564845, 	0.459920%, 	0.400000%, 	0.059920%
2020-04-07 20:25:50, 	Bittrex     , 	OKEX        , 	APM/USDT, 	0.18901534, 	376.5940758, 	0.18815, 	261.63564845, 	0.459920%, 	0.400000%, 	0.059920%
2020-04-07 20:26:20, 	Bittrex     , 	OKEX        , 	APM/USDT, 	0.18901534, 	376.5940758, 	0.18815, 	261.63564845, 	0.459920%, 	0.400000%, 	0.059920%
2020-04-07 20:26:50, 	Bittrex     , 	OKEX        , 	APM/USDT, 	0.18901534, 	376.5940758, 	0.18815, 	261.63564845, 	0.459920%, 	0.400000%, 	0.059920%
2020-04-07 20:27:20, 	Bittrex     , 	OKEX        , 	APM/USDT, 	0.18901534, 	376.5940758, 	0.18815, 	261.63564845, 	0.459920%, 	0.400000%, 	0.059920%
2020-04-07 20:27:50, 	Bittrex     , 	OKEX        , 	APM/USDT, 	0.18901534, 	376.5940758, 	0.18815, 	261.63564845, 	0.459920%, 	0.400000%, 	0.059920%
2020-04-07 20:28:20, 	Bittrex     , 	OKEX        , 	APM/USDT, 	0.18901534, 	376.5940758, 	0.18815, 	261.63564845, 	0.459920%, 	0.400000%, 	0.059920%
2020-04-07 20:28:50, 	Bittrex     , 	OKEX        , 	APM/USDT, 	0.18901534, 	376.5940758, 	0.18815, 	261.63564845, 	0.459920%, 	0.400000%, 	0.059920%
2020-04-07 20:29:20, 	Bittrex     , 	OKEX        , 	APM/USDT, 	0.18901534, 	376.5940758, 	0.18815, 	261.63564845, 	0.459920%, 	0.400000%, 	0.059920%
2020-04-07 20:29:50, 	Bittrex     , 	OKEX        , 	APM/USDT, 	0.18901534, 	376.5940758, 	0.18815, 	261.63564845, 	0.459920%, 	0.400000%, 	0.059920%
2020-04-07 20:30:20, 	Bittrex     , 	OKEX        , 	APM/USDT, 	0.18901534, 	376.5940758, 	0.18815, 	261.63564845, 	0.459920%, 	0.400000%, 	0.059920%
2020-04-07 20:30:50, 	Bittrex     , 	OKEX        , 	APM/USDT, 	0.18901534, 	376.5940758, 	0.18815, 	261.63564845, 	0.459920%, 	0.400000%, 	0.059920%
2020-04-07 20:31:20, 	Bittrex     , 	OKEX        , 	APM/USDT, 	0.18901534, 	376.5940758, 	0.18815, 	261.63564845, 	0.459920%, 	0.400000%, 	0.059920%
2020-04-07 20:31:50, 	Bittrex     , 	OKEX        , 	APM/USDT, 	0.18901534, 	376.5940758, 	0.18815, 	261.63564845, 	0.459920%, 	0.400000%, 	0.059920%
2020-04-07 20:32:20, 	Bittrex     , 	OKEX        , 	APM/USDT, 	0.18901534, 	376.5940758, 	0.18815, 	261.63564845, 	0.459920%, 	0.400000%, 	0.059920%
2020-04-07 20:32:50, 	Bittrex     , 	OKEX        , 	APM/USDT, 	0.18901534, 	376.5940758, 	0.18815, 	261.63564845, 	0.459920%, 	0.400000%, 	0.059920%
2020-04-07 20:33:20, 	Bittrex     , 	OKEX        , 	APM/USDT, 	0.18901534, 	376.5940758, 	0.18815, 	261.63564845, 	0.459920%, 	0.400000%, 	0.059920%
2020-04-07 20:33:50, 	Bittrex     , 	OKEX        , 	APM/USDT, 	0.18901534, 	376.5940758, 	0.18815, 	261.63564845, 	0.459920%, 	0.400000%, 	0.059920%
2020-04-07 20:34:20, 	Bittrex     , 	OKEX        , 	APM/USDT, 	0.18901534, 	376.5940758, 	0.18815, 	261.63564845, 	0.459920%, 	0.400000%, 	0.059920%
2020-04-07 20:34:50, 	Bittrex     , 	OKEX        , 	APM/USDT, 	0.18901534, 	376.5940758, 	0.18815, 	261.63564845, 	0.459920%, 	0.400000%, 	0.059920%
2020-04-07 20:35:20, 	Bittrex     , 	OKEX        , 	APM/USDT, 	0.18901534, 	376.5940758, 	0.18815, 	261.63564845, 	0.459920%, 	0.400000%, 	0.059920%
2020-04-07 20:35:50, 	Bittrex     , 	OKEX        , 	APM/USDT, 	0.18901534, 	376.5940758, 	0.18815, 	261.63564845, 	0.459920%, 	0.400000%, 	0.059920%
2020-04-07 20:36:20, 	Bittrex     , 	OKEX        , 	APM/USDT, 	0.18901534, 	376.5940758, 	0.18815, 	261.63564845, 	0.459920%, 	0.400000%, 	0.059920%
2020-04-07 20:36:50, 	Bittrex     , 	OKEX        , 	APM/USDT, 	0.18901534, 	376.5940758, 	0.18815, 	261.63564845, 	0.459920%, 	0.400000%, 	0.059920%
2020-04-07 20:37:20, 	Bittrex     , 	OKEX        , 	APM/USDT, 	0.18901534, 	376.5940758, 	0.18815, 	261.63564845, 	0.459920%, 	0.400000%, 	0.059920%
2020-04-07 20:37:50, 	Bittrex     , 	OKEX        , 	APM/USDT, 	0.18901534, 	376.5940758, 	0.18815, 	261.63564845, 	0.459920%, 	0.400000%, 	0.059920%
2020-04-07 20:38:20, 	Bittrex     , 	OKEX        , 	APM/USDT, 	0.18901534, 	376.5940758, 	0.18815, 	261.63564845, 	0.459920%, 	0.400000%, 	0.059920%
2020-04-07 20:38:50, 	Bittrex     , 	OKEX        , 	APM/USDT, 	0.18901534, 	376.5940758, 	0.18815, 	261.63564845, 	0.459920%, 	0.400000%, 	0.059920%
2020-04-07 20:39:20, 	Bittrex     , 	OKEX        , 	APM/USDT, 	0.18901534, 	376.5940758, 	0.18815, 	261.63564845, 	0.459920%, 	0.400000%, 	0.059920%
2020-04-08 17:21:32, 	Bittrex     , 	OKEX        , 	APM/USDT, 	0.18601651, 	145.05475772, 	0.1836, 	1724.107, 	1.316182%, 	0.400000%, 	0.916182%
2020-04-08 17:21:47, 	Bittrex     , 	OKEX        , 	APM/USDT, 	0.18601651, 	145.05475772, 	0.1836, 	1724.107, 	1.316182%, 	0.400000%, 	0.916182%
2020-04-08 17:22:02, 	Bittrex     , 	OKEX        , 	APM/USDT, 	0.18601651, 	145.05475772, 	0.1836, 	1724.107, 	1.316182%, 	0.400000%, 	0.916182%
2020-04-08 17:22:17, 	Bittrex     , 	OKEX        , 	APM/USDT, 	0.18601651, 	145.05475772, 	0.1836, 	1724.107, 	1.316182%, 	0.400000%, 	0.916182%
2020-04-08 17:22:32, 	Bittrex     , 	OKEX        , 	APM/USDT, 	0.18601651, 	145.05475772, 	0.1836, 	1724.107, 	1.316182%, 	0.400000%, 	0.916182%
2020-04-08 17:22:47, 	Bittrex     , 	OKEX        , 	APM/USDT, 	0.18601651, 	133.78987308, 	0.1836, 	1724.107, 	1.316182%, 	0.400000%, 	0.916182%
2020-04-08 17:23:02, 	Bittrex     , 	OKEX        , 	APM/USDT, 	0.18601651, 	122.61678792, 	0.1836, 	1724.107, 	1.316182%, 	0.400000%, 	0.916182%
2020-04-08 17:23:17, 	Bittrex     , 	OKEX        , 	APM/USDT, 	0.18601651, 	122.61678792, 	0.1836, 	1724.107, 	1.316182%, 	0.400000%, 	0.916182%
2020-04-08 17:23:32, 	Bittrex     , 	OKEX        , 	APM/USDT, 	0.18601651, 	122.61678792, 	0.1836, 	1724.107, 	1.316182%, 	0.400000%, 	0.916182%
2020-04-08 17:23:47, 	Bittrex     , 	OKEX        , 	APM/USDT, 	0.18601651, 	122.61678792, 	0.1836, 	1724.107, 	1.316182%, 	0.400000%, 	0.916182%
2020-04-08 17:24:02, 	Bittrex     , 	OKEX        , 	APM/USDT, 	0.18601651, 	122.61678792, 	0.1836, 	141.3184, 	1.316182%, 	0.400000%, 	0.916182%
2020-04-08 17:24:17, 	Bittrex     , 	OKEX        , 	APM/USDT, 	0.18601651, 	122.61678792, 	0.1836, 	141.3184, 	1.316182%, 	0.400000%, 	0.916182%
2020-04-08 17:24:32, 	Bittrex     , 	OKEX        , 	APM/USDT, 	0.18601651, 	122.61678792, 	0.1836, 	141.3184, 	1.316182%, 	0.400000%, 	0.916182%
2020-04-08 17:24:47, 	Bittrex     , 	OKEX        , 	APM/USDT, 	0.18601651, 	122.61678792, 	0.1836, 	141.3184, 	1.316182%, 	0.400000%, 	0.916182%
2020-04-08 17:25:02, 	Bittrex     , 	OKEX        , 	APM/USDT, 	0.18601651, 	122.61678792, 	0.1836, 	141.3184, 	1.316182%, 	0.400000%, 	0.916182%
2020-04-08 17:25:17, 	Bittrex     , 	OKEX        , 	APM/USDT, 	0.18601651, 	122.61678792, 	0.1836, 	141.3184, 	1.316182%, 	0.400000%, 	0.916182%
2020-04-08 17:25:32, 	Bittrex     , 	OKEX        , 	APM/USDT, 	0.18601651, 	111.36002461, 	0.1836, 	141.3184, 	1.316182%, 	0.400000%, 	0.916182%
2020-04-08 17:25:47, 	Bittrex     , 	OKEX        , 	APM/USDT, 	0.18601651, 	100.1949946, 	0.1836, 	141.3184, 	1.316182%, 	0.400000%, 	0.916182%
2020-04-08 17:26:02, 	Bittrex     , 	OKEX        , 	APM/USDT, 	0.18601651, 	100.1949946, 	0.1836, 	141.3184, 	1.316182%, 	0.400000%, 	0.916182%
2020-04-08 17:26:17, 	Bittrex     , 	OKEX        , 	APM/USDT, 	0.18601651, 	100.1949946, 	0.1836, 	141.3184, 	1.316182%, 	0.400000%, 	0.916182%
2020-04-08 17:26:32, 	Bittrex     , 	OKEX        , 	APM/USDT, 	0.18601651, 	100.1949946, 	0.1836, 	141.3184, 	1.316182%, 	0.400000%, 	0.916182%
2020-04-08 17:26:47, 	Bittrex     , 	OKEX        , 	APM/USDT, 	0.18601651, 	100.1949946, 	0.1836, 	141.3184, 	1.316182%, 	0.400000%, 	0.916182%
2020-04-08 17:27:02, 	Bittrex     , 	OKEX        , 	APM/USDT, 	0.18601651, 	100.1949946, 	0.1836, 	141.3184, 	1.316182%, 	0.400000%, 	0.916182%
2020-04-08 17:27:17, 	Bittrex     , 	OKEX        , 	APM/USDT, 	0.18601651, 	100.1949946, 	0.1836, 	141.3184, 	1.316182%, 	0.400000%, 	0.916182%
2020-04-08 17:27:32, 	Bittrex     , 	OKEX        , 	APM/USDT, 	0.18601651, 	100.1949946, 	0.1836, 	141.3184, 	1.316182%, 	0.400000%, 	0.916182%
2020-04-08 17:27:47, 	Bittrex     , 	OKEX        , 	APM/USDT, 	0.18601651, 	100.1949946, 	0.1836, 	141.3184, 	1.316182%, 	0.400000%, 	0.916182%
2020-04-08 17:28:02, 	Bittrex     , 	OKEX        , 	APM/USDT, 	0.18601651, 	100.1949946, 	0.1836, 	141.3184, 	1.316182%, 	0.400000%, 	0.916182%
2020-04-08 17:28:17, 	Bittrex     , 	OKEX        , 	APM/USDT, 	0.18601651, 	88.84543567, 	0.1836, 	141.3184, 	1.316182%, 	0.400000%, 	0.916182%
2020-04-08 17:28:32, 	Bittrex     , 	OKEX        , 	APM/USDT, 	0.18601651, 	77.58836622, 	0.1836, 	42.9057, 	1.316182%, 	0.400000%, 	0.916182%
2020-04-08 17:28:47, 	Bittrex     , 	OKEX        , 	APM/USDT, 	0.18601651, 	77.58836622, 	0.1836, 	42.9057, 	1.316182%, 	0.400000%, 	0.916182%
2020-04-08 17:29:02, 	Bittrex     , 	OKEX        , 	APM/USDT, 	0.18601651, 	77.58836622, 	0.1836, 	42.9057, 	1.316182%, 	0.400000%, 	0.916182%
2020-04-08 17:29:17, 	Bittrex     , 	OKEX        , 	APM/USDT, 	0.18601651, 	77.58836622, 	0.1836, 	42.9057, 	1.316182%, 	0.400000%, 	0.916182%
2020-04-08 17:29:32, 	Bittrex     , 	OKEX        , 	APM/USDT, 	0.18601651, 	77.58836622, 	0.1836, 	42.9057, 	1.316182%, 	0.400000%, 	0.916182%
2020-04-08 17:29:47, 	Bittrex     , 	OKEX        , 	APM/USDT, 	0.18601651, 	77.58836622, 	0.1836, 	42.9057, 	1.316182%, 	0.400000%, 	0.916182%
2020-04-08 17:30:02, 	Bittrex     , 	OKEX        , 	APM/USDT, 	0.18601651, 	77.58836622, 	0.1836, 	42.9057, 	1.316182%, 	0.400000%, 	0.916182%
2020-04-08 17:30:17, 	Bittrex     , 	OKEX        , 	APM/USDT, 	0.18601651, 	77.58836622, 	0.1836, 	42.9057, 	1.316182%, 	0.400000%, 	0.916182%
2020-04-08 17:30:32, 	Bittrex     , 	OKEX        , 	APM/USDT, 	0.18601651, 	77.58836622, 	0.1836, 	42.9057, 	1.316182%, 	0.400000%, 	0.916182%
2020-04-08 17:30:47, 	Bittrex     , 	OKEX        , 	APM/USDT, 	0.18601651, 	62.58836622, 	0.1836, 	42.9057, 	1.316182%, 	0.400000%, 	0.916182%
2020-04-08 17:31:02, 	Bittrex     , 	OKEX        , 	APM/USDT, 	0.18601651, 	51.46905127, 	0.1836, 	42.9057, 	1.316182%, 	0.400000%, 	0.916182%
2020-04-08 17:31:17, 	Bittrex     , 	OKEX        , 	APM/USDT, 	0.18601651, 	40.44034949, 	0.1836, 	42.9057, 	1.316182%, 	0.400000%, 	0.916182%
2020-04-08 17:31:32, 	Bittrex     , 	OKEX        , 	APM/USDT, 	0.18601651, 	40.44034949, 	0.1836, 	42.9057, 	1.316182%, 	0.400000%, 	0.916182%
2020-04-08 17:31:47, 	Bittrex     , 	OKEX        , 	APM/USDT, 	0.18601651, 	40.44034949, 	0.1836, 	42.9057, 	1.316182%, 	0.400000%, 	0.916182%
2020-04-08 17:32:02, 	Bittrex     , 	OKEX        , 	APM/USDT, 	0.18601651, 	40.44034949, 	0.1836, 	42.9057, 	1.316182%, 	0.400000%, 	0.916182%
2020-04-08 17:32:17, 	Bittrex     , 	OKEX        , 	APM/USDT, 	0.18601651, 	40.44034949, 	0.1836, 	42.9057, 	1.316182%, 	0.400000%, 	0.916182%
2020-04-08 17:32:32, 	Bittrex     , 	OKEX        , 	APM/USDT, 	0.18601651, 	40.44034949, 	0.1836, 	42.9057, 	1.316182%, 	0.400000%, 	0.916182%
2020-04-08 17:32:47, 	Bittrex     , 	OKEX        , 	APM/USDT, 	0.18601651, 	40.44034949, 	0.1836, 	42.9057, 	1.316182%, 	0.400000%, 	0.916182%
2020-04-08 17:33:02, 	Bittrex     , 	OKEX        , 	APM/USDT, 	0.18601651, 	40.44034949, 	0.1836, 	42.9057, 	1.316182%, 	0.400000%, 	0.916182%
2020-04-08 17:33:17, 	Bittrex     , 	OKEX        , 	APM/USDT, 	0.18601651, 	25.44034949, 	0.1836, 	42.9057, 	1.316182%, 	0.400000%, 	0.916182%
2020-04-08 17:33:32, 	Bittrex     , 	OKEX        , 	APM/USDT, 	0.18601651, 	25.44034949, 	0.1836, 	42.9057, 	1.316182%, 	0.400000%, 	0.916182%
2020-04-08 17:33:47, 	Bittrex     , 	OKEX        , 	APM/USDT, 	0.18601651, 	25.44034949, 	0.1836, 	42.9057, 	1.316182%, 	0.400000%, 	0.916182%
2020-04-08 17:34:02, 	Bittrex     , 	OKEX        , 	APM/USDT, 	0.18601651, 	25.44034949, 	0.1836, 	42.9057, 	1.316182%, 	0.400000%, 	0.916182%
2020-04-08 17:34:17, 	Bittrex     , 	OKEX        , 	APM/USDT, 	0.18601651, 	25.44034949, 	0.1836, 	42.9057, 	1.316182%, 	0.400000%, 	0.916182%
2020-04-08 17:34:32, 	Bittrex     , 	OKEX        , 	APM/USDT, 	0.18601651, 	25.44034949, 	0.1836, 	42.9057, 	1.316182%, 	0.400000%, 	0.916182%
2020-04-08 17:34:47, 	Bittrex     , 	OKEX        , 	APM/USDT, 	0.18601651, 	25.44034949, 	0.1836, 	42.9057, 	1.316182%, 	0.400000%, 	0.916182%
2020-04-08 17:35:02, 	Bittrex     , 	OKEX        , 	APM/USDT, 	0.18601651, 	25.44034949, 	0.1836, 	42.9057, 	1.316182%, 	0.400000%, 	0.916182%
2020-04-08 17:35:17, 	Bittrex     , 	OKEX        , 	APM/USDT, 	0.18601651, 	25.44034949, 	0.1836, 	42.9057, 	1.316182%, 	0.400000%, 	0.916182%
2020-04-08 17:35:32, 	Bittrex     , 	OKEX        , 	APM/USDT, 	0.18601651, 	10.44034949, 	0.1836, 	42.9057, 	1.316182%, 	0.400000%, 	0.916182%
2020-04-08 17:35:47, 	Bittrex     , 	OKEX        , 	APM/USDT, 	0.18601651, 	10.44034949, 	0.1836, 	42.9057, 	1.316182%, 	0.400000%, 	0.916182%
2020-04-08 17:36:02, 	Bittrex     , 	OKEX        , 	APM/USDT, 	0.18601651, 	10.44034949, 	0.1836, 	3.1601, 	1.316182%, 	0.400000%, 	0.916182%
2020-04-08 17:36:17, 	Bittrex     , 	OKEX        , 	APM/USDT, 	0.18601651, 	10.44034949, 	0.1836, 	3.1601, 	1.316182%, 	0.400000%, 	0.916182%
2020-04-08 17:36:32, 	Bittrex     , 	OKEX        , 	APM/USDT, 	0.18601651, 	10.44034949, 	0.1836, 	3.1601, 	1.316182%, 	0.400000%, 	0.916182%
2020-04-08 17:36:47, 	Bittrex     , 	OKEX        , 	APM/USDT, 	0.18601651, 	10.44034949, 	0.1836, 	3.1601, 	1.316182%, 	0.400000%, 	0.916182%
2020-04-08 17:37:02, 	Bittrex     , 	OKEX        , 	APM/USDT, 	0.18601651, 	10.44034949, 	0.1836, 	3.1601, 	1.316182%, 	0.400000%, 	0.916182%
2020-04-08 17:37:17, 	Bittrex     , 	OKEX        , 	APM/USDT, 	0.18601651, 	10.44034949, 	0.1836, 	3.1601, 	1.316182%, 	0.400000%, 	0.916182%
2020-04-08 17:37:32, 	Bittrex     , 	OKEX        , 	APM/USDT, 	0.18601651, 	10.44034949, 	0.1836, 	3.1601, 	1.316182%, 	0.400000%, 	0.916182%
2020-04-08 17:37:47, 	Bittrex     , 	OKEX        , 	APM/USDT, 	0.18595983, 	420.96656746, 	0.1836, 	3.1601, 	1.285310%, 	0.400000%, 	0.885310%
2020-04-08 17:38:02, 	Bittrex     , 	OKEX        , 	APM/USDT, 	0.18595983, 	420.96656746, 	0.1836, 	3.1601, 	1.285310%, 	0.400000%, 	0.885310%
2020-04-08 17:38:17, 	Bittrex     , 	OKEX        , 	APM/USDT, 	0.18595983, 	420.96656746, 	0.1836, 	3.1601, 	1.285310%, 	0.400000%, 	0.885310%
2020-04-08 17:38:32, 	Bittrex     , 	OKEX        , 	APM/USDT, 	0.18595983, 	420.96656746, 	0.1836, 	3.1601, 	1.285310%, 	0.400000%, 	0.885310%
2020-04-08 17:38:47, 	Bittrex     , 	OKEX        , 	APM/USDT, 	0.18595983, 	420.96656746, 	0.1836, 	3.1601, 	1.285310%, 	0.400000%, 	0.885310%
2020-04-08 17:39:02, 	Bittrex     , 	OKEX        , 	APM/USDT, 	0.18595983, 	420.96656746, 	0.1836, 	3.1601, 	1.285310%, 	0.400000%, 	0.885310%
2020-04-08 17:39:17, 	Bittrex     , 	OKEX        , 	APM/USDT, 	0.18595983, 	420.96656746, 	0.1836, 	3.1601, 	1.285310%, 	0.400000%, 	0.885310%
2020-04-08 17:39:32, 	Bittrex     , 	OKEX        , 	APM/USDT, 	0.18595983, 	406.06831688, 	0.1836, 	3.1601, 	1.285310%, 	0.400000%, 	0.885310%
2020-04-08 17:39:47, 	Bittrex     , 	OKEX        , 	APM/USDT, 	0.18595983, 	406.06831688, 	0.1836, 	3.1601, 	1.285310%, 	0.400000%, 	0.885310%
2020-04-08 17:40:02, 	Bittrex     , 	OKEX        , 	APM/USDT, 	0.18595983, 	406.06831688, 	0.1836, 	3.1601, 	1.285310%, 	0.400000%, 	0.885310%
2020-04-08 17:40:17, 	Bittrex     , 	OKEX        , 	APM/USDT, 	0.18595983, 	406.06831688, 	0.1836, 	3.1601, 	1.285310%, 	0.400000%, 	0.885310%
2020-04-08 17:40:32, 	Bittrex     , 	OKEX        , 	APM/USDT, 	0.18595983, 	406.06831688, 	0.1836, 	3.1601, 	1.285310%, 	0.400000%, 	0.885310%
2020-04-08 17:40:47, 	Bittrex     , 	OKEX        , 	APM/USDT, 	0.18595983, 	406.06831688, 	0.1836, 	3.1601, 	1.285310%, 	0.400000%, 	0.885310%
2020-04-08 17:41:02, 	Bittrex     , 	OKEX        , 	APM/USDT, 	0.18595983, 	406.06831688, 	0.1836, 	3.1601, 	1.285310%, 	0.400000%, 	0.885310%
2020-04-08 17:41:17, 	Bittrex     , 	OKEX        , 	APM/USDT, 	0.18595983, 	406.06831688, 	0.1836, 	3.1601, 	1.285310%, 	0.400000%, 	0.885310%
2020-04-08 17:41:32, 	Bittrex     , 	OKEX        , 	APM/USDT, 	0.18595983, 	391.06831688, 	0.1836, 	3.1601, 	1.285310%, 	0.400000%, 	0.885310%
2020-04-08 17:41:47, 	Bittrex     , 	OKEX        , 	APM/USDT, 	0.18595983, 	391.06831688, 	0.1836, 	3.1601, 	1.285310%, 	0.400000%, 	0.885310%
2020-04-08 17:42:02, 	Bittrex     , 	OKEX        , 	APM/USDT, 	0.18595983, 	391.06831688, 	0.1836, 	3.1601, 	1.285310%, 	0.400000%, 	0.885310%
2020-04-08 17:42:17, 	Bittrex     , 	OKEX        , 	APM/USDT, 	0.18595983, 	391.06831688, 	0.1836, 	3.1601, 	1.285310%, 	0.400000%, 	0.885310%
2020-04-08 17:42:32, 	Bittrex     , 	OKEX        , 	APM/USDT, 	0.18595983, 	391.06831688, 	0.1836, 	3.1601, 	1.285310%, 	0.400000%, 	0.885310%
2020-04-08 17:42:47, 	Bittrex     , 	OKEX        , 	APM/USDT, 	0.18595983, 	391.06831688, 	0.1836, 	3.1601, 	1.285310%, 	0.400000%, 	0.885310%
2020-04-08 17:43:02, 	Bittrex     , 	OKEX        , 	APM/USDT, 	0.18595983, 	391.06831688, 	0.1836, 	3.1601, 	1.285310%, 	0.400000%, 	0.885310%
2020-04-08 17:43:17, 	Bittrex     , 	OKEX        , 	APM/USDT, 	0.18595983, 	391.06831688, 	0.1836, 	3.1601, 	1.285310%, 	0.400000%, 	0.885310%
2020-04-08 17:43:32, 	Bittrex     , 	OKEX        , 	APM/USDT, 	0.18595983, 	376.06831688, 	0.1836, 	3.1601, 	1.285310%, 	0.400000%, 	0.885310%
2020-04-08 17:43:47, 	Bittrex     , 	OKEX        , 	APM/USDT, 	0.18595983, 	376.06831688, 	0.1836, 	3.1601, 	1.285310%, 	0.400000%, 	0.885310%
2020-04-08 17:44:02, 	Bittrex     , 	OKEX        , 	APM/USDT, 	0.18595983, 	376.06831688, 	0.1836, 	3.1601, 	1.285310%, 	0.400000%, 	0.885310%
2020-04-08 17:44:17, 	Bittrex     , 	OKEX        , 	APM/USDT, 	0.18595983, 	376.06831688, 	0.1836, 	3.1601, 	1.285310%, 	0.400000%, 	0.885310%
2020-04-08 17:44:32, 	Bittrex     , 	OKEX        , 	APM/USDT, 	0.18595983, 	376.06831688, 	0.1836, 	3.1601, 	1.285310%, 	0.400000%, 	0.885310%
2020-04-08 17:44:47, 	Bittrex     , 	OKEX        , 	APM/USDT, 	0.18595983, 	376.06831688, 	0.1836, 	3.1601, 	1.285310%, 	0.400000%, 	0.885310%
2020-04-08 17:45:02, 	Bittrex     , 	OKEX        , 	APM/USDT, 	0.18595983, 	376.06831688, 	0.1836, 	3.1601, 	1.285310%, 	0.400000%, 	0.885310%
2020-04-08 17:45:17, 	Bittrex     , 	OKEX        , 	APM/USDT, 	0.18595983, 	376.06831688, 	0.1836, 	3.1601, 	1.285310%, 	0.400000%, 	0.885310%
2020-04-08 17:45:32, 	Bittrex     , 	OKEX        , 	APM/USDT, 	0.18595983, 	376.06831688, 	0.1836, 	3.1601, 	1.285310%, 	0.400000%, 	0.885310%
2020-04-08 17:45:47, 	Bittrex     , 	OKEX        , 	APM/USDT, 	0.18595983, 	358.95558464, 	0.1836, 	3.1601, 	1.285310%, 	0.400000%, 	0.885310%
2020-04-08 17:46:02, 	Bittrex     , 	OKEX        , 	APM/USDT, 	0.18595983, 	358.95558464, 	0.1836, 	3.1601, 	1.285310%, 	0.400000%, 	0.885310%
2020-04-08 17:46:17, 	Bittrex     , 	OKEX        , 	APM/USDT, 	0.18595983, 	358.95558464, 	0.1836, 	3.1601, 	1.285310%, 	0.400000%, 	0.885310%
2020-04-08 17:46:32, 	Bittrex     , 	OKEX        , 	APM/USDT, 	0.18595983, 	358.95558464, 	0.1836, 	3.1601, 	1.285310%, 	0.400000%, 	0.885310%
2020-04-08 17:46:47, 	Bittrex     , 	OKEX        , 	APM/USDT, 	0.18595983, 	358.95558464, 	0.1836, 	3.1601, 	1.285310%, 	0.400000%, 	0.885310%
2020-04-08 17:47:02, 	Bittrex     , 	OKEX        , 	APM/USDT, 	0.18595983, 	358.95558464, 	0.1836, 	3.1601, 	1.285310%, 	0.400000%, 	0.885310%
2020-04-08 17:47:17, 	Bittrex     , 	OKEX        , 	APM/USDT, 	0.18595983, 	358.95558464, 	0.1836, 	3.1601, 	1.285310%, 	0.400000%, 	0.885310%
2020-04-08 17:47:32, 	Bittrex     , 	OKEX        , 	APM/USDT, 	0.18595983, 	358.95558464, 	0.1836, 	3.1601, 	1.285310%, 	0.400000%, 	0.885310%
2020-04-08 17:47:47, 	Bittrex     , 	OKEX        , 	APM/USDT, 	0.18595983, 	358.95558464, 	0.1836, 	3.1601, 	1.285310%, 	0.400000%, 	0.885310%
2020-04-08 17:48:02, 	Bittrex     , 	OKEX        , 	APM/USDT, 	0.18595983, 	358.95558464, 	0.1836, 	3.1601, 	1.285310%, 	0.400000%, 	0.885310%
2020-04-08 17:48:17, 	Bittrex     , 	OKEX        , 	APM/USDT, 	0.18595983, 	358.95558464, 	0.1836, 	3.1601, 	1.285310%, 	0.400000%, 	0.885310%
2020-04-08 17:48:32, 	Bittrex     , 	OKEX        , 	APM/USDT, 	0.18595983, 	345.07782217, 	0.1836, 	3.1601, 	1.285310%, 	0.400000%, 	0.885310%
2020-04-08 17:48:47, 	Bittrex     , 	OKEX        , 	APM/USDT, 	0.18595983, 	345.07782217, 	0.1836, 	3.1601, 	1.285310%, 	0.400000%, 	0.885310%
2020-04-08 17:49:02, 	Bittrex     , 	OKEX        , 	APM/USDT, 	0.18595983, 	345.07782217, 	0.1836, 	3.1601, 	1.285310%, 	0.400000%, 	0.885310%
2020-04-08 17:49:17, 	Bittrex     , 	OKEX        , 	APM/USDT, 	0.18595983, 	345.07782217, 	0.1836, 	3.1601, 	1.285310%, 	0.400000%, 	0.885310%
2020-04-08 17:49:32, 	Bittrex     , 	OKEX        , 	APM/USDT, 	0.18595983, 	345.07782217, 	0.1836, 	3.1601, 	1.285310%, 	0.400000%, 	0.885310%
2020-04-08 17:49:47, 	Bittrex     , 	OKEX        , 	APM/USDT, 	0.18595983, 	345.07782217, 	0.1836, 	3.1601, 	1.285310%, 	0.400000%, 	0.885310%
2020-04-08 17:50:02, 	Bittrex     , 	OKEX        , 	APM/USDT, 	0.18595983, 	345.07782217, 	0.1836, 	3.1601, 	1.285310%, 	0.400000%, 	0.885310%
2020-04-08 17:50:17, 	Bittrex     , 	OKEX        , 	APM/USDT, 	0.18595983, 	345.07782217, 	0.1836, 	3.1601, 	1.285310%, 	0.400000%, 	0.885310%
2020-04-08 17:50:32, 	Bittrex     , 	OKEX        , 	APM/USDT, 	0.18595983, 	345.07782217, 	0.1836, 	3.1601, 	1.285310%, 	0.400000%, 	0.885310%
2020-04-08 17:50:47, 	Bittrex     , 	OKEX        , 	APM/USDT, 	0.18595983, 	345.07782217, 	0.1836, 	3.1601, 	1.285310%, 	0.400000%, 	0.885310%
2020-04-08 17:51:02, 	Bittrex     , 	OKEX        , 	APM/USDT, 	0.18595983, 	345.07782217, 	0.1836, 	3.1601, 	1.285310%, 	0.400000%, 	0.885310%
2020-04-08 17:51:17, 	Bittrex     , 	OKEX        , 	APM/USDT, 	0.18595983, 	345.07782217, 	0.1836, 	3.1601, 	1.285310%, 	0.400000%, 	0.885310%
2020-04-08 17:51:32, 	Bittrex     , 	OKEX        , 	APM/USDT, 	0.18595983, 	331.2000597, 	0.1836, 	3.1601, 	1.285310%, 	0.400000%, 	0.885310%
2020-04-08 17:51:47, 	Bittrex     , 	OKEX        , 	APM/USDT, 	0.18595983, 	331.2000597, 	0.1836, 	3.1601, 	1.285310%, 	0.400000%, 	0.885310%
2020-04-08 17:52:02, 	Bittrex     , 	OKEX        , 	APM/USDT, 	0.18595983, 	331.2000597, 	0.1836, 	3.1601, 	1.285310%, 	0.400000%, 	0.885310%
2020-04-08 17:52:17, 	Bittrex     , 	OKEX        , 	APM/USDT, 	0.18595983, 	331.2000597, 	0.1836, 	3.1601, 	1.285310%, 	0.400000%, 	0.885310%
2020-04-08 17:52:32, 	Bittrex     , 	OKEX        , 	APM/USDT, 	0.18595983, 	331.2000597, 	0.1836, 	3.1601, 	1.285310%, 	0.400000%, 	0.885310%
2020-04-08 17:52:47, 	Bittrex     , 	OKEX        , 	APM/USDT, 	0.18595983, 	331.2000597, 	0.18302, 	752.635, 	1.606289%, 	0.400000%, 	1.206289%
2020-04-08 17:53:02, 	Bittrex     , 	OKEX        , 	APM/USDT, 	0.18595983, 	331.2000597, 	0.18302, 	752.635, 	1.606289%, 	0.400000%, 	1.206289%
2020-04-08 17:53:17, 	Bittrex     , 	OKEX        , 	APM/USDT, 	0.18595983, 	331.2000597, 	0.1836, 	3.1601, 	1.285310%, 	0.400000%, 	0.885310%
2020-04-08 17:53:32, 	Bittrex     , 	OKEX        , 	APM/USDT, 	0.18595983, 	331.2000597, 	0.1836, 	3.1601, 	1.285310%, 	0.400000%, 	0.885310%
2020-04-08 17:53:47, 	Bittrex     , 	OKEX        , 	APM/USDT, 	0.18595983, 	331.2000597, 	0.1836, 	3.1601, 	1.285310%, 	0.400000%, 	0.885310%
2020-04-08 17:54:02, 	Bittrex     , 	OKEX        , 	APM/USDT, 	0.18595983, 	331.2000597, 	0.1836, 	3.1601, 	1.285310%, 	0.400000%, 	0.885310%
2020-04-08 17:54:17, 	Bittrex     , 	OKEX        , 	APM/USDT, 	0.18595983, 	331.2000597, 	0.1836, 	3.1601, 	1.285310%, 	0.400000%, 	0.885310%
2020-04-08 17:54:32, 	Bittrex     , 	OKEX        , 	APM/USDT, 	0.18595983, 	317.32229723, 	0.1836, 	3.1601, 	1.285310%, 	0.400000%, 	0.885310%
2020-04-08 17:54:47, 	Bittrex     , 	OKEX        , 	APM/USDT, 	0.18595983, 	317.32229723, 	0.1836, 	3.1601, 	1.285310%, 	0.400000%, 	0.885310%
2020-04-08 17:55:02, 	Bittrex     , 	OKEX        , 	APM/USDT, 	0.18595983, 	317.32229723, 	0.1836, 	3.1601, 	1.285310%, 	0.400000%, 	0.885310%
2020-04-08 17:55:17, 	Bittrex     , 	OKEX        , 	APM/USDT, 	0.18595983, 	317.32229723, 	0.1836, 	3.1601, 	1.285310%, 	0.400000%, 	0.885310%
2020-04-08 17:55:32, 	Bittrex     , 	OKEX        , 	APM/USDT, 	0.18595983, 	317.32229723, 	0.1836, 	3.1601, 	1.285310%, 	0.400000%, 	0.885310%
2020-04-08 17:55:47, 	Bittrex     , 	OKEX        , 	APM/USDT, 	0.18595983, 	317.32229723, 	0.1836, 	3.1601, 	1.285310%, 	0.400000%, 	0.885310%
2020-04-08 17:56:02, 	Bittrex     , 	OKEX        , 	APM/USDT, 	0.18595983, 	317.32229723, 	0.1836, 	3.1601, 	1.285310%, 	0.400000%, 	0.885310%
2020-04-08 17:56:17, 	Bittrex     , 	OKEX        , 	APM/USDT, 	0.18595983, 	317.32229723, 	0.1836, 	3.1601, 	1.285310%, 	0.400000%, 	0.885310%
2020-04-08 17:56:32, 	Bittrex     , 	OKEX        , 	APM/USDT, 	0.18595983, 	317.32229723, 	0.1836, 	3.1601, 	1.285310%, 	0.400000%, 	0.885310%
2020-04-08 17:56:47, 	Bittrex     , 	OKEX        , 	APM/USDT, 	0.18595983, 	317.32229723, 	0.1836, 	3.1601, 	1.285310%, 	0.400000%, 	0.885310%
2020-04-08 17:57:02, 	Bittrex     , 	OKEX        , 	APM/USDT, 	0.18595983, 	303.57373709, 	0.1836, 	3.1601, 	1.285310%, 	0.400000%, 	0.885310%
2020-04-08 17:57:17, 	Bittrex     , 	OKEX        , 	APM/USDT, 	0.18595983, 	303.57373709, 	0.1836, 	3.1601, 	1.285310%, 	0.400000%, 	0.885310%
2020-04-08 17:57:32, 	Bittrex     , 	OKEX        , 	APM/USDT, 	0.18595983, 	303.57373709, 	0.1836, 	3.1601, 	1.285310%, 	0.400000%, 	0.885310%
2020-04-08 17:57:47, 	Bittrex     , 	OKEX        , 	APM/USDT, 	0.18595983, 	303.57373709, 	0.1836, 	3.1601, 	1.285310%, 	0.400000%, 	0.885310%
2020-04-08 17:58:02, 	Bittrex     , 	OKEX        , 	APM/USDT, 	0.18595983, 	303.57373709, 	0.1836, 	3.1601, 	1.285310%, 	0.400000%, 	0.885310%
2020-04-08 17:58:17, 	Bittrex     , 	OKEX        , 	APM/USDT, 	0.18595983, 	303.57373709, 	0.1836, 	3.1601, 	1.285310%, 	0.400000%, 	0.885310%
2020-04-08 17:58:32, 	Bittrex     , 	OKEX        , 	APM/USDT, 	0.18595983, 	303.57373709, 	0.1836, 	3.1601, 	1.285310%, 	0.400000%, 	0.885310%
2020-04-08 17:58:47, 	Bittrex     , 	OKEX        , 	APM/USDT, 	0.18595983, 	303.57373709, 	0.1836, 	3.1601, 	1.285310%, 	0.400000%, 	0.885310%
2020-04-08 17:59:02, 	Bittrex     , 	OKEX        , 	APM/USDT, 	0.18595983, 	303.57373709, 	0.1836, 	3.1601, 	1.285310%, 	0.400000%, 	0.885310%
2020-04-08 17:59:17, 	Bittrex     , 	OKEX        , 	APM/USDT, 	0.18595983, 	303.57373709, 	0.1836, 	3.1601, 	1.285310%, 	0.400000%, 	0.885310%
2020-04-08 17:59:32, 	Bittrex     , 	OKEX        , 	APM/USDT, 	0.18595983, 	303.57373709, 	0.1836, 	3.1601, 	1.285310%, 	0.400000%, 	0.885310%
2020-04-08 17:59:47, 	Bittrex     , 	OKEX        , 	APM/USDT, 	0.18595983, 	289.72444988, 	0.1836, 	3.1601, 	1.285310%, 	0.400000%, 	0.885310%
2020-04-08 18:00:03, 	Bittrex     , 	OKEX        , 	APM/USDT, 	0.18595983, 	289.72444988, 	0.1836, 	3.1601, 	1.285310%, 	0.400000%, 	0.885310%
2020-04-08 18:00:18, 	Bittrex     , 	OKEX        , 	APM/USDT, 	0.18595983, 	289.72444988, 	0.1836, 	3.1601, 	1.285310%, 	0.400000%, 	0.885310%
2020-04-08 18:00:33, 	Bittrex     , 	OKEX        , 	APM/USDT, 	0.18595983, 	289.72444988, 	0.1836, 	3.1601, 	1.285310%, 	0.400000%, 	0.885310%
2020-04-08 18:00:48, 	Bittrex     , 	OKEX        , 	APM/USDT, 	0.18595983, 	289.72444988, 	0.1836, 	3.1601, 	1.285310%, 	0.400000%, 	0.885310%
2020-04-08 18:01:03, 	Bittrex     , 	OKEX        , 	APM/USDT, 	0.18595983, 	289.72444988, 	0.1836, 	3.1601, 	1.285310%, 	0.400000%, 	0.885310%
2020-04-08 18:01:18, 	Bittrex     , 	OKEX        , 	APM/USDT, 	0.18595983, 	289.72444988, 	0.1836, 	3.1601, 	1.285310%, 	0.400000%, 	0.885310%
2020-04-08 18:01:33, 	Bittrex     , 	OKEX        , 	APM/USDT, 	0.18595983, 	289.72444988, 	0.18868, 	1100.543, 	-1.441684%, 	0.400000%, 	-1.841684%
2020-04-08 20:56:09, 	Bittrex     , 	OKEX        , 	APM/USDT, 	0.18747191, 	68.11724023, 	0.1866, 	4.5, 	0.467262%, 	0.400000%, 	0.067262%
2020-04-08 20:56:24, 	Bittrex     , 	OKEX        , 	APM/USDT, 	0.18747191, 	68.11724023, 	0.1866, 	4.5, 	0.467262%, 	0.400000%, 	0.067262%
2020-04-08 20:56:39, 	Bittrex     , 	OKEX        , 	APM/USDT, 	0.18747191, 	56.81724023, 	0.1866, 	4.5, 	0.467262%, 	0.400000%, 	0.067262%
2020-04-08 20:56:54, 	Bittrex     , 	OKEX        , 	APM/USDT, 	0.18747191, 	56.81724023, 	0.1866, 	4.5, 	0.467262%, 	0.400000%, 	0.067262%
2020-04-08 20:57:09, 	Bittrex     , 	OKEX        , 	APM/USDT, 	0.18747191, 	56.81724023, 	0.1866, 	4.5, 	0.467262%, 	0.400000%, 	0.067262%
2020-04-08 20:57:24, 	Bittrex     , 	OKEX        , 	APM/USDT, 	0.18747191, 	56.81724023, 	0.1866, 	4.5, 	0.467262%, 	0.400000%, 	0.067262%
2020-04-08 20:57:39, 	Bittrex     , 	OKEX        , 	APM/USDT, 	0.18747191, 	56.81724023, 	0.1866, 	4.5, 	0.467262%, 	0.400000%, 	0.067262%
2020-04-08 20:57:54, 	Bittrex     , 	OKEX        , 	APM/USDT, 	0.18747191, 	45.51724023, 	0.1866, 	4.5, 	0.467262%, 	0.400000%, 	0.067262%
2020-04-08 20:58:09, 	Bittrex     , 	OKEX        , 	APM/USDT, 	0.18747191, 	45.51724023, 	0.1866, 	4.5, 	0.467262%, 	0.400000%, 	0.067262%
2020-04-08 20:58:24, 	Bittrex     , 	OKEX        , 	APM/USDT, 	0.18747191, 	45.51724023, 	0.1866, 	4.5, 	0.467262%, 	0.400000%, 	0.067262%
2020-04-08 20:58:39, 	Bittrex     , 	OKEX        , 	APM/USDT, 	0.18747191, 	45.51724023, 	0.1866, 	4.5, 	0.467262%, 	0.400000%, 	0.067262%
2020-04-08 20:58:54, 	Bittrex     , 	OKEX        , 	APM/USDT, 	0.18747191, 	45.51724023, 	0.1866, 	4.5, 	0.467262%, 	0.400000%, 	0.067262%
2020-04-08 20:59:09, 	Bittrex     , 	OKEX        , 	APM/USDT, 	0.18747191, 	45.51724023, 	0.1866, 	4.5, 	0.467262%, 	0.400000%, 	0.067262%
2020-04-08 20:59:24, 	Bittrex     , 	OKEX        , 	APM/USDT, 	0.18747191, 	45.51724023, 	0.1866, 	4.5, 	0.467262%, 	0.400000%, 	0.067262%
2020-04-08 20:59:39, 	Bittrex     , 	OKEX        , 	APM/USDT, 	0.18747191, 	45.51724023, 	0.1866, 	4.5, 	0.467262%, 	0.400000%, 	0.067262%
2020-04-08 20:59:54, 	Bittrex     , 	OKEX        , 	APM/USDT, 	0.18747191, 	34.10738583, 	0.1866, 	4.5, 	0.467262%, 	0.400000%, 	0.067262%
2020-04-08 21:00:09, 	Bittrex     , 	OKEX        , 	APM/USDT, 	0.18747191, 	34.10738583, 	0.1866, 	4.5, 	0.467262%, 	0.400000%, 	0.067262%
2020-04-08 21:00:24, 	Bittrex     , 	OKEX        , 	APM/USDT, 	0.18747191, 	34.10738583, 	0.1866, 	4.5, 	0.467262%, 	0.400000%, 	0.067262%
2020-04-08 21:00:39, 	Bittrex     , 	OKEX        , 	APM/USDT, 	0.18747191, 	34.10738583, 	0.1866, 	4.5, 	0.467262%, 	0.400000%, 	0.067262%
2020-04-08 21:00:54, 	Bittrex     , 	OKEX        , 	APM/USDT, 	0.18747191, 	34.10738583, 	0.1866, 	4.5, 	0.467262%, 	0.400000%, 	0.067262%
2020-04-08 21:01:09, 	Bittrex     , 	OKEX        , 	APM/USDT, 	0.18747191, 	34.10738583, 	0.1866, 	4.5, 	0.467262%, 	0.400000%, 	0.067262%
2020-04-08 21:01:24, 	Bittrex     , 	OKEX        , 	APM/USDT, 	0.18747191, 	34.10738583, 	0.1866, 	4.5, 	0.467262%, 	0.400000%, 	0.067262%
2020-04-08 21:01:39, 	Bittrex     , 	OKEX        , 	APM/USDT, 	0.18747191, 	22.68560484, 	0.1866, 	4.5, 	0.467262%, 	0.400000%, 	0.067262%
2020-04-08 21:01:54, 	Bittrex     , 	OKEX        , 	APM/USDT, 	0.18747191, 	22.68560484, 	0.1866, 	4.5, 	0.467262%, 	0.400000%, 	0.067262%
2020-04-08 21:02:09, 	Bittrex     , 	OKEX        , 	APM/USDT, 	0.18747191, 	22.68560484, 	0.1866, 	4.5, 	0.467262%, 	0.400000%, 	0.067262%
2020-04-08 21:02:24, 	Bittrex     , 	OKEX        , 	APM/USDT, 	0.18747191, 	22.68560484, 	0.1866, 	4.5, 	0.467262%, 	0.400000%, 	0.067262%
2020-04-08 21:02:39, 	Bittrex     , 	OKEX        , 	APM/USDT, 	0.18747191, 	22.68560484, 	0.1866, 	4.5, 	0.467262%, 	0.400000%, 	0.067262%
2020-04-08 21:02:54, 	Bittrex     , 	OKEX        , 	APM/USDT, 	0.18747191, 	22.68560484, 	0.1866, 	4.5, 	0.467262%, 	0.400000%, 	0.067262%
2020-04-08 21:03:09, 	Bittrex     , 	OKEX        , 	APM/USDT, 	0.18747191, 	11.25031564, 	0.1866, 	4.5, 	0.467262%, 	0.400000%, 	0.067262%
2020-04-08 21:03:24, 	Bittrex     , 	OKEX        , 	APM/USDT, 	0.18747191, 	11.25031564, 	0.1866, 	4.5, 	0.467262%, 	0.400000%, 	0.067262%
2020-04-08 21:03:39, 	Bittrex     , 	OKEX        , 	APM/USDT, 	0.18747191, 	11.25031564, 	0.1866, 	4.5, 	0.467262%, 	0.400000%, 	0.067262%
2020-04-08 21:03:54, 	Bittrex     , 	OKEX        , 	APM/USDT, 	0.18747191, 	11.25031564, 	0.1866, 	4.5, 	0.467262%, 	0.400000%, 	0.067262%
2020-04-08 21:04:09, 	Bittrex     , 	OKEX        , 	APM/USDT, 	0.18747191, 	11.25031564, 	0.1866, 	4.5, 	0.467262%, 	0.400000%, 	0.067262%
2020-04-08 21:04:24, 	Bittrex     , 	OKEX        , 	APM/USDT, 	0.18747191, 	11.25031564, 	0.1866, 	4.5, 	0.467262%, 	0.400000%, 	0.067262%
2020-04-08 21:04:39, 	Bittrex     , 	OKEX        , 	APM/USDT, 	0.18747191, 	11.25031564, 	0.1866, 	4.5, 	0.467262%, 	0.400000%, 	0.067262%
2020-04-08 21:04:54, 	Bittrex     , 	OKEX        , 	APM/USDT, 	0.18747191, 	11.25031564, 	0.1866, 	4.5, 	0.467262%, 	0.400000%, 	0.067262%
2020-04-08 21:05:09, 	Bittrex     , 	OKEX        , 	APM/USDT, 	0.18747191, 	11.25031564, 	0.1866, 	4.5, 	0.467262%, 	0.400000%, 	0.067262%
2020-04-08 21:05:24, 	Bittrex     , 	OKEX        , 	APM/USDT, 	0.18595983, 	247.01104006, 	0.1866, 	4.5, 	-0.343071%, 	0.400000%, 	-0.743071%
2020-04-09 11:38:46, 	Bittrex     , 	OKEX        , 	APM/USDT, 	0.18501671, 	87.96125938, 	0.18419, 	4.5, 	0.448835%, 	0.400000%, 	0.048835%
2020-04-09 11:39:01, 	Bittrex     , 	OKEX        , 	APM/USDT, 	0.18501671, 	87.96125938, 	0.18419, 	4.5, 	0.448835%, 	0.400000%, 	0.048835%
2020-04-09 11:39:16, 	Bittrex     , 	OKEX        , 	APM/USDT, 	0.18501671, 	87.96125938, 	0.18419, 	4.5, 	0.448835%, 	0.400000%, 	0.048835%
2020-04-09 11:39:31, 	Bittrex     , 	OKEX        , 	APM/USDT, 	0.18501671, 	87.96125938, 	0.18419, 	4.5, 	0.448835%, 	0.400000%, 	0.048835%
2020-04-09 11:39:46, 	Bittrex     , 	OKEX        , 	APM/USDT, 	0.18501671, 	87.96125938, 	0.18419, 	4.5, 	0.448835%, 	0.400000%, 	0.048835%
2020-04-09 11:40:01, 	Bittrex     , 	OKEX        , 	APM/USDT, 	0.18501671, 	87.96125938, 	0.18419, 	4.5, 	0.448835%, 	0.400000%, 	0.048835%
2020-04-09 11:40:16, 	Bittrex     , 	OKEX        , 	APM/USDT, 	0.18501671, 	87.96125938, 	0.18419, 	4.5, 	0.448835%, 	0.400000%, 	0.048835%
2020-04-09 11:40:31, 	Bittrex     , 	OKEX        , 	APM/USDT, 	0.18501671, 	87.96125938, 	0.18419, 	4.5, 	0.448835%, 	0.400000%, 	0.048835%
2020-04-09 11:40:46, 	Bittrex     , 	OKEX        , 	APM/USDT, 	0.18501671, 	87.96125938, 	0.18419, 	4.5, 	0.448835%, 	0.400000%, 	0.048835%
2020-04-09 11:41:01, 	Bittrex     , 	OKEX        , 	APM/USDT, 	0.18501671, 	87.96125938, 	0.18419, 	4.5, 	0.448835%, 	0.400000%, 	0.048835%
2020-04-09 11:41:16, 	Bittrex     , 	OKEX        , 	APM/USDT, 	0.18501671, 	87.96125938, 	0.18419, 	4.5, 	0.448835%, 	0.400000%, 	0.048835%
2020-04-09 11:41:31, 	Bittrex     , 	OKEX        , 	APM/USDT, 	0.18501671, 	87.96125938, 	0.18419, 	4.5, 	0.448835%, 	0.400000%, 	0.048835%
2020-04-09 11:41:46, 	Bittrex     , 	OKEX        , 	APM/USDT, 	0.18501671, 	87.96125938, 	0.18419, 	4.5, 	0.448835%, 	0.400000%, 	0.048835%
2020-04-09 11:42:01, 	Bittrex     , 	OKEX        , 	APM/USDT, 	0.18501671, 	87.96125938, 	0.18419, 	4.5, 	0.448835%, 	0.400000%, 	0.048835%
2020-04-09 11:42:16, 	Bittrex     , 	OKEX        , 	APM/USDT, 	0.18501671, 	87.96125938, 	0.18419, 	4.5, 	0.448835%, 	0.400000%, 	0.048835%
2020-04-09 11:42:31, 	Bittrex     , 	OKEX        , 	APM/USDT, 	0.18501671, 	87.96125938, 	0.18419, 	4.5, 	0.448835%, 	0.400000%, 	0.048835%
2020-04-09 11:42:46, 	Bittrex     , 	OKEX        , 	APM/USDT, 	0.18501671, 	87.96125938, 	0.18419, 	4.5, 	0.448835%, 	0.400000%, 	0.048835%
2020-04-09 11:43:01, 	Bittrex     , 	OKEX        , 	APM/USDT, 	0.18501671, 	87.96125938, 	0.18419, 	4.5, 	0.448835%, 	0.400000%, 	0.048835%
2020-04-09 11:43:16, 	Bittrex     , 	OKEX        , 	APM/USDT, 	0.18501671, 	87.96125938, 	0.18419, 	4.5, 	0.448835%, 	0.400000%, 	0.048835%
2020-04-09 11:43:31, 	Bittrex     , 	OKEX        , 	APM/USDT, 	0.18501671, 	87.96125938, 	0.18419, 	4.5, 	0.448835%, 	0.400000%, 	0.048835%
2020-04-09 11:43:46, 	Bittrex     , 	OKEX        , 	APM/USDT, 	0.18501671, 	87.96125938, 	0.18419, 	4.5, 	0.448835%, 	0.400000%, 	0.048835%
2020-04-09 11:44:01, 	Bittrex     , 	OKEX        , 	APM/USDT, 	0.18501671, 	87.96125938, 	0.18419, 	4.5, 	0.448835%, 	0.400000%, 	0.048835%
2020-04-09 11:44:16, 	Bittrex     , 	OKEX        , 	APM/USDT, 	0.18501671, 	87.96125938, 	0.18419, 	4.5, 	0.448835%, 	0.400000%, 	0.048835%
2020-04-09 11:44:31, 	Bittrex     , 	OKEX        , 	APM/USDT, 	0.18501671, 	87.96125938, 	0.18419, 	4.5, 	0.448835%, 	0.400000%, 	0.048835%
2020-04-09 11:44:46, 	Bittrex     , 	OKEX        , 	APM/USDT, 	0.18501671, 	87.96125938, 	0.18419, 	4.5, 	0.448835%, 	0.400000%, 	0.048835%
2020-04-09 11:45:01, 	Bittrex     , 	OKEX        , 	APM/USDT, 	0.18501671, 	87.96125938, 	0.18419, 	4.5, 	0.448835%, 	0.400000%, 	0.048835%
2020-04-09 11:45:16, 	Bittrex     , 	OKEX        , 	APM/USDT, 	0.18501671, 	87.96125938, 	0.18419, 	4.5, 	0.448835%, 	0.400000%, 	0.048835%
2020-04-09 11:45:31, 	Bittrex     , 	OKEX        , 	APM/USDT, 	0.18501671, 	87.96125938, 	0.18419, 	4.5, 	0.448835%, 	0.400000%, 	0.048835%
2020-04-09 11:45:46, 	Bittrex     , 	OKEX        , 	APM/USDT, 	0.18501671, 	87.96125938, 	0.18419, 	4.5, 	0.448835%, 	0.400000%, 	0.048835%
2020-04-09 11:46:01, 	Bittrex     , 	OKEX        , 	APM/USDT, 	0.18501671, 	87.96125938, 	0.18419, 	4.5, 	0.448835%, 	0.400000%, 	0.048835%
2020-04-09 11:46:16, 	Bittrex     , 	OKEX        , 	APM/USDT, 	0.18501671, 	87.96125938, 	0.18419, 	4.5, 	0.448835%, 	0.400000%, 	0.048835%
2020-04-09 11:46:31, 	Bittrex     , 	OKEX        , 	APM/USDT, 	0.18501671, 	87.96125938, 	0.18419, 	4.5, 	0.448835%, 	0.400000%, 	0.048835%
2020-04-09 11:46:46, 	Bittrex     , 	OKEX        , 	APM/USDT, 	0.18501671, 	87.96125938, 	0.18419, 	4.5, 	0.448835%, 	0.400000%, 	0.048835%
2020-04-09 11:47:01, 	Bittrex     , 	OKEX        , 	APM/USDT, 	0.18501671, 	87.96125938, 	0.18419, 	4.5, 	0.448835%, 	0.400000%, 	0.048835%
2020-04-09 11:47:16, 	Bittrex     , 	OKEX        , 	APM/USDT, 	0.18501671, 	87.96125938, 	0.18419, 	4.5, 	0.448835%, 	0.400000%, 	0.048835%
2020-04-09 11:47:31, 	Bittrex     , 	OKEX        , 	APM/USDT, 	0.18501671, 	87.96125938, 	0.18419, 	4.5, 	0.448835%, 	0.400000%, 	0.048835%
2020-04-09 11:47:46, 	Bittrex     , 	OKEX        , 	APM/USDT, 	0.18501671, 	87.96125938, 	0.18419, 	4.5, 	0.448835%, 	0.400000%, 	0.048835%
2020-04-09 11:48:01, 	Bittrex     , 	OKEX        , 	APM/USDT, 	0.18501671, 	87.96125938, 	0.18419, 	4.5, 	0.448835%, 	0.400000%, 	0.048835%
2020-04-09 11:48:16, 	Bittrex     , 	OKEX        , 	APM/USDT, 	0.18501671, 	87.96125938, 	0.18419, 	4.5, 	0.448835%, 	0.400000%, 	0.048835%
2020-04-09 11:48:31, 	Bittrex     , 	OKEX        , 	APM/USDT, 	0.18501671, 	87.96125938, 	0.18419, 	4.5, 	0.448835%, 	0.400000%, 	0.048835%
2020-04-09 11:48:46, 	Bittrex     , 	OKEX        , 	APM/USDT, 	0.18501671, 	87.96125938, 	0.18419, 	4.5, 	0.448835%, 	0.400000%, 	0.048835%
2020-04-09 11:49:01, 	Bittrex     , 	OKEX        , 	APM/USDT, 	0.18501671, 	87.96125938, 	0.18419, 	4.5, 	0.448835%, 	0.400000%, 	0.048835%
2020-04-09 11:49:16, 	Bittrex     , 	OKEX        , 	APM/USDT, 	0.18501671, 	87.96125938, 	0.18419, 	4.5, 	0.448835%, 	0.400000%, 	0.048835%
2020-04-09 11:49:31, 	Bittrex     , 	OKEX        , 	APM/USDT, 	0.18501671, 	87.96125938, 	0.18419, 	4.5, 	0.448835%, 	0.400000%, 	0.048835%
2020-04-09 11:49:46, 	Bittrex     , 	OKEX        , 	APM/USDT, 	0.18501671, 	87.96125938, 	0.18419, 	4.5, 	0.448835%, 	0.400000%, 	0.048835%
2020-04-09 11:50:01, 	Bittrex     , 	OKEX        , 	APM/USDT, 	0.18501671, 	87.96125938, 	0.18419, 	4.5, 	0.448835%, 	0.400000%, 	0.048835%
2020-04-09 11:50:16, 	Bittrex     , 	OKEX        , 	APM/USDT, 	0.18501671, 	87.96125938, 	0.18419, 	4.5, 	0.448835%, 	0.400000%, 	0.048835%
2020-04-09 11:50:31, 	Bittrex     , 	OKEX        , 	APM/USDT, 	0.18501671, 	87.96125938, 	0.18419, 	4.5, 	0.448835%, 	0.400000%, 	0.048835%
2020-04-09 11:50:46, 	Bittrex     , 	OKEX        , 	APM/USDT, 	0.18501671, 	87.96125938, 	0.18419, 	4.5, 	0.448835%, 	0.400000%, 	0.048835%
2020-04-09 11:51:01, 	Bittrex     , 	OKEX        , 	APM/USDT, 	0.18501671, 	87.96125938, 	0.18419, 	4.5, 	0.448835%, 	0.400000%, 	0.048835%
2020-04-09 11:51:16, 	Bittrex     , 	OKEX        , 	APM/USDT, 	0.18501671, 	87.96125938, 	0.18419, 	4.5, 	0.448835%, 	0.400000%, 	0.048835%
2020-04-09 11:51:31, 	Bittrex     , 	OKEX        , 	APM/USDT, 	0.18501671, 	87.96125938, 	0.18419, 	4.5, 	0.448835%, 	0.400000%, 	0.048835%
2020-04-09 11:51:46, 	Bittrex     , 	OKEX        , 	APM/USDT, 	0.18501671, 	87.96125938, 	0.18419, 	4.5, 	0.448835%, 	0.400000%, 	0.048835%
2020-04-09 11:52:01, 	Bittrex     , 	OKEX        , 	APM/USDT, 	0.18501671, 	87.96125938, 	0.18419, 	4.5, 	0.448835%, 	0.400000%, 	0.048835%
2020-04-09 11:52:16, 	Bittrex     , 	OKEX        , 	APM/USDT, 	0.18501671, 	87.96125938, 	0.18419, 	4.5, 	0.448835%, 	0.400000%, 	0.048835%
2020-04-09 11:52:31, 	Bittrex     , 	OKEX        , 	APM/USDT, 	0.18501671, 	87.96125938, 	0.18419, 	4.5, 	0.448835%, 	0.400000%, 	0.048835%
2020-04-09 11:52:46, 	Bittrex     , 	OKEX        , 	APM/USDT, 	0.18501671, 	87.96125938, 	0.18419, 	4.5, 	0.448835%, 	0.400000%, 	0.048835%
2020-04-09 11:53:01, 	Bittrex     , 	OKEX        , 	APM/USDT, 	0.18501671, 	87.96125938, 	0.18419, 	4.5, 	0.448835%, 	0.400000%, 	0.048835%
2020-04-09 11:53:16, 	Bittrex     , 	OKEX        , 	APM/USDT, 	0.18501671, 	87.96125938, 	0.18419, 	4.5, 	0.448835%, 	0.400000%, 	0.048835%
2020-04-09 11:53:31, 	Bittrex     , 	OKEX        , 	APM/USDT, 	0.18501671, 	87.96125938, 	0.18419, 	4.5, 	0.448835%, 	0.400000%, 	0.048835%
2020-04-09 11:53:46, 	Bittrex     , 	OKEX        , 	APM/USDT, 	0.18501671, 	87.96125938, 	0.18419, 	4.5, 	0.448835%, 	0.400000%, 	0.048835%
2020-04-09 11:54:01, 	Bittrex     , 	OKEX        , 	APM/USDT, 	0.18501671, 	87.96125938, 	0.18419, 	4.5, 	0.448835%, 	0.400000%, 	0.048835%
2020-04-09 11:54:16, 	Bittrex     , 	OKEX        , 	APM/USDT, 	0.18501671, 	87.96125938, 	0.18419, 	4.5, 	0.448835%, 	0.400000%, 	0.048835%
2020-04-09 11:54:31, 	Bittrex     , 	OKEX        , 	APM/USDT, 	0.18501671, 	87.96125938, 	0.18419, 	4.5, 	0.448835%, 	0.400000%, 	0.048835%
2020-04-09 11:54:46, 	Bittrex     , 	OKEX        , 	APM/USDT, 	0.18501671, 	87.96125938, 	0.18419, 	4.5, 	0.448835%, 	0.400000%, 	0.048835%
2020-04-09 11:55:01, 	Bittrex     , 	OKEX        , 	APM/USDT, 	0.18501671, 	87.96125938, 	0.18419, 	4.5, 	0.448835%, 	0.400000%, 	0.048835%
2020-04-09 11:55:16, 	Bittrex     , 	OKEX        , 	APM/USDT, 	0.18501671, 	87.96125938, 	0.18419, 	4.5, 	0.448835%, 	0.400000%, 	0.048835%
2020-04-09 11:55:31, 	Bittrex     , 	OKEX        , 	APM/USDT, 	0.18501671, 	87.96125938, 	0.18419, 	4.5, 	0.448835%, 	0.400000%, 	0.048835%
2020-04-09 11:55:46, 	Bittrex     , 	OKEX        , 	APM/USDT, 	0.18501671, 	87.96125938, 	0.18419, 	4.5, 	0.448835%, 	0.400000%, 	0.048835%
2020-04-09 11:56:01, 	Bittrex     , 	OKEX        , 	APM/USDT, 	0.18501671, 	87.96125938, 	0.18419, 	4.5, 	0.448835%, 	0.400000%, 	0.048835%
2020-04-09 11:56:16, 	Bittrex     , 	OKEX        , 	APM/USDT, 	0.18501671, 	87.96125938, 	0.18419, 	4.5, 	0.448835%, 	0.400000%, 	0.048835%
2020-04-09 11:56:31, 	Bittrex     , 	OKEX        , 	APM/USDT, 	0.18501671, 	87.96125938, 	0.18419, 	4.5, 	0.448835%, 	0.400000%, 	0.048835%
2020-04-09 11:56:46, 	Bittrex     , 	OKEX        , 	APM/USDT, 	0.18501671, 	87.96125938, 	0.18419, 	4.5, 	0.448835%, 	0.400000%, 	0.048835%
2020-04-09 11:57:01, 	Bittrex     , 	OKEX        , 	APM/USDT, 	0.18501671, 	87.96125938, 	0.18419, 	4.5, 	0.448835%, 	0.400000%, 	0.048835%
2020-04-09 11:57:16, 	Bittrex     , 	OKEX        , 	APM/USDT, 	0.18501671, 	87.96125938, 	0.18419, 	4.5, 	0.448835%, 	0.400000%, 	0.048835%
2020-04-09 11:57:31, 	Bittrex     , 	OKEX        , 	APM/USDT, 	0.18501671, 	87.96125938, 	0.18419, 	4.5, 	0.448835%, 	0.400000%, 	0.048835%
2020-04-09 11:57:46, 	Bittrex     , 	OKEX        , 	APM/USDT, 	0.18501671, 	87.96125938, 	0.18419, 	4.5, 	0.448835%, 	0.400000%, 	0.048835%
2020-04-09 11:58:01, 	Bittrex     , 	OKEX        , 	APM/USDT, 	0.18501671, 	87.96125938, 	0.18419, 	4.5, 	0.448835%, 	0.400000%, 	0.048835%
2020-04-09 11:58:16, 	Bittrex     , 	OKEX        , 	APM/USDT, 	0.18501671, 	87.96125938, 	0.18419, 	4.5, 	0.448835%, 	0.400000%, 	0.048835%
2020-04-09 11:58:31, 	Bittrex     , 	OKEX        , 	APM/USDT, 	0.18501671, 	87.96125938, 	0.18419, 	4.5, 	0.448835%, 	0.400000%, 	0.048835%
2020-04-09 11:58:46, 	Bittrex     , 	OKEX        , 	APM/USDT, 	0.18501671, 	87.96125938, 	0.18419, 	4.5, 	0.448835%, 	0.400000%, 	0.048835%
2020-04-09 11:59:01, 	Bittrex     , 	OKEX        , 	APM/USDT, 	0.18501671, 	87.96125938, 	0.18419, 	4.5, 	0.448835%, 	0.400000%, 	0.048835%
2020-04-09 11:59:16, 	Bittrex     , 	OKEX        , 	APM/USDT, 	0.18501671, 	87.96125938, 	0.18419, 	4.5, 	0.448835%, 	0.400000%, 	0.048835%
2020-04-09 11:59:31, 	Bittrex     , 	OKEX        , 	APM/USDT, 	0.18501671, 	87.96125938, 	0.18419, 	4.5, 	0.448835%, 	0.400000%, 	0.048835%
2020-04-09 11:59:46, 	Bittrex     , 	OKEX        , 	APM/USDT, 	0.18501671, 	87.96125938, 	0.18419, 	4.5, 	0.448835%, 	0.400000%, 	0.048835%
2020-04-09 12:00:01, 	Bittrex     , 	OKEX        , 	APM/USDT, 	0.18501671, 	87.96125938, 	0.18419, 	4.5, 	0.448835%, 	0.400000%, 	0.048835%
2020-04-09 12:00:16, 	Bittrex     , 	OKEX        , 	APM/USDT, 	0.18501671, 	87.96125938, 	0.18419, 	4.5, 	0.448835%, 	0.400000%, 	0.048835%
2020-04-09 12:00:31, 	Bittrex     , 	OKEX        , 	APM/USDT, 	0.18501671, 	87.96125938, 	0.18419, 	4.5, 	0.448835%, 	0.400000%, 	0.048835%
