2020-04-07 20:18:55, 	OKEX        , 	Bittrex     , 	NXT/BTC, 	1.83e-06, 	62659.2528698, 	1.33e-06, 	101591.69312262, 	37.593985%, 	0.400000%, 	37.193985%
2020-04-07 20:19:25, 	OKEX        , 	Bittrex     , 	NXT/BTC, 	1.83e-06, 	66535.22186205, 	1.33e-06, 	101591.69312262, 	37.593985%, 	0.400000%, 	37.193985%
2020-04-07 20:19:55, 	OKEX        , 	Bittrex     , 	NXT/BTC, 	1.83e-06, 	66535.22186205, 	1.33e-06, 	101591.69312262, 	37.593985%, 	0.400000%, 	37.193985%
2020-04-07 20:20:25, 	OKEX        , 	Bittrex     , 	NXT/BTC, 	1.83e-06, 	66535.22186205, 	1.33e-06, 	101591.69312262, 	37.593985%, 	0.400000%, 	37.193985%
2020-04-07 20:20:55, 	OKEX        , 	Bittrex     , 	NXT/BTC, 	1.83e-06, 	66535.22186205, 	1.33e-06, 	101591.69312262, 	37.593985%, 	0.400000%, 	37.193985%
2020-04-07 20:21:25, 	OKEX        , 	Bittrex     , 	NXT/BTC, 	1.83e-06, 	2889.93794583, 	1.33e-06, 	109343.63110711, 	37.593985%, 	0.400000%, 	37.193985%
2020-04-07 20:21:55, 	OKEX        , 	Bittrex     , 	NXT/BTC, 	1.83e-06, 	2889.93794583, 	1.33e-06, 	109343.63110711, 	37.593985%, 	0.400000%, 	37.193985%
2020-04-07 20:22:25, 	OKEX        , 	Bittrex     , 	NXT/BTC, 	1.83e-06, 	2889.93794583, 	1.33e-06, 	109343.63110711, 	37.593985%, 	0.400000%, 	37.193985%
2020-04-07 20:22:55, 	OKEX        , 	Bittrex     , 	NXT/BTC, 	1.83e-06, 	2972.06982543, 	1.33e-06, 	109343.63110711, 	37.593985%, 	0.400000%, 	37.193985%
2020-04-07 20:23:25, 	OKEX        , 	Bittrex     , 	NXT/BTC, 	1.83e-06, 	2972.06982543, 	1.33e-06, 	109343.63110711, 	37.593985%, 	0.400000%, 	37.193985%
2020-04-07 20:23:55, 	OKEX        , 	Bittrex     , 	NXT/BTC, 	1.83e-06, 	2972.06982543, 	1.33e-06, 	109343.63110711, 	37.593985%, 	0.400000%, 	37.193985%
2020-04-07 20:24:25, 	OKEX        , 	Bittrex     , 	NXT/BTC, 	1.83e-06, 	2972.06982543, 	1.33e-06, 	109343.63110711, 	37.593985%, 	0.400000%, 	37.193985%
2020-04-07 20:24:55, 	OKEX        , 	Bittrex     , 	NXT/BTC, 	1.83e-06, 	2972.06982543, 	1.33e-06, 	109343.63110711, 	37.593985%, 	0.400000%, 	37.193985%
2020-04-07 20:25:25, 	OKEX        , 	Bittrex     , 	NXT/BTC, 	1.83e-06, 	2972.06982543, 	1.33e-06, 	109343.63110711, 	37.593985%, 	0.400000%, 	37.193985%
2020-04-07 20:25:55, 	OKEX        , 	Bittrex     , 	NXT/BTC, 	1.83e-06, 	2972.06982543, 	1.33e-06, 	109343.63110711, 	37.593985%, 	0.400000%, 	37.193985%
2020-04-07 20:26:25, 	OKEX        , 	Bittrex     , 	NXT/BTC, 	1.83e-06, 	74755.44156482, 	1.33e-06, 	109343.63110711, 	37.593985%, 	0.400000%, 	37.193985%
2020-04-07 20:26:55, 	OKEX        , 	Bittrex     , 	NXT/BTC, 	1.83e-06, 	74755.44156482, 	1.33e-06, 	109343.63110711, 	37.593985%, 	0.400000%, 	37.193985%
2020-04-07 20:27:25, 	OKEX        , 	Bittrex     , 	NXT/BTC, 	1.83e-06, 	74755.44156482, 	1.33e-06, 	109343.63110711, 	37.593985%, 	0.400000%, 	37.193985%
2020-04-07 20:27:55, 	OKEX        , 	Bittrex     , 	NXT/BTC, 	1.83e-06, 	74755.44156482, 	1.33e-06, 	109343.63110711, 	37.593985%, 	0.400000%, 	37.193985%
2020-04-07 20:28:25, 	OKEX        , 	Bittrex     , 	NXT/BTC, 	1.83e-06, 	74755.44156482, 	1.33e-06, 	109343.63110711, 	37.593985%, 	0.400000%, 	37.193985%
2020-04-07 20:28:55, 	OKEX        , 	Bittrex     , 	NXT/BTC, 	1.83e-06, 	74755.44156482, 	1.33e-06, 	109343.63110711, 	37.593985%, 	0.400000%, 	37.193985%
2020-04-07 20:29:25, 	OKEX        , 	Bittrex     , 	NXT/BTC, 	1.83e-06, 	5096.06940014, 	1.33e-06, 	109343.63110711, 	37.593985%, 	0.400000%, 	37.193985%
2020-04-07 20:29:55, 	OKEX        , 	Bittrex     , 	NXT/BTC, 	1.83e-06, 	5096.06940014, 	1.33e-06, 	109343.63110711, 	37.593985%, 	0.400000%, 	37.193985%
2020-04-07 20:30:25, 	OKEX        , 	Bittrex     , 	NXT/BTC, 	1.83e-06, 	2890.06940014, 	1.33e-06, 	109343.63110711, 	37.593985%, 	0.400000%, 	37.193985%
2020-04-07 20:30:55, 	OKEX        , 	Bittrex     , 	NXT/BTC, 	1.83e-06, 	2971.03395357, 	1.33e-06, 	109343.63110711, 	37.593985%, 	0.400000%, 	37.193985%
2020-04-07 20:31:25, 	OKEX        , 	Bittrex     , 	NXT/BTC, 	1.83e-06, 	2971.03395357, 	1.33e-06, 	109343.63110711, 	37.593985%, 	0.400000%, 	37.193985%
2020-04-07 20:31:55, 	OKEX        , 	Bittrex     , 	NXT/BTC, 	1.83e-06, 	2971.03395357, 	1.33e-06, 	109343.63110711, 	37.593985%, 	0.400000%, 	37.193985%
2020-04-07 20:32:25, 	OKEX        , 	Bittrex     , 	NXT/BTC, 	1.83e-06, 	2971.03395357, 	1.33e-06, 	109343.63110711, 	37.593985%, 	0.400000%, 	37.193985%
2020-04-07 20:32:55, 	OKEX        , 	Bittrex     , 	NXT/BTC, 	1.83e-06, 	2971.03395357, 	1.33e-06, 	109343.63110711, 	37.593985%, 	0.400000%, 	37.193985%
2020-04-07 20:33:25, 	OKEX        , 	Bittrex     , 	NXT/BTC, 	1.83e-06, 	2971.03395357, 	1.33e-06, 	109343.63110711, 	37.593985%, 	0.400000%, 	37.193985%
2020-04-07 20:33:55, 	OKEX        , 	Bittrex     , 	NXT/BTC, 	1.83e-06, 	2971.03395357, 	1.33e-06, 	109343.63110711, 	37.593985%, 	0.400000%, 	37.193985%
2020-04-07 20:34:25, 	OKEX        , 	Bittrex     , 	NXT/BTC, 	1.83e-06, 	74755.44156482, 	1.33e-06, 	109343.63110711, 	37.593985%, 	0.400000%, 	37.193985%
2020-04-07 20:34:55, 	OKEX        , 	Bittrex     , 	NXT/BTC, 	1.83e-06, 	74755.44156482, 	1.33e-06, 	109343.63110711, 	37.593985%, 	0.400000%, 	37.193985%
2020-04-07 20:35:25, 	OKEX        , 	Bittrex     , 	NXT/BTC, 	1.83e-06, 	70879.47257257, 	1.33e-06, 	109343.63110711, 	37.593985%, 	0.400000%, 	37.193985%
2020-04-07 20:35:55, 	OKEX        , 	Bittrex     , 	NXT/BTC, 	1.83e-06, 	74755.44156482, 	1.33e-06, 	109343.63110711, 	37.593985%, 	0.400000%, 	37.193985%
2020-04-07 20:36:25, 	OKEX        , 	Bittrex     , 	NXT/BTC, 	1.83e-06, 	74755.44156482, 	1.33e-06, 	109343.63110711, 	37.593985%, 	0.400000%, 	37.193985%
2020-04-07 20:36:55, 	OKEX        , 	Bittrex     , 	NXT/BTC, 	1.83e-06, 	74755.44156482, 	1.33e-06, 	109343.63110711, 	37.593985%, 	0.400000%, 	37.193985%
2020-04-07 20:37:25, 	OKEX        , 	Bittrex     , 	NXT/BTC, 	1.83e-06, 	2888.57700709, 	1.33e-06, 	109343.63110711, 	37.593985%, 	0.400000%, 	37.193985%
2020-04-07 20:37:55, 	OKEX        , 	Bittrex     , 	NXT/BTC, 	1.83e-06, 	2888.57700709, 	1.33e-06, 	109343.63110711, 	37.593985%, 	0.400000%, 	37.193985%
2020-04-07 20:38:25, 	OKEX        , 	Bittrex     , 	NXT/BTC, 	1.83e-06, 	2888.57700709, 	1.33e-06, 	109343.63110711, 	37.593985%, 	0.400000%, 	37.193985%
2020-04-07 20:38:55, 	OKEX        , 	Bittrex     , 	NXT/BTC, 	1.83e-06, 	2971.17974295, 	1.33e-06, 	109343.63110711, 	37.593985%, 	0.400000%, 	37.193985%
2020-04-07 20:39:25, 	OKEX        , 	Bittrex     , 	NXT/BTC, 	1.83e-06, 	2971.17974295, 	1.33e-06, 	109343.63110711, 	37.593985%, 	0.400000%, 	37.193985%
2020-04-07 20:39:55, 	OKEX        , 	Bittrex     , 	NXT/BTC, 	1.83e-06, 	2971.17974295, 	1.33e-06, 	109343.63110711, 	37.593985%, 	0.400000%, 	37.193985%
2020-04-07 20:58:39, 	OKEX        , 	Bittrex     , 	NXT/BTC, 	1.83e-06, 	74755.44156482, 	1.33e-06, 	109343.63110711, 	37.593985%, 	0.400000%, 	37.193985%
2020-04-07 20:59:09, 	OKEX        , 	Bittrex     , 	NXT/BTC, 	1.83e-06, 	74755.44156482, 	1.33e-06, 	109343.63110711, 	37.593985%, 	0.400000%, 	37.193985%
2020-04-07 20:59:39, 	OKEX        , 	Bittrex     , 	NXT/BTC, 	1.83e-06, 	74755.44156482, 	1.33e-06, 	109343.63110711, 	37.593985%, 	0.400000%, 	37.193985%
2020-04-07 21:00:09, 	OKEX        , 	Bittrex     , 	NXT/BTC, 	1.83e-06, 	74755.44156482, 	1.33e-06, 	109343.63110711, 	37.593985%, 	0.400000%, 	37.193985%
2020-04-07 21:00:39, 	OKEX        , 	Bittrex     , 	NXT/BTC, 	1.83e-06, 	74755.44156482, 	1.33e-06, 	109343.63110711, 	37.593985%, 	0.400000%, 	37.193985%
2020-04-07 21:01:09, 	OKEX        , 	Bittrex     , 	NXT/BTC, 	1.83e-06, 	2885.73914052, 	1.33e-06, 	109343.63110711, 	37.593985%, 	0.400000%, 	37.193985%
2020-04-07 21:01:39, 	OKEX        , 	Bittrex     , 	NXT/BTC, 	1.83e-06, 	5091.73914052, 	1.33e-06, 	109343.63110711, 	37.593985%, 	0.400000%, 	37.193985%
2020-04-07 21:02:09, 	OKEX        , 	Bittrex     , 	NXT/BTC, 	1.83e-06, 	5091.73914052, 	1.33e-06, 	109343.63110711, 	37.593985%, 	0.400000%, 	37.193985%
2020-04-07 21:02:39, 	OKEX        , 	Bittrex     , 	NXT/BTC, 	1.83e-06, 	2885.73914052, 	1.33e-06, 	109343.63110711, 	37.593985%, 	0.400000%, 	37.193985%
2020-04-07 21:03:09, 	OKEX        , 	Bittrex     , 	NXT/BTC, 	1.83e-06, 	2969.85996547, 	1.33e-06, 	109343.63110711, 	37.593985%, 	0.400000%, 	37.193985%
2020-04-07 21:03:39, 	OKEX        , 	Bittrex     , 	NXT/BTC, 	1.83e-06, 	2969.85996547, 	1.33e-06, 	109343.63110711, 	37.593985%, 	0.400000%, 	37.193985%
2020-04-07 21:04:09, 	OKEX        , 	Bittrex     , 	NXT/BTC, 	1.83e-06, 	2969.85996547, 	1.33e-06, 	109343.63110711, 	37.593985%, 	0.400000%, 	37.193985%
2020-04-07 21:04:39, 	OKEX        , 	Bittrex     , 	NXT/BTC, 	1.83e-06, 	2969.85996547, 	1.33e-06, 	109343.63110711, 	37.593985%, 	0.400000%, 	37.193985%
2020-04-07 21:05:09, 	OKEX        , 	Bittrex     , 	NXT/BTC, 	1.83e-06, 	2969.85996547, 	1.33e-06, 	109343.63110711, 	37.593985%, 	0.400000%, 	37.193985%
2020-04-07 21:05:39, 	OKEX        , 	Bittrex     , 	NXT/BTC, 	1.83e-06, 	2969.85996547, 	1.33e-06, 	109343.63110711, 	37.593985%, 	0.400000%, 	37.193985%
2020-04-07 21:07:37, 	OKEX        , 	Bittrex     , 	NXT/BTC, 	1.83e-06, 	13744.46153845, 	1.32e-06, 	837.50171493, 	38.636364%, 	0.400000%, 	38.236364%
2020-04-07 21:08:07, 	OKEX        , 	Bittrex     , 	NXT/BTC, 	1.83e-06, 	13744.46153845, 	1.32e-06, 	837.50171493, 	38.636364%, 	0.400000%, 	38.236364%
2020-04-07 21:08:37, 	OKEX        , 	Bittrex     , 	NXT/BTC, 	1.83e-06, 	13744.46153845, 	1.32e-06, 	837.50171493, 	38.636364%, 	0.400000%, 	38.236364%
2020-04-07 21:09:07, 	OKEX        , 	Bittrex     , 	NXT/BTC, 	1.83e-06, 	13744.46153845, 	1.32e-06, 	837.50171493, 	38.636364%, 	0.400000%, 	38.236364%
2020-04-07 21:09:37, 	OKEX        , 	Bittrex     , 	NXT/BTC, 	1.83e-06, 	13744.46153845, 	1.32e-06, 	837.50171493, 	38.636364%, 	0.400000%, 	38.236364%
2020-04-07 21:10:07, 	OKEX        , 	Bittrex     , 	NXT/BTC, 	1.83e-06, 	13744.46153845, 	1.32e-06, 	837.50171493, 	38.636364%, 	0.400000%, 	38.236364%
2020-04-07 21:10:37, 	OKEX        , 	Bittrex     , 	NXT/BTC, 	1.83e-06, 	13744.46153845, 	1.32e-06, 	837.50171493, 	38.636364%, 	0.400000%, 	38.236364%
2020-04-07 21:11:07, 	OKEX        , 	Bittrex     , 	NXT/BTC, 	1.83e-06, 	13744.46153845, 	1.32e-06, 	837.50171493, 	38.636364%, 	0.400000%, 	38.236364%
2020-04-07 21:11:37, 	OKEX        , 	Bittrex     , 	NXT/BTC, 	1.83e-06, 	13744.46153845, 	1.32e-06, 	837.50171493, 	38.636364%, 	0.400000%, 	38.236364%
2020-04-07 21:12:07, 	OKEX        , 	Bittrex     , 	NXT/BTC, 	1.83e-06, 	13744.46153845, 	1.32e-06, 	837.50171493, 	38.636364%, 	0.400000%, 	38.236364%
2020-04-07 21:12:37, 	OKEX        , 	Bittrex     , 	NXT/BTC, 	1.83e-06, 	13744.46153845, 	1.32e-06, 	837.50171493, 	38.636364%, 	0.400000%, 	38.236364%
2020-04-07 21:13:07, 	OKEX        , 	Bittrex     , 	NXT/BTC, 	1.83e-06, 	13744.46153845, 	1.32e-06, 	837.50171493, 	38.636364%, 	0.400000%, 	38.236364%
2020-04-07 21:13:37, 	OKEX        , 	Bittrex     , 	NXT/BTC, 	1.83e-06, 	13744.46153845, 	1.32e-06, 	837.50171493, 	38.636364%, 	0.400000%, 	38.236364%
2020-04-07 21:14:07, 	OKEX        , 	Bittrex     , 	NXT/BTC, 	1.83e-06, 	10942.58778625, 	1.32e-06, 	837.50171493, 	38.636364%, 	0.400000%, 	38.236364%
2020-04-07 21:14:37, 	OKEX        , 	Bittrex     , 	NXT/BTC, 	1.83e-06, 	10942.58778625, 	1.32e-06, 	837.50171493, 	38.636364%, 	0.400000%, 	38.236364%
2020-04-07 21:15:07, 	OKEX        , 	Bittrex     , 	NXT/BTC, 	1.83e-06, 	10942.58778625, 	1.32e-06, 	837.50171493, 	38.636364%, 	0.400000%, 	38.236364%
2020-04-07 21:15:37, 	OKEX        , 	Bittrex     , 	NXT/BTC, 	1.83e-06, 	10942.58778625, 	1.32e-06, 	837.50171493, 	38.636364%, 	0.400000%, 	38.236364%
2020-04-07 21:16:07, 	OKEX        , 	Bittrex     , 	NXT/BTC, 	1.83e-06, 	3309.0, 	1.32e-06, 	837.50171493, 	38.636364%, 	0.400000%, 	38.236364%
2020-04-07 21:16:37, 	OKEX        , 	Bittrex     , 	NXT/BTC, 	1.83e-06, 	10942.58778625, 	1.32e-06, 	837.50171493, 	38.636364%, 	0.400000%, 	38.236364%
2020-04-07 21:17:07, 	OKEX        , 	Bittrex     , 	NXT/BTC, 	1.83e-06, 	3309.0, 	1.32e-06, 	837.50171493, 	38.636364%, 	0.400000%, 	38.236364%
2020-04-07 21:17:37, 	OKEX        , 	Bittrex     , 	NXT/BTC, 	1.83e-06, 	7125.79389313, 	1.32e-06, 	837.50171493, 	38.636364%, 	0.400000%, 	38.236364%
2020-04-07 21:41:49, 	OKEX        , 	Bittrex     , 	NXT/BTC, 	1.83e-06, 	14847.46153845, 	1.32e-06, 	837.50171493, 	38.636364%, 	0.400000%, 	38.236364%
2020-04-07 21:42:19, 	OKEX        , 	Bittrex     , 	NXT/BTC, 	1.83e-06, 	14847.46153845, 	1.32e-06, 	837.50171493, 	38.636364%, 	0.400000%, 	38.236364%
2020-04-07 21:42:49, 	OKEX        , 	Bittrex     , 	NXT/BTC, 	1.83e-06, 	14847.46153845, 	1.32e-06, 	837.50171493, 	38.636364%, 	0.400000%, 	38.236364%
2020-04-07 21:43:19, 	OKEX        , 	Bittrex     , 	NXT/BTC, 	1.83e-06, 	14847.46153845, 	1.32e-06, 	837.50171493, 	38.636364%, 	0.400000%, 	38.236364%
2020-04-07 21:43:49, 	OKEX        , 	Bittrex     , 	NXT/BTC, 	1.83e-06, 	14847.46153845, 	1.32e-06, 	837.50171493, 	38.636364%, 	0.400000%, 	38.236364%
2020-04-07 21:44:19, 	OKEX        , 	Bittrex     , 	NXT/BTC, 	1.83e-06, 	14847.46153845, 	1.32e-06, 	837.50171493, 	38.636364%, 	0.400000%, 	38.236364%
2020-04-07 21:44:49, 	OKEX        , 	Bittrex     , 	NXT/BTC, 	1.83e-06, 	14847.46153845, 	1.32e-06, 	837.50171493, 	38.636364%, 	0.400000%, 	38.236364%
2020-04-07 21:45:19, 	OKEX        , 	Bittrex     , 	NXT/BTC, 	1.83e-06, 	14847.46153845, 	1.32e-06, 	837.50171493, 	38.636364%, 	0.400000%, 	38.236364%
2020-04-07 21:45:49, 	OKEX        , 	Bittrex     , 	NXT/BTC, 	1.83e-06, 	14847.46153845, 	1.32e-06, 	837.50171493, 	38.636364%, 	0.400000%, 	38.236364%
2020-04-07 21:46:19, 	OKEX        , 	Bittrex     , 	NXT/BTC, 	1.83e-06, 	14847.46153845, 	1.32e-06, 	837.50171493, 	38.636364%, 	0.400000%, 	38.236364%
2020-04-07 21:46:49, 	OKEX        , 	Bittrex     , 	NXT/BTC, 	1.83e-06, 	14847.46153845, 	1.32e-06, 	837.50171493, 	38.636364%, 	0.400000%, 	38.236364%
2020-04-07 21:47:19, 	OKEX        , 	Bittrex     , 	NXT/BTC, 	1.83e-06, 	14847.46153845, 	1.32e-06, 	837.50171493, 	38.636364%, 	0.400000%, 	38.236364%
2020-04-07 21:47:49, 	OKEX        , 	Bittrex     , 	NXT/BTC, 	1.83e-06, 	14847.46153845, 	1.32e-06, 	837.50171493, 	38.636364%, 	0.400000%, 	38.236364%
2020-04-07 21:48:19, 	OKEX        , 	Bittrex     , 	NXT/BTC, 	1.83e-06, 	14847.46153845, 	1.32e-06, 	837.50171493, 	38.636364%, 	0.400000%, 	38.236364%
2020-04-07 21:48:49, 	OKEX        , 	Bittrex     , 	NXT/BTC, 	1.83e-06, 	14847.46153845, 	1.32e-06, 	837.50171493, 	38.636364%, 	0.400000%, 	38.236364%
2020-04-07 21:49:19, 	OKEX        , 	Bittrex     , 	NXT/BTC, 	1.83e-06, 	14847.46153845, 	1.32e-06, 	837.50171493, 	38.636364%, 	0.400000%, 	38.236364%
2020-04-07 21:49:49, 	OKEX        , 	Bittrex     , 	NXT/BTC, 	1.83e-06, 	14847.46153845, 	1.32e-06, 	837.50171493, 	38.636364%, 	0.400000%, 	38.236364%
2020-04-07 21:50:19, 	OKEX        , 	Bittrex     , 	NXT/BTC, 	1.83e-06, 	14847.46153845, 	1.32e-06, 	837.50171493, 	38.636364%, 	0.400000%, 	38.236364%
2020-04-07 21:50:49, 	OKEX        , 	Bittrex     , 	NXT/BTC, 	1.83e-06, 	14847.46153845, 	1.32e-06, 	837.50171493, 	38.636364%, 	0.400000%, 	38.236364%
2020-04-07 21:51:19, 	OKEX        , 	Bittrex     , 	NXT/BTC, 	1.83e-06, 	14847.46153845, 	1.32e-06, 	837.50171493, 	38.636364%, 	0.400000%, 	38.236364%
2020-04-07 21:51:49, 	OKEX        , 	Bittrex     , 	NXT/BTC, 	1.83e-06, 	14847.46153845, 	1.32e-06, 	837.50171493, 	38.636364%, 	0.400000%, 	38.236364%
2020-04-07 21:52:19, 	OKEX        , 	Bittrex     , 	NXT/BTC, 	1.83e-06, 	15863.38167938, 	1.32e-06, 	837.50171493, 	38.636364%, 	0.400000%, 	38.236364%
2020-04-07 21:52:49, 	OKEX        , 	Bittrex     , 	NXT/BTC, 	1.83e-06, 	15863.38167938, 	1.32e-06, 	837.50171493, 	38.636364%, 	0.400000%, 	38.236364%
2020-04-07 21:53:19, 	OKEX        , 	Bittrex     , 	NXT/BTC, 	1.83e-06, 	15863.38167938, 	1.32e-06, 	837.50171493, 	38.636364%, 	0.400000%, 	38.236364%
2020-04-07 21:53:49, 	OKEX        , 	Bittrex     , 	NXT/BTC, 	1.83e-06, 	15863.38167938, 	1.32e-06, 	837.50171493, 	38.636364%, 	0.400000%, 	38.236364%
2020-04-07 21:54:19, 	OKEX        , 	Bittrex     , 	NXT/BTC, 	1.83e-06, 	15863.38167938, 	1.32e-06, 	837.50171493, 	38.636364%, 	0.400000%, 	38.236364%
2020-04-07 21:54:49, 	OKEX        , 	Bittrex     , 	NXT/BTC, 	1.83e-06, 	15863.38167938, 	1.32e-06, 	837.50171493, 	38.636364%, 	0.400000%, 	38.236364%
2020-04-07 21:55:19, 	OKEX        , 	Bittrex     , 	NXT/BTC, 	1.83e-06, 	15863.38167938, 	1.32e-06, 	837.50171493, 	38.636364%, 	0.400000%, 	38.236364%
2020-04-07 21:55:49, 	OKEX        , 	Bittrex     , 	NXT/BTC, 	1.83e-06, 	15863.38167938, 	1.32e-06, 	837.50171493, 	38.636364%, 	0.400000%, 	38.236364%
2020-04-07 21:56:19, 	OKEX        , 	Bittrex     , 	NXT/BTC, 	1.83e-06, 	15863.38167938, 	1.32e-06, 	837.50171493, 	38.636364%, 	0.400000%, 	38.236364%
2020-04-07 21:56:49, 	OKEX        , 	Bittrex     , 	NXT/BTC, 	1.83e-06, 	15863.38167938, 	1.32e-06, 	837.50171493, 	38.636364%, 	0.400000%, 	38.236364%
2020-04-07 21:57:19, 	OKEX        , 	Bittrex     , 	NXT/BTC, 	1.83e-06, 	15863.38167938, 	1.32e-06, 	837.50171493, 	38.636364%, 	0.400000%, 	38.236364%
2020-04-07 21:57:49, 	OKEX        , 	Bittrex     , 	NXT/BTC, 	1.83e-06, 	15863.38167938, 	1.32e-06, 	837.50171493, 	38.636364%, 	0.400000%, 	38.236364%
2020-04-07 21:58:19, 	OKEX        , 	Bittrex     , 	NXT/BTC, 	1.83e-06, 	15863.38167938, 	1.32e-06, 	837.50171493, 	38.636364%, 	0.400000%, 	38.236364%
2020-04-07 21:58:49, 	OKEX        , 	Bittrex     , 	NXT/BTC, 	1.83e-06, 	15863.38167938, 	1.32e-06, 	837.50171493, 	38.636364%, 	0.400000%, 	38.236364%
2020-04-07 21:59:19, 	OKEX        , 	Bittrex     , 	NXT/BTC, 	1.83e-06, 	15863.38167938, 	1.32e-06, 	837.50171493, 	38.636364%, 	0.400000%, 	38.236364%
2020-04-07 21:59:49, 	OKEX        , 	Bittrex     , 	NXT/BTC, 	1.83e-06, 	15863.38167938, 	1.32e-06, 	837.50171493, 	38.636364%, 	0.400000%, 	38.236364%
2020-04-07 22:00:19, 	OKEX        , 	Bittrex     , 	NXT/BTC, 	1.83e-06, 	15863.38167938, 	1.32e-06, 	837.50171493, 	38.636364%, 	0.400000%, 	38.236364%
2020-04-07 22:00:49, 	OKEX        , 	Bittrex     , 	NXT/BTC, 	1.83e-06, 	15863.38167938, 	1.32e-06, 	837.50171493, 	38.636364%, 	0.400000%, 	38.236364%
2020-04-07 22:01:19, 	OKEX        , 	Bittrex     , 	NXT/BTC, 	1.83e-06, 	15863.38167938, 	1.32e-06, 	837.50171493, 	38.636364%, 	0.400000%, 	38.236364%
2020-04-07 22:01:49, 	OKEX        , 	Bittrex     , 	NXT/BTC, 	1.83e-06, 	15863.38167938, 	1.32e-06, 	837.50171493, 	38.636364%, 	0.400000%, 	38.236364%
2020-04-07 22:02:19, 	OKEX        , 	Bittrex     , 	NXT/BTC, 	1.83e-06, 	15863.38167938, 	1.32e-06, 	837.50171493, 	38.636364%, 	0.400000%, 	38.236364%
2020-04-07 22:02:49, 	OKEX        , 	Bittrex     , 	NXT/BTC, 	1.83e-06, 	15863.38167938, 	1.32e-06, 	837.50171493, 	38.636364%, 	0.400000%, 	38.236364%
2020-04-07 22:03:19, 	OKEX        , 	Bittrex     , 	NXT/BTC, 	1.83e-06, 	15863.38167938, 	1.32e-06, 	837.50171493, 	38.636364%, 	0.400000%, 	38.236364%
2020-04-07 22:03:49, 	OKEX        , 	Bittrex     , 	NXT/BTC, 	1.83e-06, 	15863.38167938, 	1.32e-06, 	837.50171493, 	38.636364%, 	0.400000%, 	38.236364%
2020-04-07 22:04:19, 	OKEX        , 	Bittrex     , 	NXT/BTC, 	1.83e-06, 	15863.38167938, 	1.32e-06, 	837.50171493, 	38.636364%, 	0.400000%, 	38.236364%
2020-04-07 22:04:49, 	OKEX        , 	Bittrex     , 	NXT/BTC, 	1.83e-06, 	10000.0, 	1.32e-06, 	837.50171493, 	38.636364%, 	0.400000%, 	38.236364%
2020-04-07 22:05:19, 	OKEX        , 	Bittrex     , 	NXT/BTC, 	1.83e-06, 	10503.0, 	1.32e-06, 	837.50171493, 	38.636364%, 	0.400000%, 	38.236364%
2020-04-07 22:05:49, 	OKEX        , 	Bittrex     , 	NXT/BTC, 	1.83e-06, 	10504.0, 	1.32e-06, 	837.50171493, 	38.636364%, 	0.400000%, 	38.236364%
2020-04-07 22:06:19, 	OKEX        , 	Bittrex     , 	NXT/BTC, 	1.83e-06, 	10504.0, 	1.32e-06, 	837.50171493, 	38.636364%, 	0.400000%, 	38.236364%
2020-04-07 22:06:49, 	OKEX        , 	Bittrex     , 	NXT/BTC, 	1.83e-06, 	10000.0, 	1.32e-06, 	837.50171493, 	38.636364%, 	0.400000%, 	38.236364%
2020-04-07 22:07:19, 	OKEX        , 	Bittrex     , 	NXT/BTC, 	1.83e-06, 	10000.0, 	1.32e-06, 	837.50171493, 	38.636364%, 	0.400000%, 	38.236364%
2020-04-07 22:07:49, 	OKEX        , 	Bittrex     , 	NXT/BTC, 	1.83e-06, 	10000.0, 	1.32e-06, 	837.50171493, 	38.636364%, 	0.400000%, 	38.236364%
2020-04-07 22:08:19, 	OKEX        , 	Bittrex     , 	NXT/BTC, 	1.83e-06, 	11527.0, 	1.32e-06, 	837.50171493, 	38.636364%, 	0.400000%, 	38.236364%
2020-04-07 22:08:49, 	OKEX        , 	Bittrex     , 	NXT/BTC, 	1.83e-06, 	10000.0, 	1.32e-06, 	837.50171493, 	38.636364%, 	0.400000%, 	38.236364%
2020-04-07 22:09:19, 	OKEX        , 	Bittrex     , 	NXT/BTC, 	1.83e-06, 	10000.0, 	1.32e-06, 	837.50171493, 	38.636364%, 	0.400000%, 	38.236364%
2020-04-07 22:09:49, 	OKEX        , 	Bittrex     , 	NXT/BTC, 	1.83e-06, 	10000.0, 	1.32e-06, 	837.50171493, 	38.636364%, 	0.400000%, 	38.236364%
2020-04-07 22:10:19, 	OKEX        , 	Bittrex     , 	NXT/BTC, 	1.83e-06, 	10000.0, 	1.32e-06, 	837.50171493, 	38.636364%, 	0.400000%, 	38.236364%
2020-04-07 22:10:49, 	OKEX        , 	Bittrex     , 	NXT/BTC, 	1.83e-06, 	10000.0, 	1.32e-06, 	837.50171493, 	38.636364%, 	0.400000%, 	38.236364%
2020-04-07 22:11:19, 	OKEX        , 	Bittrex     , 	NXT/BTC, 	1.83e-06, 	10000.0, 	1.32e-06, 	837.50171493, 	38.636364%, 	0.400000%, 	38.236364%
2020-04-07 22:11:49, 	OKEX        , 	Bittrex     , 	NXT/BTC, 	1.83e-06, 	10000.0, 	1.32e-06, 	837.50171493, 	38.636364%, 	0.400000%, 	38.236364%
2020-04-07 22:12:19, 	OKEX        , 	Bittrex     , 	NXT/BTC, 	1.83e-06, 	10000.0, 	1.32e-06, 	837.50171493, 	38.636364%, 	0.400000%, 	38.236364%
2020-04-07 22:12:49, 	OKEX        , 	Bittrex     , 	NXT/BTC, 	1.83e-06, 	10000.0, 	1.32e-06, 	837.50171493, 	38.636364%, 	0.400000%, 	38.236364%
2020-04-07 22:13:19, 	OKEX        , 	Bittrex     , 	NXT/BTC, 	1.83e-06, 	10000.0, 	1.32e-06, 	837.50171493, 	38.636364%, 	0.400000%, 	38.236364%
2020-04-07 22:13:49, 	OKEX        , 	Bittrex     , 	NXT/BTC, 	1.83e-06, 	10000.0, 	1.32e-06, 	837.50171493, 	38.636364%, 	0.400000%, 	38.236364%
2020-04-07 22:14:19, 	OKEX        , 	Bittrex     , 	NXT/BTC, 	1.83e-06, 	10501.0, 	1.32e-06, 	837.50171493, 	38.636364%, 	0.400000%, 	38.236364%
2020-04-07 22:14:49, 	OKEX        , 	Bittrex     , 	NXT/BTC, 	1.83e-06, 	10000.0, 	1.32e-06, 	837.50171493, 	38.636364%, 	0.400000%, 	38.236364%
2020-04-07 22:15:19, 	OKEX        , 	Bittrex     , 	NXT/BTC, 	1.83e-06, 	21862.10394409, 	1.32e-06, 	837.50171493, 	38.636364%, 	0.400000%, 	38.236364%
2020-04-07 22:15:49, 	OKEX        , 	Bittrex     , 	NXT/BTC, 	1.83e-06, 	21862.10394409, 	1.32e-06, 	837.50171493, 	38.636364%, 	0.400000%, 	38.236364%
2020-04-07 22:16:19, 	OKEX        , 	Bittrex     , 	NXT/BTC, 	1.83e-06, 	21862.10394409, 	1.32e-06, 	837.50171493, 	38.636364%, 	0.400000%, 	38.236364%
2020-04-07 22:16:49, 	OKEX        , 	Bittrex     , 	NXT/BTC, 	1.83e-06, 	21862.10394409, 	1.32e-06, 	837.50171493, 	38.636364%, 	0.400000%, 	38.236364%
2020-04-07 22:17:19, 	OKEX        , 	Bittrex     , 	NXT/BTC, 	1.83e-06, 	21862.10394409, 	1.32e-06, 	837.50171493, 	38.636364%, 	0.400000%, 	38.236364%
2020-04-07 22:17:49, 	OKEX        , 	Bittrex     , 	NXT/BTC, 	1.83e-06, 	21862.10394409, 	1.32e-06, 	837.50171493, 	38.636364%, 	0.400000%, 	38.236364%
2020-04-07 22:18:19, 	OKEX        , 	Bittrex     , 	NXT/BTC, 	1.83e-06, 	21862.10394409, 	1.32e-06, 	837.50171493, 	38.636364%, 	0.400000%, 	38.236364%
2020-04-07 22:18:49, 	OKEX        , 	Bittrex     , 	NXT/BTC, 	1.83e-06, 	21862.10394409, 	1.32e-06, 	837.50171493, 	38.636364%, 	0.400000%, 	38.236364%
2020-04-07 22:19:19, 	OKEX        , 	Bittrex     , 	NXT/BTC, 	1.83e-06, 	21862.10394409, 	1.32e-06, 	837.50171493, 	38.636364%, 	0.400000%, 	38.236364%
2020-04-07 22:19:49, 	OKEX        , 	Bittrex     , 	NXT/BTC, 	1.83e-06, 	68649.23124907, 	1.33e-06, 	101777.76740612, 	37.593985%, 	0.400000%, 	37.193985%
2020-04-07 22:20:19, 	OKEX        , 	Bittrex     , 	NXT/BTC, 	1.83e-06, 	68649.23124907, 	1.33e-06, 	101777.76740612, 	37.593985%, 	0.400000%, 	37.193985%
2020-04-07 22:20:49, 	OKEX        , 	Bittrex     , 	NXT/BTC, 	1.83e-06, 	16275.10394409, 	1.33e-06, 	97715.72413037, 	37.593985%, 	0.400000%, 	37.193985%
2020-04-07 22:21:19, 	OKEX        , 	Bittrex     , 	NXT/BTC, 	1.83e-06, 	11862.10394409, 	1.33e-06, 	29582.64668151, 	37.593985%, 	0.400000%, 	37.193985%
2020-04-07 22:21:49, 	OKEX        , 	Bittrex     , 	NXT/BTC, 	1.83e-06, 	11862.10394409, 	1.33e-06, 	33245.40178832, 	37.593985%, 	0.400000%, 	37.193985%
2020-04-07 22:22:19, 	OKEX        , 	Bittrex     , 	NXT/BTC, 	1.83e-06, 	11862.10394409, 	1.33e-06, 	33245.40178832, 	37.593985%, 	0.400000%, 	37.193985%
2020-04-07 22:22:49, 	OKEX        , 	Bittrex     , 	NXT/BTC, 	1.83e-06, 	11862.10394409, 	1.33e-06, 	33245.40178832, 	37.593985%, 	0.400000%, 	37.193985%
2020-04-07 22:23:19, 	OKEX        , 	Bittrex     , 	NXT/BTC, 	1.83e-06, 	11862.10394409, 	1.33e-06, 	33245.40178832, 	37.593985%, 	0.400000%, 	37.193985%
2020-04-07 22:23:49, 	OKEX        , 	Bittrex     , 	NXT/BTC, 	1.83e-06, 	11862.10394409, 	1.33e-06, 	33245.40178832, 	37.593985%, 	0.400000%, 	37.193985%
2020-04-07 22:24:19, 	OKEX        , 	Bittrex     , 	NXT/BTC, 	1.83e-06, 	10558.17422591, 	1.33e-06, 	33245.40178832, 	37.593985%, 	0.400000%, 	37.193985%
2020-04-07 22:24:49, 	OKEX        , 	Bittrex     , 	NXT/BTC, 	1.83e-06, 	10558.17422591, 	1.33e-06, 	33245.40178832, 	37.593985%, 	0.400000%, 	37.193985%
2020-04-07 22:25:19, 	OKEX        , 	Bittrex     , 	NXT/BTC, 	1.83e-06, 	12764.17422591, 	1.33e-06, 	33245.40178832, 	37.593985%, 	0.400000%, 	37.193985%
2020-04-07 22:25:49, 	OKEX        , 	Bittrex     , 	NXT/BTC, 	1.83e-06, 	10558.17422591, 	1.33e-06, 	33245.40178832, 	37.593985%, 	0.400000%, 	37.193985%
2020-04-07 22:26:19, 	OKEX        , 	Bittrex     , 	NXT/BTC, 	1.83e-06, 	10558.17422591, 	1.33e-06, 	33245.40178832, 	37.593985%, 	0.400000%, 	37.193985%
2020-04-07 22:26:49, 	OKEX        , 	Bittrex     , 	NXT/BTC, 	1.83e-06, 	10558.17422591, 	1.33e-06, 	33245.40178832, 	37.593985%, 	0.400000%, 	37.193985%
2020-04-07 22:27:19, 	OKEX        , 	Bittrex     , 	NXT/BTC, 	1.83e-06, 	10558.17422591, 	1.33e-06, 	33245.40178832, 	37.593985%, 	0.400000%, 	37.193985%
2020-04-07 22:27:49, 	OKEX        , 	Bittrex     , 	NXT/BTC, 	1.83e-06, 	10558.17422591, 	1.33e-06, 	33245.40178832, 	37.593985%, 	0.400000%, 	37.193985%
2020-04-07 22:28:19, 	OKEX        , 	Bittrex     , 	NXT/BTC, 	1.83e-06, 	10558.17422591, 	1.33e-06, 	33245.40178832, 	37.593985%, 	0.400000%, 	37.193985%
2020-04-07 22:28:49, 	OKEX        , 	Bittrex     , 	NXT/BTC, 	1.83e-06, 	10558.17422591, 	1.33e-06, 	33245.40178832, 	37.593985%, 	0.400000%, 	37.193985%
2020-04-07 22:29:19, 	OKEX        , 	Bittrex     , 	NXT/BTC, 	1.56e-06, 	10558.17422591, 	1.33e-06, 	33245.40178832, 	17.293233%, 	0.400000%, 	16.893233%
2020-04-07 22:29:49, 	OKEX        , 	Bittrex     , 	NXT/BTC, 	1.56e-06, 	10558.17422591, 	1.33e-06, 	33245.40178832, 	17.293233%, 	0.400000%, 	16.893233%
2020-04-07 22:30:19, 	OKEX        , 	Bittrex     , 	NXT/BTC, 	1.83e-06, 	10558.17422591, 	1.33e-06, 	33245.40178832, 	37.593985%, 	0.400000%, 	37.193985%
2020-04-07 22:30:49, 	OKEX        , 	Bittrex     , 	NXT/BTC, 	1.83e-06, 	10558.17422591, 	1.33e-06, 	33245.40178832, 	37.593985%, 	0.400000%, 	37.193985%
2020-04-07 22:31:19, 	OKEX        , 	Bittrex     , 	NXT/BTC, 	1.83e-06, 	10558.17422591, 	1.33e-06, 	33245.40178832, 	37.593985%, 	0.400000%, 	37.193985%
2020-04-07 22:31:49, 	OKEX        , 	Bittrex     , 	NXT/BTC, 	1.83e-06, 	10558.17422591, 	1.33e-06, 	33245.40178832, 	37.593985%, 	0.400000%, 	37.193985%
2020-04-07 22:32:19, 	OKEX        , 	Bittrex     , 	NXT/BTC, 	1.83e-06, 	10558.17422591, 	1.33e-06, 	33245.40178832, 	37.593985%, 	0.400000%, 	37.193985%
2020-04-07 22:32:49, 	OKEX        , 	Bittrex     , 	NXT/BTC, 	1.83e-06, 	10558.17422591, 	1.33e-06, 	33245.40178832, 	37.593985%, 	0.400000%, 	37.193985%
2020-04-07 22:33:19, 	OKEX        , 	Bittrex     , 	NXT/BTC, 	1.83e-06, 	10558.17422591, 	1.33e-06, 	33245.40178832, 	37.593985%, 	0.400000%, 	37.193985%
2020-04-07 22:33:49, 	OKEX        , 	Bittrex     , 	NXT/BTC, 	1.83e-06, 	10558.17422591, 	1.33e-06, 	33245.40178832, 	37.593985%, 	0.400000%, 	37.193985%
2020-04-07 22:34:19, 	OKEX        , 	Bittrex     , 	NXT/BTC, 	1.83e-06, 	10558.17422591, 	1.33e-06, 	33245.40178832, 	37.593985%, 	0.400000%, 	37.193985%
2020-04-07 22:34:49, 	OKEX        , 	Bittrex     , 	NXT/BTC, 	1.83e-06, 	12764.17422591, 	1.33e-06, 	33245.40178832, 	37.593985%, 	0.400000%, 	37.193985%
2020-04-07 22:35:19, 	OKEX        , 	Bittrex     , 	NXT/BTC, 	1.83e-06, 	10558.17422591, 	1.33e-06, 	33245.40178832, 	37.593985%, 	0.400000%, 	37.193985%
2020-04-07 22:35:49, 	OKEX        , 	Bittrex     , 	NXT/BTC, 	1.83e-06, 	10558.17422591, 	1.33e-06, 	33245.40178832, 	37.593985%, 	0.400000%, 	37.193985%
2020-04-07 22:36:19, 	OKEX        , 	Bittrex     , 	NXT/BTC, 	1.83e-06, 	10558.17422591, 	1.33e-06, 	33245.40178832, 	37.593985%, 	0.400000%, 	37.193985%
2020-04-07 22:36:49, 	OKEX        , 	Bittrex     , 	NXT/BTC, 	1.83e-06, 	10558.17422591, 	1.33e-06, 	29582.64668151, 	37.593985%, 	0.400000%, 	37.193985%
2020-04-07 22:37:19, 	OKEX        , 	Bittrex     , 	NXT/BTC, 	1.83e-06, 	10558.17422591, 	1.33e-06, 	29582.64668151, 	37.593985%, 	0.400000%, 	37.193985%
2020-04-07 22:37:49, 	OKEX        , 	Bittrex     , 	NXT/BTC, 	1.83e-06, 	10558.17422591, 	1.33e-06, 	29582.64668151, 	37.593985%, 	0.400000%, 	37.193985%
2020-04-07 22:38:19, 	OKEX        , 	Bittrex     , 	NXT/BTC, 	1.83e-06, 	10558.17422591, 	1.33e-06, 	29582.64668151, 	37.593985%, 	0.400000%, 	37.193985%
2020-04-07 22:38:49, 	OKEX        , 	Bittrex     , 	NXT/BTC, 	1.83e-06, 	10558.17422591, 	1.33e-06, 	29582.64668151, 	37.593985%, 	0.400000%, 	37.193985%
2020-04-07 22:39:19, 	OKEX        , 	Bittrex     , 	NXT/BTC, 	1.83e-06, 	10558.17422591, 	1.33e-06, 	29582.64668151, 	37.593985%, 	0.400000%, 	37.193985%
2020-04-07 22:39:49, 	OKEX        , 	Bittrex     , 	NXT/BTC, 	1.83e-06, 	10558.17422591, 	1.33e-06, 	29582.64668151, 	37.593985%, 	0.400000%, 	37.193985%
2020-04-07 22:40:19, 	OKEX        , 	Bittrex     , 	NXT/BTC, 	1.83e-06, 	10558.17422591, 	1.33e-06, 	29582.64668151, 	37.593985%, 	0.400000%, 	37.193985%
2020-04-07 22:40:49, 	OKEX        , 	Bittrex     , 	NXT/BTC, 	1.83e-06, 	10558.17422591, 	1.33e-06, 	29582.64668151, 	37.593985%, 	0.400000%, 	37.193985%
2020-04-07 22:41:19, 	OKEX        , 	Bittrex     , 	NXT/BTC, 	1.83e-06, 	10558.17422591, 	1.33e-06, 	29582.64668151, 	37.593985%, 	0.400000%, 	37.193985%
2020-04-07 22:41:49, 	OKEX        , 	Bittrex     , 	NXT/BTC, 	1.83e-06, 	10558.17422591, 	1.33e-06, 	29582.64668151, 	37.593985%, 	0.400000%, 	37.193985%
2020-04-07 22:42:19, 	OKEX        , 	Bittrex     , 	NXT/BTC, 	1.83e-06, 	10558.17422591, 	1.33e-06, 	29582.64668151, 	37.593985%, 	0.400000%, 	37.193985%
2020-04-07 22:42:49, 	OKEX        , 	Bittrex     , 	NXT/BTC, 	1.83e-06, 	10558.17422591, 	1.33e-06, 	29582.64668151, 	37.593985%, 	0.400000%, 	37.193985%
2020-04-07 22:43:19, 	OKEX        , 	Bittrex     , 	NXT/BTC, 	1.83e-06, 	10558.17422591, 	1.33e-06, 	29582.64668151, 	37.593985%, 	0.400000%, 	37.193985%
2020-04-07 22:43:49, 	OKEX        , 	Bittrex     , 	NXT/BTC, 	1.83e-06, 	10558.17422591, 	1.33e-06, 	29582.64668151, 	37.593985%, 	0.400000%, 	37.193985%
2020-04-07 22:44:19, 	OKEX        , 	Bittrex     , 	NXT/BTC, 	1.83e-06, 	10558.17422591, 	1.33e-06, 	29582.64668151, 	37.593985%, 	0.400000%, 	37.193985%
2020-04-07 22:44:49, 	OKEX        , 	Bittrex     , 	NXT/BTC, 	1.83e-06, 	10558.17422591, 	1.33e-06, 	29582.64668151, 	37.593985%, 	0.400000%, 	37.193985%
2020-04-07 22:45:19, 	OKEX        , 	Bittrex     , 	NXT/BTC, 	1.83e-06, 	10558.17422591, 	1.33e-06, 	29582.64668151, 	37.593985%, 	0.400000%, 	37.193985%
2020-04-07 22:45:49, 	OKEX        , 	Bittrex     , 	NXT/BTC, 	1.83e-06, 	10558.17422591, 	1.33e-06, 	29582.64668151, 	37.593985%, 	0.400000%, 	37.193985%
2020-04-07 22:46:19, 	OKEX        , 	Bittrex     , 	NXT/BTC, 	1.83e-06, 	10558.17422591, 	1.33e-06, 	29582.64668151, 	37.593985%, 	0.400000%, 	37.193985%
2020-04-07 22:46:49, 	OKEX        , 	Bittrex     , 	NXT/BTC, 	1.83e-06, 	10558.17422591, 	1.33e-06, 	29582.64668151, 	37.593985%, 	0.400000%, 	37.193985%
2020-04-07 22:47:19, 	OKEX        , 	Bittrex     , 	NXT/BTC, 	1.83e-06, 	10558.17422591, 	1.33e-06, 	29582.64668151, 	37.593985%, 	0.400000%, 	37.193985%
2020-04-07 22:47:49, 	OKEX        , 	Bittrex     , 	NXT/BTC, 	1.83e-06, 	10558.17422591, 	1.33e-06, 	29582.64668151, 	37.593985%, 	0.400000%, 	37.193985%
2020-04-07 22:48:19, 	OKEX        , 	Bittrex     , 	NXT/BTC, 	1.83e-06, 	10558.17422591, 	1.33e-06, 	29582.64668151, 	37.593985%, 	0.400000%, 	37.193985%
2020-04-07 22:48:49, 	OKEX        , 	Bittrex     , 	NXT/BTC, 	1.83e-06, 	10558.17422591, 	1.33e-06, 	29582.64668151, 	37.593985%, 	0.400000%, 	37.193985%
2020-04-07 22:49:19, 	OKEX        , 	Bittrex     , 	NXT/BTC, 	1.83e-06, 	10558.17422591, 	1.33e-06, 	29582.64668151, 	37.593985%, 	0.400000%, 	37.193985%
2020-04-07 22:49:49, 	OKEX        , 	Bittrex     , 	NXT/BTC, 	1.83e-06, 	10558.17422591, 	1.33e-06, 	29582.64668151, 	37.593985%, 	0.400000%, 	37.193985%
2020-04-07 22:50:19, 	OKEX        , 	Bittrex     , 	NXT/BTC, 	1.83e-06, 	10558.17422591, 	1.33e-06, 	29582.64668151, 	37.593985%, 	0.400000%, 	37.193985%
2020-04-07 22:50:49, 	OKEX        , 	Bittrex     , 	NXT/BTC, 	1.83e-06, 	10558.17422591, 	1.33e-06, 	29582.64668151, 	37.593985%, 	0.400000%, 	37.193985%
2020-04-07 22:51:19, 	OKEX        , 	Bittrex     , 	NXT/BTC, 	1.83e-06, 	10558.17422591, 	1.33e-06, 	29582.64668151, 	37.593985%, 	0.400000%, 	37.193985%
2020-04-07 22:51:49, 	OKEX        , 	Bittrex     , 	NXT/BTC, 	1.83e-06, 	10558.17422591, 	1.33e-06, 	29582.64668151, 	37.593985%, 	0.400000%, 	37.193985%
2020-04-07 22:52:19, 	OKEX        , 	Bittrex     , 	NXT/BTC, 	1.83e-06, 	10558.17422591, 	1.33e-06, 	29582.64668151, 	37.593985%, 	0.400000%, 	37.193985%
2020-04-07 22:52:49, 	OKEX        , 	Bittrex     , 	NXT/BTC, 	1.83e-06, 	10558.17422591, 	1.33e-06, 	29582.64668151, 	37.593985%, 	0.400000%, 	37.193985%
2020-04-07 22:53:19, 	OKEX        , 	Bittrex     , 	NXT/BTC, 	1.83e-06, 	10558.17422591, 	1.33e-06, 	29582.64668151, 	37.593985%, 	0.400000%, 	37.193985%
2020-04-07 22:53:49, 	OKEX        , 	Bittrex     , 	NXT/BTC, 	1.83e-06, 	10558.17422591, 	1.33e-06, 	29582.64668151, 	37.593985%, 	0.400000%, 	37.193985%
2020-04-07 22:54:19, 	OKEX        , 	Bittrex     , 	NXT/BTC, 	1.83e-06, 	10558.17422591, 	1.33e-06, 	29582.64668151, 	37.593985%, 	0.400000%, 	37.193985%
2020-04-07 22:54:49, 	OKEX        , 	Bittrex     , 	NXT/BTC, 	1.83e-06, 	10558.17422591, 	1.33e-06, 	29582.64668151, 	37.593985%, 	0.400000%, 	37.193985%
2020-04-07 22:55:19, 	OKEX        , 	Bittrex     , 	NXT/BTC, 	1.83e-06, 	10558.17422591, 	1.33e-06, 	29582.64668151, 	37.593985%, 	0.400000%, 	37.193985%
2020-04-07 22:55:49, 	OKEX        , 	Bittrex     , 	NXT/BTC, 	1.83e-06, 	10558.17422591, 	1.33e-06, 	29582.64668151, 	37.593985%, 	0.400000%, 	37.193985%
2020-04-07 22:56:19, 	OKEX        , 	Bittrex     , 	NXT/BTC, 	1.83e-06, 	10558.17422591, 	1.33e-06, 	29582.64668151, 	37.593985%, 	0.400000%, 	37.193985%
2020-04-07 22:56:49, 	OKEX        , 	Bittrex     , 	NXT/BTC, 	1.83e-06, 	10558.17422591, 	1.33e-06, 	29582.64668151, 	37.593985%, 	0.400000%, 	37.193985%
2020-04-07 22:57:19, 	OKEX        , 	Bittrex     , 	NXT/BTC, 	1.83e-06, 	12764.17422591, 	1.33e-06, 	29582.64668151, 	37.593985%, 	0.400000%, 	37.193985%
2020-04-07 22:57:49, 	OKEX        , 	Bittrex     , 	NXT/BTC, 	1.83e-06, 	10558.17422591, 	1.33e-06, 	29582.64668151, 	37.593985%, 	0.400000%, 	37.193985%
2020-04-07 22:58:19, 	OKEX        , 	Bittrex     , 	NXT/BTC, 	1.83e-06, 	10558.17422591, 	1.33e-06, 	29582.64668151, 	37.593985%, 	0.400000%, 	37.193985%
2020-04-07 22:58:49, 	OKEX        , 	Bittrex     , 	NXT/BTC, 	1.83e-06, 	10558.17422591, 	1.33e-06, 	29582.64668151, 	37.593985%, 	0.400000%, 	37.193985%
2020-04-07 22:59:19, 	OKEX        , 	Bittrex     , 	NXT/BTC, 	1.83e-06, 	10558.17422591, 	1.33e-06, 	29582.64668151, 	37.593985%, 	0.400000%, 	37.193985%
2020-04-07 22:59:49, 	OKEX        , 	Bittrex     , 	NXT/BTC, 	1.83e-06, 	10558.17422591, 	1.33e-06, 	29582.64668151, 	37.593985%, 	0.400000%, 	37.193985%
2020-04-07 23:00:19, 	OKEX        , 	Bittrex     , 	NXT/BTC, 	1.83e-06, 	10558.17422591, 	1.33e-06, 	29582.64668151, 	37.593985%, 	0.400000%, 	37.193985%
2020-04-07 23:00:49, 	OKEX        , 	Bittrex     , 	NXT/BTC, 	1.83e-06, 	10558.17422591, 	1.33e-06, 	29582.64668151, 	37.593985%, 	0.400000%, 	37.193985%
2020-04-07 23:01:19, 	OKEX        , 	Bittrex     , 	NXT/BTC, 	1.83e-06, 	10558.17422591, 	1.33e-06, 	29582.64668151, 	37.593985%, 	0.400000%, 	37.193985%
2020-04-07 23:01:49, 	OKEX        , 	Bittrex     , 	NXT/BTC, 	1.83e-06, 	10558.17422591, 	1.33e-06, 	29582.64668151, 	37.593985%, 	0.400000%, 	37.193985%
2020-04-07 23:02:19, 	OKEX        , 	Bittrex     , 	NXT/BTC, 	1.83e-06, 	10558.17422591, 	1.33e-06, 	29582.64668151, 	37.593985%, 	0.400000%, 	37.193985%
2020-04-07 23:02:49, 	OKEX        , 	Bittrex     , 	NXT/BTC, 	1.83e-06, 	10558.17422591, 	1.33e-06, 	29582.64668151, 	37.593985%, 	0.400000%, 	37.193985%
2020-04-07 23:03:19, 	OKEX        , 	Bittrex     , 	NXT/BTC, 	1.83e-06, 	10558.17422591, 	1.33e-06, 	29582.64668151, 	37.593985%, 	0.400000%, 	37.193985%
2020-04-07 23:03:49, 	OKEX        , 	Bittrex     , 	NXT/BTC, 	1.83e-06, 	10558.17422591, 	1.33e-06, 	29582.64668151, 	37.593985%, 	0.400000%, 	37.193985%
2020-04-07 23:04:19, 	OKEX        , 	Bittrex     , 	NXT/BTC, 	1.83e-06, 	10558.17422591, 	1.33e-06, 	29582.64668151, 	37.593985%, 	0.400000%, 	37.193985%
2020-04-07 23:04:49, 	OKEX        , 	Bittrex     , 	NXT/BTC, 	1.83e-06, 	10558.17422591, 	1.33e-06, 	29582.64668151, 	37.593985%, 	0.400000%, 	37.193985%
2020-04-07 23:05:19, 	OKEX        , 	Bittrex     , 	NXT/BTC, 	1.83e-06, 	10558.17422591, 	1.33e-06, 	29582.64668151, 	37.593985%, 	0.400000%, 	37.193985%
2020-04-07 23:05:49, 	OKEX        , 	Bittrex     , 	NXT/BTC, 	1.83e-06, 	10558.17422591, 	1.33e-06, 	29582.64668151, 	37.593985%, 	0.400000%, 	37.193985%
2020-04-07 23:06:19, 	OKEX        , 	Bittrex     , 	NXT/BTC, 	1.83e-06, 	10558.17422591, 	1.33e-06, 	29582.64668151, 	37.593985%, 	0.400000%, 	37.193985%
2020-04-07 23:06:49, 	OKEX        , 	Bittrex     , 	NXT/BTC, 	1.83e-06, 	10558.17422591, 	1.33e-06, 	29582.64668151, 	37.593985%, 	0.400000%, 	37.193985%
2020-04-07 23:07:19, 	OKEX        , 	Bittrex     , 	NXT/BTC, 	1.83e-06, 	13656.38167938, 	1.33e-06, 	29582.64668151, 	37.593985%, 	0.400000%, 	37.193985%
2020-04-07 23:07:49, 	OKEX        , 	Bittrex     , 	NXT/BTC, 	1.83e-06, 	13656.38167938, 	1.33e-06, 	29582.64668151, 	37.593985%, 	0.400000%, 	37.193985%
2020-04-07 23:08:19, 	OKEX        , 	Bittrex     , 	NXT/BTC, 	1.83e-06, 	13656.38167938, 	1.33e-06, 	29582.64668151, 	37.593985%, 	0.400000%, 	37.193985%
2020-04-07 23:08:49, 	OKEX        , 	Bittrex     , 	NXT/BTC, 	1.83e-06, 	13656.38167938, 	1.33e-06, 	29582.64668151, 	37.593985%, 	0.400000%, 	37.193985%
2020-04-07 23:09:19, 	OKEX        , 	Bittrex     , 	NXT/BTC, 	1.83e-06, 	13656.38167938, 	1.33e-06, 	29582.64668151, 	37.593985%, 	0.400000%, 	37.193985%
2020-04-07 23:09:49, 	OKEX        , 	Bittrex     , 	NXT/BTC, 	1.83e-06, 	13656.38167938, 	1.33e-06, 	29582.64668151, 	37.593985%, 	0.400000%, 	37.193985%
2020-04-07 23:10:19, 	OKEX        , 	Bittrex     , 	NXT/BTC, 	1.83e-06, 	13656.38167938, 	1.33e-06, 	29582.64668151, 	37.593985%, 	0.400000%, 	37.193985%
2020-04-07 23:10:49, 	OKEX        , 	Bittrex     , 	NXT/BTC, 	1.83e-06, 	13656.38167938, 	1.33e-06, 	29582.64668151, 	37.593985%, 	0.400000%, 	37.193985%
2020-04-07 23:11:19, 	OKEX        , 	Bittrex     , 	NXT/BTC, 	1.83e-06, 	13656.38167938, 	1.33e-06, 	29582.64668151, 	37.593985%, 	0.400000%, 	37.193985%
2020-04-07 23:11:49, 	OKEX        , 	Bittrex     , 	NXT/BTC, 	1.83e-06, 	13656.38167938, 	1.33e-06, 	29582.64668151, 	37.593985%, 	0.400000%, 	37.193985%
2020-04-07 23:12:19, 	OKEX        , 	Bittrex     , 	NXT/BTC, 	1.83e-06, 	13656.38167938, 	1.33e-06, 	29582.64668151, 	37.593985%, 	0.400000%, 	37.193985%
2020-04-07 23:12:49, 	OKEX        , 	Bittrex     , 	NXT/BTC, 	1.83e-06, 	13656.38167938, 	1.33e-06, 	29582.64668151, 	37.593985%, 	0.400000%, 	37.193985%
2020-04-07 23:13:19, 	OKEX        , 	Bittrex     , 	NXT/BTC, 	1.83e-06, 	13656.38167938, 	1.33e-06, 	29582.64668151, 	37.593985%, 	0.400000%, 	37.193985%
2020-04-07 23:13:49, 	OKEX        , 	Bittrex     , 	NXT/BTC, 	1.83e-06, 	13656.38167938, 	1.33e-06, 	29582.64668151, 	37.593985%, 	0.400000%, 	37.193985%
2020-04-07 23:14:19, 	OKEX        , 	Bittrex     , 	NXT/BTC, 	1.83e-06, 	13656.38167938, 	1.33e-06, 	29582.64668151, 	37.593985%, 	0.400000%, 	37.193985%
2020-04-07 23:14:49, 	OKEX        , 	Bittrex     , 	NXT/BTC, 	1.83e-06, 	13656.38167938, 	1.33e-06, 	29582.64668151, 	37.593985%, 	0.400000%, 	37.193985%
2020-04-07 23:15:19, 	OKEX        , 	Bittrex     , 	NXT/BTC, 	1.83e-06, 	13656.38167938, 	1.33e-06, 	29582.64668151, 	37.593985%, 	0.400000%, 	37.193985%
2020-04-07 23:15:49, 	OKEX        , 	Bittrex     , 	NXT/BTC, 	1.83e-06, 	13656.38167938, 	1.33e-06, 	29582.64668151, 	37.593985%, 	0.400000%, 	37.193985%
2020-04-07 23:16:19, 	OKEX        , 	Bittrex     , 	NXT/BTC, 	1.83e-06, 	13656.38167938, 	1.33e-06, 	29582.64668151, 	37.593985%, 	0.400000%, 	37.193985%
2020-04-07 23:16:49, 	OKEX        , 	Bittrex     , 	NXT/BTC, 	1.83e-06, 	13656.38167938, 	1.33e-06, 	29582.64668151, 	37.593985%, 	0.400000%, 	37.193985%
2020-04-07 23:17:19, 	OKEX        , 	Bittrex     , 	NXT/BTC, 	1.83e-06, 	13656.38167938, 	1.33e-06, 	29582.64668151, 	37.593985%, 	0.400000%, 	37.193985%
2020-04-07 23:17:49, 	OKEX        , 	Bittrex     , 	NXT/BTC, 	1.83e-06, 	13656.38167938, 	1.33e-06, 	29582.64668151, 	37.593985%, 	0.400000%, 	37.193985%
2020-04-07 23:18:19, 	OKEX        , 	Bittrex     , 	NXT/BTC, 	1.83e-06, 	13656.38167938, 	1.33e-06, 	29582.64668151, 	37.593985%, 	0.400000%, 	37.193985%
2020-04-07 23:18:49, 	OKEX        , 	Bittrex     , 	NXT/BTC, 	1.83e-06, 	13656.38167938, 	1.33e-06, 	29582.64668151, 	37.593985%, 	0.400000%, 	37.193985%
2020-04-07 23:19:19, 	OKEX        , 	Bittrex     , 	NXT/BTC, 	1.83e-06, 	13656.38167938, 	1.33e-06, 	29582.64668151, 	37.593985%, 	0.400000%, 	37.193985%
2020-04-07 23:19:49, 	OKEX        , 	Bittrex     , 	NXT/BTC, 	1.83e-06, 	13656.38167938, 	1.33e-06, 	29582.64668151, 	37.593985%, 	0.400000%, 	37.193985%
2020-04-07 23:20:19, 	OKEX        , 	Bittrex     , 	NXT/BTC, 	1.83e-06, 	13656.38167938, 	1.33e-06, 	29582.64668151, 	37.593985%, 	0.400000%, 	37.193985%
2020-04-07 23:20:49, 	OKEX        , 	Bittrex     , 	NXT/BTC, 	1.83e-06, 	13656.38167938, 	1.33e-06, 	29582.64668151, 	37.593985%, 	0.400000%, 	37.193985%
2020-04-07 23:21:19, 	OKEX        , 	Bittrex     , 	NXT/BTC, 	1.83e-06, 	13656.38167938, 	1.33e-06, 	29582.64668151, 	37.593985%, 	0.400000%, 	37.193985%
2020-04-07 23:21:49, 	OKEX        , 	Bittrex     , 	NXT/BTC, 	1.83e-06, 	13656.38167938, 	1.33e-06, 	29582.64668151, 	37.593985%, 	0.400000%, 	37.193985%
2020-04-07 23:22:19, 	OKEX        , 	Bittrex     , 	NXT/BTC, 	1.83e-06, 	13656.38167938, 	1.33e-06, 	29582.64668151, 	37.593985%, 	0.400000%, 	37.193985%
2020-04-07 23:22:49, 	OKEX        , 	Bittrex     , 	NXT/BTC, 	1.83e-06, 	13656.38167938, 	1.33e-06, 	29582.64668151, 	37.593985%, 	0.400000%, 	37.193985%
2020-04-07 23:23:19, 	OKEX        , 	Bittrex     , 	NXT/BTC, 	1.83e-06, 	13656.38167938, 	1.33e-06, 	29582.64668151, 	37.593985%, 	0.400000%, 	37.193985%
2020-04-07 23:23:49, 	OKEX        , 	Bittrex     , 	NXT/BTC, 	1.83e-06, 	13656.38167938, 	1.33e-06, 	29582.64668151, 	37.593985%, 	0.400000%, 	37.193985%
2020-04-07 23:24:19, 	OKEX        , 	Bittrex     , 	NXT/BTC, 	1.83e-06, 	13656.38167938, 	1.33e-06, 	29582.64668151, 	37.593985%, 	0.400000%, 	37.193985%
2020-04-07 23:24:49, 	OKEX        , 	Bittrex     , 	NXT/BTC, 	1.83e-06, 	13656.38167938, 	1.33e-06, 	29582.64668151, 	37.593985%, 	0.400000%, 	37.193985%
2020-04-07 23:25:20, 	OKEX        , 	Bittrex     , 	NXT/BTC, 	1.83e-06, 	13656.38167938, 	1.33e-06, 	29582.64668151, 	37.593985%, 	0.400000%, 	37.193985%
2020-04-07 23:25:50, 	OKEX        , 	Bittrex     , 	NXT/BTC, 	1.83e-06, 	13656.38167938, 	1.33e-06, 	29582.64668151, 	37.593985%, 	0.400000%, 	37.193985%
2020-04-07 23:26:20, 	OKEX        , 	Bittrex     , 	NXT/BTC, 	1.83e-06, 	13656.38167938, 	1.33e-06, 	29582.64668151, 	37.593985%, 	0.400000%, 	37.193985%
2020-04-07 23:26:50, 	OKEX        , 	Bittrex     , 	NXT/BTC, 	1.83e-06, 	13656.38167938, 	1.33e-06, 	29582.64668151, 	37.593985%, 	0.400000%, 	37.193985%
2020-04-07 23:27:20, 	OKEX        , 	Bittrex     , 	NXT/BTC, 	1.83e-06, 	13656.38167938, 	1.33e-06, 	29582.64668151, 	37.593985%, 	0.400000%, 	37.193985%
2020-04-07 23:27:50, 	OKEX        , 	Bittrex     , 	NXT/BTC, 	1.83e-06, 	13656.38167938, 	1.33e-06, 	29582.64668151, 	37.593985%, 	0.400000%, 	37.193985%
2020-04-07 23:28:20, 	OKEX        , 	Bittrex     , 	NXT/BTC, 	1.83e-06, 	13656.38167938, 	1.33e-06, 	29582.64668151, 	37.593985%, 	0.400000%, 	37.193985%
2020-04-07 23:28:50, 	OKEX        , 	Bittrex     , 	NXT/BTC, 	1.83e-06, 	13656.38167938, 	1.33e-06, 	29582.64668151, 	37.593985%, 	0.400000%, 	37.193985%
2020-04-07 23:29:20, 	OKEX        , 	Bittrex     , 	NXT/BTC, 	1.83e-06, 	13656.38167938, 	1.33e-06, 	29582.64668151, 	37.593985%, 	0.400000%, 	37.193985%
2020-04-07 23:29:50, 	OKEX        , 	Bittrex     , 	NXT/BTC, 	1.83e-06, 	13656.38167938, 	1.33e-06, 	29582.64668151, 	37.593985%, 	0.400000%, 	37.193985%
2020-04-07 23:30:20, 	OKEX        , 	Bittrex     , 	NXT/BTC, 	1.83e-06, 	13656.38167938, 	1.33e-06, 	29582.64668151, 	37.593985%, 	0.400000%, 	37.193985%
2020-04-07 23:30:50, 	OKEX        , 	Bittrex     , 	NXT/BTC, 	1.83e-06, 	13656.38167938, 	1.33e-06, 	29582.64668151, 	37.593985%, 	0.400000%, 	37.193985%
2020-04-07 23:31:20, 	OKEX        , 	Bittrex     , 	NXT/BTC, 	1.83e-06, 	13656.38167938, 	1.33e-06, 	29582.64668151, 	37.593985%, 	0.400000%, 	37.193985%
2020-04-07 23:31:50, 	OKEX        , 	Bittrex     , 	NXT/BTC, 	1.83e-06, 	13656.38167938, 	1.33e-06, 	29582.64668151, 	37.593985%, 	0.400000%, 	37.193985%
2020-04-07 23:32:20, 	OKEX        , 	Bittrex     , 	NXT/BTC, 	1.83e-06, 	13656.38167938, 	1.33e-06, 	29582.64668151, 	37.593985%, 	0.400000%, 	37.193985%
2020-04-07 23:32:50, 	OKEX        , 	Bittrex     , 	NXT/BTC, 	1.83e-06, 	13656.38167938, 	1.33e-06, 	29582.64668151, 	37.593985%, 	0.400000%, 	37.193985%
2020-04-07 23:33:20, 	OKEX        , 	Bittrex     , 	NXT/BTC, 	1.83e-06, 	13656.38167938, 	1.33e-06, 	29582.64668151, 	37.593985%, 	0.400000%, 	37.193985%
2020-04-07 23:33:50, 	OKEX        , 	Bittrex     , 	NXT/BTC, 	1.83e-06, 	13656.38167938, 	1.33e-06, 	29582.64668151, 	37.593985%, 	0.400000%, 	37.193985%
2020-04-07 23:34:20, 	OKEX        , 	Bittrex     , 	NXT/BTC, 	1.83e-06, 	13656.38167938, 	1.33e-06, 	29582.64668151, 	37.593985%, 	0.400000%, 	37.193985%
2020-04-07 23:34:50, 	OKEX        , 	Bittrex     , 	NXT/BTC, 	1.83e-06, 	13656.38167938, 	1.33e-06, 	29582.64668151, 	37.593985%, 	0.400000%, 	37.193985%
2020-04-07 23:35:20, 	OKEX        , 	Bittrex     , 	NXT/BTC, 	1.83e-06, 	13656.38167938, 	1.33e-06, 	29582.64668151, 	37.593985%, 	0.400000%, 	37.193985%
2020-04-07 23:35:50, 	OKEX        , 	Bittrex     , 	NXT/BTC, 	1.83e-06, 	13656.38167938, 	1.33e-06, 	29582.64668151, 	37.593985%, 	0.400000%, 	37.193985%
2020-04-07 23:36:20, 	OKEX        , 	Bittrex     , 	NXT/BTC, 	1.83e-06, 	13656.38167938, 	1.33e-06, 	29582.64668151, 	37.593985%, 	0.400000%, 	37.193985%
2020-04-07 23:36:50, 	OKEX        , 	Bittrex     , 	NXT/BTC, 	1.83e-06, 	9898.3076923, 	1.32e-06, 	11538.46153845, 	38.636364%, 	0.400000%, 	38.236364%
2020-04-07 23:37:20, 	OKEX        , 	Bittrex     , 	NXT/BTC, 	1.83e-06, 	9898.3076923, 	1.32e-06, 	1511.0, 	38.636364%, 	0.400000%, 	38.236364%
2020-04-07 23:37:50, 	OKEX        , 	Bittrex     , 	NXT/BTC, 	1.83e-06, 	13744.46153845, 	1.32e-06, 	1511.0, 	38.636364%, 	0.400000%, 	38.236364%
2020-04-07 23:38:20, 	OKEX        , 	Bittrex     , 	NXT/BTC, 	1.83e-06, 	13744.46153845, 	1.32e-06, 	1511.0, 	38.636364%, 	0.400000%, 	38.236364%
2020-04-07 23:38:50, 	OKEX        , 	Bittrex     , 	NXT/BTC, 	1.83e-06, 	13744.46153845, 	1.32e-06, 	1511.0, 	38.636364%, 	0.400000%, 	38.236364%
2020-04-07 23:39:20, 	OKEX        , 	Bittrex     , 	NXT/BTC, 	1.83e-06, 	13744.46153845, 	1.32e-06, 	1511.0, 	38.636364%, 	0.400000%, 	38.236364%
2020-04-07 23:39:50, 	OKEX        , 	Bittrex     , 	NXT/BTC, 	1.83e-06, 	13744.46153845, 	1.32e-06, 	1511.0, 	38.636364%, 	0.400000%, 	38.236364%
2020-04-07 23:40:20, 	OKEX        , 	Bittrex     , 	NXT/BTC, 	1.83e-06, 	13744.46153845, 	1.32e-06, 	1511.0, 	38.636364%, 	0.400000%, 	38.236364%
2020-04-07 23:40:50, 	OKEX        , 	Bittrex     , 	NXT/BTC, 	1.83e-06, 	13744.46153845, 	1.32e-06, 	1511.0, 	38.636364%, 	0.400000%, 	38.236364%
2020-04-07 23:41:20, 	OKEX        , 	Bittrex     , 	NXT/BTC, 	1.83e-06, 	13744.46153845, 	1.32e-06, 	1511.0, 	38.636364%, 	0.400000%, 	38.236364%
2020-04-07 23:41:50, 	OKEX        , 	Bittrex     , 	NXT/BTC, 	1.83e-06, 	13744.46153845, 	1.32e-06, 	1511.0, 	38.636364%, 	0.400000%, 	38.236364%
2020-04-07 23:42:20, 	OKEX        , 	Bittrex     , 	NXT/BTC, 	1.83e-06, 	13744.46153845, 	1.32e-06, 	1511.0, 	38.636364%, 	0.400000%, 	38.236364%
2020-04-07 23:42:50, 	OKEX        , 	Bittrex     , 	NXT/BTC, 	1.83e-06, 	13744.46153845, 	1.32e-06, 	1511.0, 	38.636364%, 	0.400000%, 	38.236364%
2020-04-07 23:43:20, 	OKEX        , 	Bittrex     , 	NXT/BTC, 	1.83e-06, 	9898.3076923, 	1.32e-06, 	1511.0, 	38.636364%, 	0.400000%, 	38.236364%
2020-04-07 23:43:50, 	OKEX        , 	Bittrex     , 	NXT/BTC, 	1.83e-06, 	13744.46153845, 	1.32e-06, 	1511.0, 	38.636364%, 	0.400000%, 	38.236364%
2020-04-07 23:44:20, 	OKEX        , 	Bittrex     , 	NXT/BTC, 	1.83e-06, 	9898.3076923, 	1.32e-06, 	1511.0, 	38.636364%, 	0.400000%, 	38.236364%
2020-04-07 23:44:50, 	OKEX        , 	Bittrex     , 	NXT/BTC, 	1.83e-06, 	13744.46153845, 	1.32e-06, 	1511.0, 	38.636364%, 	0.400000%, 	38.236364%
2020-04-07 23:45:20, 	OKEX        , 	Bittrex     , 	NXT/BTC, 	1.83e-06, 	9898.3076923, 	1.32e-06, 	1511.0, 	38.636364%, 	0.400000%, 	38.236364%
2020-04-07 23:45:50, 	OKEX        , 	Bittrex     , 	NXT/BTC, 	1.83e-06, 	9898.3076923, 	1.32e-06, 	1511.0, 	38.636364%, 	0.400000%, 	38.236364%
2020-04-07 23:46:20, 	OKEX        , 	Bittrex     , 	NXT/BTC, 	1.83e-06, 	9898.3076923, 	1.32e-06, 	1511.0, 	38.636364%, 	0.400000%, 	38.236364%
2020-04-07 23:46:50, 	OKEX        , 	Bittrex     , 	NXT/BTC, 	1.83e-06, 	9898.3076923, 	1.32e-06, 	1511.0, 	38.636364%, 	0.400000%, 	38.236364%
2020-04-07 23:47:20, 	OKEX        , 	Bittrex     , 	NXT/BTC, 	1.83e-06, 	9898.3076923, 	1.32e-06, 	1511.0, 	38.636364%, 	0.400000%, 	38.236364%
2020-04-07 23:47:50, 	OKEX        , 	Bittrex     , 	NXT/BTC, 	1.83e-06, 	9898.3076923, 	1.32e-06, 	1511.0, 	38.636364%, 	0.400000%, 	38.236364%
2020-04-07 23:48:20, 	OKEX        , 	Bittrex     , 	NXT/BTC, 	1.83e-06, 	9898.3076923, 	1.32e-06, 	1511.0, 	38.636364%, 	0.400000%, 	38.236364%
2020-04-07 23:48:50, 	OKEX        , 	Bittrex     , 	NXT/BTC, 	1.83e-06, 	9898.3076923, 	1.32e-06, 	1511.0, 	38.636364%, 	0.400000%, 	38.236364%
2020-04-07 23:49:20, 	OKEX        , 	Bittrex     , 	NXT/BTC, 	1.83e-06, 	13744.46153845, 	1.32e-06, 	1511.0, 	38.636364%, 	0.400000%, 	38.236364%
2020-04-07 23:49:50, 	OKEX        , 	Bittrex     , 	NXT/BTC, 	1.83e-06, 	9898.3076923, 	1.32e-06, 	1511.0, 	38.636364%, 	0.400000%, 	38.236364%
2020-04-07 23:50:20, 	OKEX        , 	Bittrex     , 	NXT/BTC, 	1.83e-06, 	13744.46153845, 	1.32e-06, 	1511.0, 	38.636364%, 	0.400000%, 	38.236364%
2020-04-07 23:50:50, 	OKEX        , 	Bittrex     , 	NXT/BTC, 	1.83e-06, 	9898.3076923, 	1.32e-06, 	1511.0, 	38.636364%, 	0.400000%, 	38.236364%
2020-04-07 23:51:20, 	OKEX        , 	Bittrex     , 	NXT/BTC, 	1.83e-06, 	13744.46153845, 	1.32e-06, 	1511.0, 	38.636364%, 	0.400000%, 	38.236364%
2020-04-07 23:51:50, 	OKEX        , 	Bittrex     , 	NXT/BTC, 	1.83e-06, 	13744.46153845, 	1.32e-06, 	999.82266667, 	38.636364%, 	0.400000%, 	38.236364%
2020-04-07 23:52:20, 	OKEX        , 	Bittrex     , 	NXT/BTC, 	1.83e-06, 	9898.3076923, 	1.32e-06, 	999.82266667, 	38.636364%, 	0.400000%, 	38.236364%
2020-04-07 23:52:50, 	OKEX        , 	Bittrex     , 	NXT/BTC, 	1.83e-06, 	9898.3076923, 	1.32e-06, 	999.82266667, 	38.636364%, 	0.400000%, 	38.236364%
2020-04-07 23:53:20, 	OKEX        , 	Bittrex     , 	NXT/BTC, 	1.83e-06, 	13744.46153845, 	1.32e-06, 	999.82266667, 	38.636364%, 	0.400000%, 	38.236364%
2020-04-07 23:53:50, 	OKEX        , 	Bittrex     , 	NXT/BTC, 	1.83e-06, 	9898.3076923, 	1.32e-06, 	999.82266667, 	38.636364%, 	0.400000%, 	38.236364%
2020-04-07 23:54:20, 	OKEX        , 	Bittrex     , 	NXT/BTC, 	1.83e-06, 	9898.3076923, 	1.32e-06, 	999.82266667, 	38.636364%, 	0.400000%, 	38.236364%
2020-04-07 23:54:50, 	OKEX        , 	Bittrex     , 	NXT/BTC, 	1.83e-06, 	13744.46153845, 	1.32e-06, 	999.82266667, 	38.636364%, 	0.400000%, 	38.236364%
2020-04-07 23:55:20, 	OKEX        , 	Bittrex     , 	NXT/BTC, 	1.83e-06, 	13744.46153845, 	1.32e-06, 	999.82266667, 	38.636364%, 	0.400000%, 	38.236364%
2020-04-07 23:55:50, 	OKEX        , 	Bittrex     , 	NXT/BTC, 	1.83e-06, 	13744.46153845, 	1.32e-06, 	999.82266667, 	38.636364%, 	0.400000%, 	38.236364%
2020-04-07 23:56:20, 	OKEX        , 	Bittrex     , 	NXT/BTC, 	1.83e-06, 	13744.46153845, 	1.32e-06, 	999.82266667, 	38.636364%, 	0.400000%, 	38.236364%
2020-04-07 23:56:50, 	OKEX        , 	Bittrex     , 	NXT/BTC, 	1.83e-06, 	13744.46153845, 	1.32e-06, 	999.82266667, 	38.636364%, 	0.400000%, 	38.236364%
2020-04-07 23:57:20, 	OKEX        , 	Bittrex     , 	NXT/BTC, 	1.83e-06, 	13744.46153845, 	1.32e-06, 	999.82266667, 	38.636364%, 	0.400000%, 	38.236364%
2020-04-07 23:57:50, 	OKEX        , 	Bittrex     , 	NXT/BTC, 	1.83e-06, 	13744.46153845, 	1.32e-06, 	999.82266667, 	38.636364%, 	0.400000%, 	38.236364%
2020-04-07 23:58:20, 	OKEX        , 	Bittrex     , 	NXT/BTC, 	1.83e-06, 	13744.46153845, 	1.32e-06, 	999.82266667, 	38.636364%, 	0.400000%, 	38.236364%
2020-04-07 23:58:50, 	OKEX        , 	Bittrex     , 	NXT/BTC, 	1.83e-06, 	13744.46153845, 	1.32e-06, 	999.82266667, 	38.636364%, 	0.400000%, 	38.236364%
2020-04-07 23:59:20, 	OKEX        , 	Bittrex     , 	NXT/BTC, 	1.83e-06, 	13744.46153845, 	1.32e-06, 	999.82266667, 	38.636364%, 	0.400000%, 	38.236364%
2020-04-07 23:59:50, 	OKEX        , 	Bittrex     , 	NXT/BTC, 	1.83e-06, 	13744.46153845, 	1.32e-06, 	999.82266667, 	38.636364%, 	0.400000%, 	38.236364%
2020-04-08 00:00:20, 	OKEX        , 	Bittrex     , 	NXT/BTC, 	1.83e-06, 	9898.3076923, 	1.32e-06, 	999.82266667, 	38.636364%, 	0.400000%, 	38.236364%
2020-04-08 00:00:50, 	OKEX        , 	Bittrex     , 	NXT/BTC, 	1.83e-06, 	13744.46153845, 	1.32e-06, 	999.82266667, 	38.636364%, 	0.400000%, 	38.236364%
2020-04-08 00:01:20, 	OKEX        , 	Bittrex     , 	NXT/BTC, 	1.83e-06, 	9898.3076923, 	1.32e-06, 	999.82266667, 	38.636364%, 	0.400000%, 	38.236364%
2020-04-08 00:01:50, 	OKEX        , 	Bittrex     , 	NXT/BTC, 	1.83e-06, 	13744.46153845, 	1.32e-06, 	999.82266667, 	38.636364%, 	0.400000%, 	38.236364%
2020-04-08 00:02:20, 	OKEX        , 	Bittrex     , 	NXT/BTC, 	1.83e-06, 	13744.46153845, 	1.32e-06, 	999.82266667, 	38.636364%, 	0.400000%, 	38.236364%
2020-04-08 00:02:50, 	OKEX        , 	Bittrex     , 	NXT/BTC, 	1.83e-06, 	13744.46153845, 	1.32e-06, 	999.82266667, 	38.636364%, 	0.400000%, 	38.236364%
2020-04-08 00:03:20, 	OKEX        , 	Bittrex     , 	NXT/BTC, 	1.83e-06, 	13744.46153845, 	1.32e-06, 	999.82266667, 	38.636364%, 	0.400000%, 	38.236364%
2020-04-08 00:03:50, 	OKEX        , 	Bittrex     , 	NXT/BTC, 	1.83e-06, 	13744.46153845, 	1.32e-06, 	999.82266667, 	38.636364%, 	0.400000%, 	38.236364%
2020-04-08 00:04:20, 	OKEX        , 	Bittrex     , 	NXT/BTC, 	1.83e-06, 	13744.46153845, 	1.32e-06, 	999.82266667, 	38.636364%, 	0.400000%, 	38.236364%
2020-04-08 00:04:50, 	OKEX        , 	Bittrex     , 	NXT/BTC, 	1.83e-06, 	13744.46153845, 	1.32e-06, 	999.82266667, 	38.636364%, 	0.400000%, 	38.236364%
2020-04-08 00:05:20, 	OKEX        , 	Bittrex     , 	NXT/BTC, 	1.83e-06, 	9898.3076923, 	1.32e-06, 	999.82266667, 	38.636364%, 	0.400000%, 	38.236364%
2020-04-08 00:05:50, 	OKEX        , 	Bittrex     , 	NXT/BTC, 	1.83e-06, 	13744.46153845, 	1.32e-06, 	999.82266667, 	38.636364%, 	0.400000%, 	38.236364%
2020-04-08 00:06:20, 	OKEX        , 	Bittrex     , 	NXT/BTC, 	1.83e-06, 	9898.3076923, 	1.32e-06, 	999.82266667, 	38.636364%, 	0.400000%, 	38.236364%
2020-04-08 00:06:50, 	OKEX        , 	Bittrex     , 	NXT/BTC, 	1.83e-06, 	13744.46153845, 	1.32e-06, 	999.82266667, 	38.636364%, 	0.400000%, 	38.236364%
2020-04-08 00:07:20, 	OKEX        , 	Bittrex     , 	NXT/BTC, 	1.83e-06, 	13744.46153845, 	1.32e-06, 	999.82266667, 	38.636364%, 	0.400000%, 	38.236364%
2020-04-08 00:07:50, 	OKEX        , 	Bittrex     , 	NXT/BTC, 	1.83e-06, 	13744.46153845, 	1.32e-06, 	999.82266667, 	38.636364%, 	0.400000%, 	38.236364%
2020-04-08 00:08:20, 	OKEX        , 	Bittrex     , 	NXT/BTC, 	1.83e-06, 	13744.46153845, 	1.32e-06, 	999.82266667, 	38.636364%, 	0.400000%, 	38.236364%
2020-04-08 00:08:50, 	OKEX        , 	Bittrex     , 	NXT/BTC, 	1.83e-06, 	13744.46153845, 	1.32e-06, 	999.82266667, 	38.636364%, 	0.400000%, 	38.236364%
2020-04-08 00:09:20, 	OKEX        , 	Bittrex     , 	NXT/BTC, 	1.83e-06, 	13744.46153845, 	1.32e-06, 	999.82266667, 	38.636364%, 	0.400000%, 	38.236364%
2020-04-08 00:09:50, 	OKEX        , 	Bittrex     , 	NXT/BTC, 	1.83e-06, 	13744.46153845, 	1.32e-06, 	999.82266667, 	38.636364%, 	0.400000%, 	38.236364%
2020-04-08 00:10:20, 	OKEX        , 	Bittrex     , 	NXT/BTC, 	1.83e-06, 	13744.46153845, 	1.32e-06, 	999.82266667, 	38.636364%, 	0.400000%, 	38.236364%
2020-04-08 00:10:50, 	OKEX        , 	Bittrex     , 	NXT/BTC, 	1.83e-06, 	9898.3076923, 	1.32e-06, 	999.82266667, 	38.636364%, 	0.400000%, 	38.236364%
2020-04-08 00:11:20, 	OKEX        , 	Bittrex     , 	NXT/BTC, 	1.83e-06, 	13744.46153845, 	1.32e-06, 	2704.82266667, 	38.636364%, 	0.400000%, 	38.236364%
2020-04-08 00:11:50, 	OKEX        , 	Bittrex     , 	NXT/BTC, 	1.83e-06, 	13744.46153845, 	1.32e-06, 	2704.82266667, 	38.636364%, 	0.400000%, 	38.236364%
2020-04-08 00:12:20, 	OKEX        , 	Bittrex     , 	NXT/BTC, 	1.83e-06, 	13744.46153845, 	1.32e-06, 	2704.82266667, 	38.636364%, 	0.400000%, 	38.236364%
2020-04-08 00:12:50, 	OKEX        , 	Bittrex     , 	NXT/BTC, 	1.83e-06, 	13744.46153845, 	1.32e-06, 	2704.82266667, 	38.636364%, 	0.400000%, 	38.236364%
2020-04-08 00:13:20, 	OKEX        , 	Bittrex     , 	NXT/BTC, 	1.83e-06, 	13744.46153845, 	1.32e-06, 	2704.82266667, 	38.636364%, 	0.400000%, 	38.236364%
2020-04-08 00:13:50, 	OKEX        , 	Bittrex     , 	NXT/BTC, 	1.83e-06, 	13744.46153845, 	1.32e-06, 	2704.82266667, 	38.636364%, 	0.400000%, 	38.236364%
2020-04-08 00:14:20, 	OKEX        , 	Bittrex     , 	NXT/BTC, 	1.83e-06, 	13744.46153845, 	1.32e-06, 	2704.82266667, 	38.636364%, 	0.400000%, 	38.236364%
2020-04-08 00:14:50, 	OKEX        , 	Bittrex     , 	NXT/BTC, 	1.83e-06, 	13744.46153845, 	1.32e-06, 	2704.82266667, 	38.636364%, 	0.400000%, 	38.236364%
2020-04-08 00:15:20, 	OKEX        , 	Bittrex     , 	NXT/BTC, 	1.83e-06, 	13744.46153845, 	1.32e-06, 	2704.82266667, 	38.636364%, 	0.400000%, 	38.236364%
2020-04-08 00:15:50, 	OKEX        , 	Bittrex     , 	NXT/BTC, 	1.83e-06, 	13744.46153845, 	1.32e-06, 	2704.82266667, 	38.636364%, 	0.400000%, 	38.236364%
2020-04-08 00:16:20, 	OKEX        , 	Bittrex     , 	NXT/BTC, 	1.83e-06, 	13744.46153845, 	1.32e-06, 	2704.82266667, 	38.636364%, 	0.400000%, 	38.236364%
2020-04-08 00:16:50, 	OKEX        , 	Bittrex     , 	NXT/BTC, 	1.83e-06, 	13744.46153845, 	1.32e-06, 	2704.82266667, 	38.636364%, 	0.400000%, 	38.236364%
2020-04-08 00:17:20, 	OKEX        , 	Bittrex     , 	NXT/BTC, 	1.83e-06, 	13744.46153845, 	1.32e-06, 	2704.82266667, 	38.636364%, 	0.400000%, 	38.236364%
2020-04-08 00:17:50, 	OKEX        , 	Bittrex     , 	NXT/BTC, 	1.83e-06, 	13744.46153845, 	1.32e-06, 	2704.82266667, 	38.636364%, 	0.400000%, 	38.236364%
2020-04-08 00:18:20, 	OKEX        , 	Bittrex     , 	NXT/BTC, 	1.83e-06, 	13744.46153845, 	1.32e-06, 	2704.82266667, 	38.636364%, 	0.400000%, 	38.236364%
2020-04-08 00:18:50, 	OKEX        , 	Bittrex     , 	NXT/BTC, 	1.83e-06, 	13744.46153845, 	1.32e-06, 	2704.82266667, 	38.636364%, 	0.400000%, 	38.236364%
2020-04-08 00:19:20, 	OKEX        , 	Bittrex     , 	NXT/BTC, 	1.83e-06, 	13744.46153845, 	1.32e-06, 	2704.82266667, 	38.636364%, 	0.400000%, 	38.236364%
2020-04-08 00:19:50, 	OKEX        , 	Bittrex     , 	NXT/BTC, 	1.83e-06, 	13744.46153845, 	1.32e-06, 	2704.82266667, 	38.636364%, 	0.400000%, 	38.236364%
2020-04-08 00:20:20, 	OKEX        , 	Bittrex     , 	NXT/BTC, 	1.83e-06, 	13744.46153845, 	1.32e-06, 	2704.82266667, 	38.636364%, 	0.400000%, 	38.236364%
2020-04-08 00:20:50, 	OKEX        , 	Bittrex     , 	NXT/BTC, 	1.83e-06, 	13744.46153845, 	1.32e-06, 	2704.82266667, 	38.636364%, 	0.400000%, 	38.236364%
2020-04-08 00:21:20, 	OKEX        , 	Bittrex     , 	NXT/BTC, 	1.83e-06, 	13744.46153845, 	1.32e-06, 	2704.82266667, 	38.636364%, 	0.400000%, 	38.236364%
2020-04-08 00:21:50, 	OKEX        , 	Bittrex     , 	NXT/BTC, 	1.83e-06, 	13744.46153845, 	1.32e-06, 	2704.82266667, 	38.636364%, 	0.400000%, 	38.236364%
2020-04-08 00:22:20, 	OKEX        , 	Bittrex     , 	NXT/BTC, 	1.83e-06, 	13744.46153845, 	1.32e-06, 	2704.82266667, 	38.636364%, 	0.400000%, 	38.236364%
2020-04-08 00:22:50, 	OKEX        , 	Bittrex     , 	NXT/BTC, 	1.83e-06, 	13744.46153845, 	1.32e-06, 	2704.82266667, 	38.636364%, 	0.400000%, 	38.236364%
2020-04-08 00:23:20, 	OKEX        , 	Bittrex     , 	NXT/BTC, 	1.83e-06, 	13744.46153845, 	1.32e-06, 	2704.82266667, 	38.636364%, 	0.400000%, 	38.236364%
2020-04-08 00:23:50, 	OKEX        , 	Bittrex     , 	NXT/BTC, 	1.83e-06, 	13744.46153845, 	1.32e-06, 	2704.82266667, 	38.636364%, 	0.400000%, 	38.236364%
2020-04-08 00:24:20, 	OKEX        , 	Bittrex     , 	NXT/BTC, 	1.83e-06, 	13744.46153845, 	1.32e-06, 	2704.82266667, 	38.636364%, 	0.400000%, 	38.236364%
2020-04-08 00:24:50, 	OKEX        , 	Bittrex     , 	NXT/BTC, 	1.83e-06, 	13744.46153845, 	1.32e-06, 	2704.82266667, 	38.636364%, 	0.400000%, 	38.236364%
2020-04-08 07:22:27, 	OKEX        , 	Bittrex     , 	NXT/BTC, 	1.55e-06, 	855.27650643, 	1.32e-06, 	13993.46899225, 	17.424242%, 	0.400000%, 	17.024242%
2020-04-08 07:22:57, 	OKEX        , 	Bittrex     , 	NXT/BTC, 	1.55e-06, 	855.27650643, 	1.32e-06, 	13993.46899225, 	17.424242%, 	0.400000%, 	17.024242%
2020-04-08 07:23:27, 	OKEX        , 	Bittrex     , 	NXT/BTC, 	1.55e-06, 	855.27650643, 	1.32e-06, 	13993.46899225, 	17.424242%, 	0.400000%, 	17.024242%
2020-04-08 07:23:57, 	OKEX        , 	Bittrex     , 	NXT/BTC, 	1.55e-06, 	855.27650643, 	1.32e-06, 	13993.46899225, 	17.424242%, 	0.400000%, 	17.024242%
2020-04-08 07:24:27, 	OKEX        , 	Bittrex     , 	NXT/BTC, 	1.55e-06, 	855.27650643, 	1.32e-06, 	13993.46899225, 	17.424242%, 	0.400000%, 	17.024242%
2020-04-08 07:24:57, 	OKEX        , 	Bittrex     , 	NXT/BTC, 	1.55e-06, 	855.27650643, 	1.32e-06, 	13993.46899225, 	17.424242%, 	0.400000%, 	17.024242%
2020-04-08 07:25:27, 	OKEX        , 	Bittrex     , 	NXT/BTC, 	1.55e-06, 	855.27650643, 	1.32e-06, 	13993.46899225, 	17.424242%, 	0.400000%, 	17.024242%
2020-04-08 07:25:57, 	OKEX        , 	Bittrex     , 	NXT/BTC, 	1.55e-06, 	855.27650643, 	1.32e-06, 	13993.46899225, 	17.424242%, 	0.400000%, 	17.024242%
2020-04-08 07:26:27, 	OKEX        , 	Bittrex     , 	NXT/BTC, 	1.55e-06, 	855.27650643, 	1.32e-06, 	13993.46899225, 	17.424242%, 	0.400000%, 	17.024242%
2020-04-08 07:26:57, 	OKEX        , 	Bittrex     , 	NXT/BTC, 	1.56e-06, 	855.27650643, 	1.32e-06, 	13993.46899225, 	18.181818%, 	0.400000%, 	17.781818%
2020-04-08 07:27:27, 	OKEX        , 	Bittrex     , 	NXT/BTC, 	1.58e-06, 	855.27650643, 	1.32e-06, 	10117.5, 	19.696970%, 	0.400000%, 	19.296970%
2020-04-08 07:27:57, 	OKEX        , 	Bittrex     , 	NXT/BTC, 	1.56e-06, 	855.27650643, 	1.32e-06, 	10117.5, 	18.181818%, 	0.400000%, 	17.781818%
2020-04-08 07:28:27, 	OKEX        , 	Bittrex     , 	NXT/BTC, 	1.56e-06, 	855.27650643, 	1.32e-06, 	10117.5, 	18.181818%, 	0.400000%, 	17.781818%
2020-04-08 07:28:57, 	OKEX        , 	Bittrex     , 	NXT/BTC, 	1.57e-06, 	855.27650643, 	1.32e-06, 	10117.5, 	18.939394%, 	0.400000%, 	18.539394%
2020-04-08 07:29:27, 	OKEX        , 	Bittrex     , 	NXT/BTC, 	1.56e-06, 	855.27650643, 	1.32e-06, 	13493.46899225, 	18.181818%, 	0.400000%, 	17.781818%
2020-04-08 07:29:57, 	OKEX        , 	Bittrex     , 	NXT/BTC, 	1.56e-06, 	855.27650643, 	1.32e-06, 	13493.46899225, 	18.181818%, 	0.400000%, 	17.781818%
2020-04-08 07:30:27, 	OKEX        , 	Bittrex     , 	NXT/BTC, 	1.56e-06, 	855.27650643, 	1.32e-06, 	9617.5, 	18.181818%, 	0.400000%, 	17.781818%
2020-04-08 07:30:57, 	OKEX        , 	Bittrex     , 	NXT/BTC, 	1.56e-06, 	855.27650643, 	1.32e-06, 	9617.5, 	18.181818%, 	0.400000%, 	17.781818%
2020-04-08 07:31:27, 	OKEX        , 	Bittrex     , 	NXT/BTC, 	1.56e-06, 	855.27650643, 	1.32e-06, 	9617.5, 	18.181818%, 	0.400000%, 	17.781818%
2020-04-08 07:31:57, 	OKEX        , 	Bittrex     , 	NXT/BTC, 	1.56e-06, 	855.27650643, 	1.32e-06, 	13493.46899225, 	18.181818%, 	0.400000%, 	17.781818%
2020-04-08 07:32:27, 	OKEX        , 	Bittrex     , 	NXT/BTC, 	1.56e-06, 	855.27650643, 	1.32e-06, 	13493.46899225, 	18.181818%, 	0.400000%, 	17.781818%
2020-04-08 07:32:57, 	OKEX        , 	Bittrex     , 	NXT/BTC, 	1.56e-06, 	855.27650643, 	1.32e-06, 	13493.46899225, 	18.181818%, 	0.400000%, 	17.781818%
2020-04-08 07:33:27, 	OKEX        , 	Bittrex     , 	NXT/BTC, 	1.56e-06, 	855.27650643, 	1.32e-06, 	13493.46899225, 	18.181818%, 	0.400000%, 	17.781818%
2020-04-08 07:33:57, 	OKEX        , 	Bittrex     , 	NXT/BTC, 	1.56e-06, 	855.27650643, 	1.32e-06, 	13493.46899225, 	18.181818%, 	0.400000%, 	17.781818%
2020-04-08 07:34:27, 	OKEX        , 	Bittrex     , 	NXT/BTC, 	1.56e-06, 	855.27650643, 	1.32e-06, 	13493.46899225, 	18.181818%, 	0.400000%, 	17.781818%
2020-04-08 07:34:57, 	OKEX        , 	Bittrex     , 	NXT/BTC, 	1.56e-06, 	855.27650643, 	1.32e-06, 	13493.46899225, 	18.181818%, 	0.400000%, 	17.781818%
2020-04-08 07:35:27, 	OKEX        , 	Bittrex     , 	NXT/BTC, 	1.56e-06, 	855.27650643, 	1.32e-06, 	13493.46899225, 	18.181818%, 	0.400000%, 	17.781818%
2020-04-08 07:35:57, 	OKEX        , 	Bittrex     , 	NXT/BTC, 	1.56e-06, 	855.27650643, 	1.32e-06, 	13493.46899225, 	18.181818%, 	0.400000%, 	17.781818%
2020-04-08 07:36:27, 	OKEX        , 	Bittrex     , 	NXT/BTC, 	1.56e-06, 	855.27650643, 	1.32e-06, 	13493.46899225, 	18.181818%, 	0.400000%, 	17.781818%
2020-04-08 07:36:58, 	OKEX        , 	Bittrex     , 	NXT/BTC, 	1.56e-06, 	855.27650643, 	1.32e-06, 	13493.46899225, 	18.181818%, 	0.400000%, 	17.781818%
2020-04-08 07:37:28, 	OKEX        , 	Bittrex     , 	NXT/BTC, 	1.56e-06, 	855.27650643, 	1.32e-06, 	13493.46899225, 	18.181818%, 	0.400000%, 	17.781818%
2020-04-08 07:37:58, 	OKEX        , 	Bittrex     , 	NXT/BTC, 	1.56e-06, 	855.27650643, 	1.32e-06, 	9617.5, 	18.181818%, 	0.400000%, 	17.781818%
2020-04-08 07:38:28, 	OKEX        , 	Bittrex     , 	NXT/BTC, 	1.56e-06, 	855.27650643, 	1.32e-06, 	9617.5, 	18.181818%, 	0.400000%, 	17.781818%
2020-04-08 07:38:58, 	OKEX        , 	Bittrex     , 	NXT/BTC, 	1.56e-06, 	855.27650643, 	1.32e-06, 	9617.5, 	18.181818%, 	0.400000%, 	17.781818%
2020-04-08 07:39:28, 	OKEX        , 	Bittrex     , 	NXT/BTC, 	1.56e-06, 	855.27650643, 	1.32e-06, 	9617.5, 	18.181818%, 	0.400000%, 	17.781818%
2020-04-08 07:39:58, 	OKEX        , 	Bittrex     , 	NXT/BTC, 	1.56e-06, 	855.27650643, 	1.32e-06, 	9617.5, 	18.181818%, 	0.400000%, 	17.781818%
2020-04-08 07:40:28, 	OKEX        , 	Bittrex     , 	NXT/BTC, 	1.56e-06, 	855.27650643, 	1.32e-06, 	9617.5, 	18.181818%, 	0.400000%, 	17.781818%
2020-04-08 07:40:58, 	OKEX        , 	Bittrex     , 	NXT/BTC, 	1.56e-06, 	855.27650643, 	1.32e-06, 	9617.5, 	18.181818%, 	0.400000%, 	17.781818%
2020-04-08 07:41:28, 	OKEX        , 	Bittrex     , 	NXT/BTC, 	1.56e-06, 	855.27650643, 	1.32e-06, 	9617.5, 	18.181818%, 	0.400000%, 	17.781818%
2020-04-08 07:41:58, 	OKEX        , 	Bittrex     , 	NXT/BTC, 	1.56e-06, 	855.27650643, 	1.32e-06, 	13493.46899225, 	18.181818%, 	0.400000%, 	17.781818%
2020-04-08 07:42:28, 	OKEX        , 	Bittrex     , 	NXT/BTC, 	1.56e-06, 	855.27650643, 	1.32e-06, 	13493.46899225, 	18.181818%, 	0.400000%, 	17.781818%
2020-04-08 07:42:58, 	OKEX        , 	Bittrex     , 	NXT/BTC, 	1.56e-06, 	855.27650643, 	1.32e-06, 	13493.46899225, 	18.181818%, 	0.400000%, 	17.781818%
2020-04-08 07:43:28, 	OKEX        , 	Bittrex     , 	NXT/BTC, 	1.56e-06, 	855.27650643, 	1.32e-06, 	13493.46899225, 	18.181818%, 	0.400000%, 	17.781818%
2020-04-08 07:43:58, 	OKEX        , 	Bittrex     , 	NXT/BTC, 	1.56e-06, 	855.27650643, 	1.32e-06, 	13493.46899225, 	18.181818%, 	0.400000%, 	17.781818%
2020-04-08 07:44:28, 	OKEX        , 	Bittrex     , 	NXT/BTC, 	1.56e-06, 	855.27650643, 	1.32e-06, 	13493.46899225, 	18.181818%, 	0.400000%, 	17.781818%
2020-04-08 07:44:58, 	OKEX        , 	Bittrex     , 	NXT/BTC, 	1.56e-06, 	855.27650643, 	1.32e-06, 	9617.5, 	18.181818%, 	0.400000%, 	17.781818%
2020-04-08 07:45:28, 	OKEX        , 	Bittrex     , 	NXT/BTC, 	1.56e-06, 	855.27650643, 	1.32e-06, 	9617.5, 	18.181818%, 	0.400000%, 	17.781818%
2020-04-08 07:45:58, 	OKEX        , 	Bittrex     , 	NXT/BTC, 	1.56e-06, 	855.27650643, 	1.32e-06, 	9617.5, 	18.181818%, 	0.400000%, 	17.781818%
2020-04-08 07:46:28, 	OKEX        , 	Bittrex     , 	NXT/BTC, 	1.56e-06, 	855.27650643, 	1.32e-06, 	9617.5, 	18.181818%, 	0.400000%, 	17.781818%
2020-04-08 07:46:58, 	OKEX        , 	Bittrex     , 	NXT/BTC, 	1.56e-06, 	855.27650643, 	1.32e-06, 	13493.46899225, 	18.181818%, 	0.400000%, 	17.781818%
2020-04-08 07:47:28, 	OKEX        , 	Bittrex     , 	NXT/BTC, 	1.56e-06, 	855.27650643, 	1.32e-06, 	13493.46899225, 	18.181818%, 	0.400000%, 	17.781818%
2020-04-08 07:47:58, 	OKEX        , 	Bittrex     , 	NXT/BTC, 	1.56e-06, 	855.27650643, 	1.32e-06, 	13493.46899225, 	18.181818%, 	0.400000%, 	17.781818%
2020-04-08 07:48:28, 	OKEX        , 	Bittrex     , 	NXT/BTC, 	1.56e-06, 	855.27650643, 	1.32e-06, 	13493.46899225, 	18.181818%, 	0.400000%, 	17.781818%
2020-04-08 07:48:58, 	OKEX        , 	Bittrex     , 	NXT/BTC, 	1.56e-06, 	855.27650643, 	1.32e-06, 	13493.46899225, 	18.181818%, 	0.400000%, 	17.781818%
2020-04-08 07:49:28, 	OKEX        , 	Bittrex     , 	NXT/BTC, 	1.56e-06, 	855.27650643, 	1.32e-06, 	13493.46899225, 	18.181818%, 	0.400000%, 	17.781818%
2020-04-08 07:49:58, 	OKEX        , 	Bittrex     , 	NXT/BTC, 	1.56e-06, 	855.27650643, 	1.32e-06, 	13493.46899225, 	18.181818%, 	0.400000%, 	17.781818%
2020-04-08 07:50:28, 	OKEX        , 	Bittrex     , 	NXT/BTC, 	1.56e-06, 	855.27650643, 	1.32e-06, 	13493.46899225, 	18.181818%, 	0.400000%, 	17.781818%
2020-04-08 07:50:58, 	OKEX        , 	Bittrex     , 	NXT/BTC, 	1.56e-06, 	855.27650643, 	1.32e-06, 	13493.46899225, 	18.181818%, 	0.400000%, 	17.781818%
2020-04-08 07:51:28, 	OKEX        , 	Bittrex     , 	NXT/BTC, 	1.56e-06, 	855.27650643, 	1.32e-06, 	13493.46899225, 	18.181818%, 	0.400000%, 	17.781818%
2020-04-08 08:38:31, 	OKEX        , 	Bittrex     , 	NXT/BTC, 	1.56e-06, 	855.27650643, 	1.32e-06, 	9617.5, 	18.181818%, 	0.400000%, 	17.781818%
2020-04-08 08:39:01, 	OKEX        , 	Bittrex     , 	NXT/BTC, 	1.56e-06, 	855.27650643, 	1.32e-06, 	13493.46899225, 	18.181818%, 	0.400000%, 	17.781818%
2020-04-08 08:39:31, 	OKEX        , 	Bittrex     , 	NXT/BTC, 	1.56e-06, 	855.27650643, 	1.32e-06, 	9617.5, 	18.181818%, 	0.400000%, 	17.781818%
2020-04-08 08:40:01, 	OKEX        , 	Bittrex     , 	NXT/BTC, 	1.56e-06, 	855.27650643, 	1.32e-06, 	9617.5, 	18.181818%, 	0.400000%, 	17.781818%
2020-04-08 08:40:31, 	OKEX        , 	Bittrex     , 	NXT/BTC, 	1.56e-06, 	855.27650643, 	1.32e-06, 	13493.46899225, 	18.181818%, 	0.400000%, 	17.781818%
2020-04-08 08:41:01, 	OKEX        , 	Bittrex     , 	NXT/BTC, 	1.56e-06, 	855.27650643, 	1.32e-06, 	13493.46899225, 	18.181818%, 	0.400000%, 	17.781818%
2020-04-08 08:41:31, 	OKEX        , 	Bittrex     , 	NXT/BTC, 	1.56e-06, 	855.27650643, 	1.32e-06, 	13493.46899225, 	18.181818%, 	0.400000%, 	17.781818%
2020-04-08 08:42:01, 	OKEX        , 	Bittrex     , 	NXT/BTC, 	1.56e-06, 	855.27650643, 	1.32e-06, 	9617.5, 	18.181818%, 	0.400000%, 	17.781818%
2020-04-08 08:42:31, 	OKEX        , 	Bittrex     , 	NXT/BTC, 	1.56e-06, 	855.27650643, 	1.32e-06, 	9617.5, 	18.181818%, 	0.400000%, 	17.781818%
2020-04-08 08:43:01, 	OKEX        , 	Bittrex     , 	NXT/BTC, 	1.56e-06, 	855.27650643, 	1.32e-06, 	9617.5, 	18.181818%, 	0.400000%, 	17.781818%
2020-04-08 08:43:31, 	OKEX        , 	Bittrex     , 	NXT/BTC, 	1.56e-06, 	855.27650643, 	1.32e-06, 	9617.5, 	18.181818%, 	0.400000%, 	17.781818%
2020-04-08 08:44:01, 	OKEX        , 	Bittrex     , 	NXT/BTC, 	1.56e-06, 	855.27650643, 	1.32e-06, 	9617.5, 	18.181818%, 	0.400000%, 	17.781818%
2020-04-08 08:44:31, 	OKEX        , 	Bittrex     , 	NXT/BTC, 	1.56e-06, 	855.27650643, 	1.32e-06, 	9617.5, 	18.181818%, 	0.400000%, 	17.781818%
2020-04-08 08:45:01, 	OKEX        , 	Bittrex     , 	NXT/BTC, 	1.56e-06, 	855.27650643, 	1.32e-06, 	9617.5, 	18.181818%, 	0.400000%, 	17.781818%
2020-04-08 08:45:31, 	OKEX        , 	Bittrex     , 	NXT/BTC, 	1.56e-06, 	855.27650643, 	1.32e-06, 	9617.5, 	18.181818%, 	0.400000%, 	17.781818%
2020-04-08 08:46:01, 	OKEX        , 	Bittrex     , 	NXT/BTC, 	1.56e-06, 	855.27650643, 	1.32e-06, 	9617.5, 	18.181818%, 	0.400000%, 	17.781818%
2020-04-08 08:46:31, 	OKEX        , 	Bittrex     , 	NXT/BTC, 	1.56e-06, 	855.27650643, 	1.32e-06, 	13493.46899225, 	18.181818%, 	0.400000%, 	17.781818%
2020-04-08 08:47:01, 	OKEX        , 	Bittrex     , 	NXT/BTC, 	1.56e-06, 	855.27650643, 	1.32e-06, 	13493.46899225, 	18.181818%, 	0.400000%, 	17.781818%
2020-04-08 08:47:31, 	OKEX        , 	Bittrex     , 	NXT/BTC, 	1.56e-06, 	855.27650643, 	1.32e-06, 	13493.46899225, 	18.181818%, 	0.400000%, 	17.781818%
2020-04-08 08:48:01, 	OKEX        , 	Bittrex     , 	NXT/BTC, 	1.56e-06, 	855.27650643, 	1.32e-06, 	13493.46899225, 	18.181818%, 	0.400000%, 	17.781818%
2020-04-08 08:48:31, 	OKEX        , 	Bittrex     , 	NXT/BTC, 	1.56e-06, 	855.27650643, 	1.32e-06, 	13493.46899225, 	18.181818%, 	0.400000%, 	17.781818%
2020-04-08 08:49:01, 	OKEX        , 	Bittrex     , 	NXT/BTC, 	1.56e-06, 	855.27650643, 	1.32e-06, 	13493.46899225, 	18.181818%, 	0.400000%, 	17.781818%
2020-04-08 08:49:31, 	OKEX        , 	Bittrex     , 	NXT/BTC, 	1.56e-06, 	855.27650643, 	1.32e-06, 	13493.46899225, 	18.181818%, 	0.400000%, 	17.781818%
2020-04-08 08:50:01, 	OKEX        , 	Bittrex     , 	NXT/BTC, 	1.56e-06, 	855.27650643, 	1.32e-06, 	9617.5, 	18.181818%, 	0.400000%, 	17.781818%
2020-04-08 08:50:31, 	OKEX        , 	Bittrex     , 	NXT/BTC, 	1.56e-06, 	855.27650643, 	1.32e-06, 	13493.46899225, 	18.181818%, 	0.400000%, 	17.781818%
2020-04-08 08:51:01, 	OKEX        , 	Bittrex     , 	NXT/BTC, 	1.56e-06, 	855.27650643, 	1.32e-06, 	13493.46899225, 	18.181818%, 	0.400000%, 	17.781818%
