2020-04-07 20:17:42, 	Poloniex    , 	OKEX        , 	XMR/BTC, 	0.00785087, 	17.02387701, 	0.007548, 	0.64930107, 	4.012586%, 	0.240000%, 	3.772586%
2020-04-07 20:18:12, 	Poloniex    , 	OKEX        , 	XMR/BTC, 	0.00785084, 	0.94672644, 	0.007548, 	75.70745943, 	4.012189%, 	0.240000%, 	3.772189%
2020-04-07 20:18:42, 	Poloniex    , 	OKEX        , 	XMR/BTC, 	0.00785084, 	0.94672644, 	0.007544, 	75.70745943, 	4.067338%, 	0.240000%, 	3.827338%
2020-04-07 20:19:12, 	Poloniex    , 	OKEX        , 	XMR/BTC, 	0.00785085, 	3.69683027, 	0.00754, 	75.70745943, 	4.122679%, 	0.240000%, 	3.882679%
2020-04-07 20:19:42, 	Poloniex    , 	OKEX        , 	XMR/BTC, 	0.00785084, 	0.94672644, 	0.007538, 	75.7074119, 	4.150172%, 	0.240000%, 	3.910172%
2020-04-07 20:20:12, 	Poloniex    , 	OKEX        , 	XMR/BTC, 	0.00785084, 	0.94672644, 	0.007538, 	50.7074119, 	4.150172%, 	0.240000%, 	3.910172%
2020-04-07 20:20:42, 	Poloniex    , 	OKEX        , 	XMR/BTC, 	0.00785, 	0.01465, 	0.007538, 	50.7074119, 	4.139029%, 	0.240000%, 	3.899029%
2020-04-07 20:21:12, 	Poloniex    , 	OKEX        , 	XMR/BTC, 	0.00785, 	0.01465, 	0.007536, 	50.69340298, 	4.166667%, 	0.240000%, 	3.926667%
2020-04-07 20:21:42, 	Poloniex    , 	OKEX        , 	XMR/BTC, 	0.0078395, 	63.77957777, 	0.007536, 	8.5927, 	4.027335%, 	0.240000%, 	3.787335%
2020-04-07 20:22:12, 	Poloniex    , 	OKEX        , 	XMR/BTC, 	0.0078395, 	3.92363368, 	0.007534, 	50.69340298, 	4.054951%, 	0.240000%, 	3.814951%
2020-04-07 20:22:42, 	Poloniex    , 	OKEX        , 	XMR/BTC, 	0.0078395, 	3.92363368, 	0.007532, 	71.05407298, 	4.082581%, 	0.240000%, 	3.842581%
2020-04-07 20:23:12, 	Poloniex    , 	OKEX        , 	XMR/BTC, 	0.00783951, 	19.12963909, 	0.007531, 	50.69340298, 	4.096534%, 	0.240000%, 	3.856534%
2020-04-07 20:23:42, 	Poloniex    , 	OKEX        , 	XMR/BTC, 	0.00783951, 	19.12857957, 	0.00753, 	50.69340298, 	4.110359%, 	0.240000%, 	3.870359%
2020-04-07 20:24:12, 	Poloniex    , 	OKEX        , 	XMR/BTC, 	0.0078395, 	3.92363368, 	0.007528, 	50.56616172, 	4.137885%, 	0.240000%, 	3.897885%
2020-04-07 20:24:42, 	Poloniex    , 	OKEX        , 	XMR/BTC, 	0.0078395, 	3.79663368, 	0.007526, 	57.56616172, 	4.165559%, 	0.240000%, 	3.925559%
2020-04-07 20:25:12, 	Poloniex    , 	OKEX        , 	XMR/BTC, 	0.0078395, 	3.79663368, 	0.007524, 	57.56616172, 	4.193248%, 	0.240000%, 	3.953248%
2020-04-07 20:25:42, 	Poloniex    , 	OKEX        , 	XMR/BTC, 	0.0078395, 	3.79663368, 	0.007523, 	57.56616172, 	4.207098%, 	0.240000%, 	3.967098%
2020-04-07 20:26:12, 	Poloniex    , 	OKEX        , 	XMR/BTC, 	0.0078395, 	3.79663368, 	0.007522, 	55.28577897, 	4.220952%, 	0.240000%, 	3.980952%
2020-04-07 20:26:42, 	Poloniex    , 	OKEX        , 	XMR/BTC, 	0.0078395, 	3.79663368, 	0.007522, 	50.56616172, 	4.220952%, 	0.240000%, 	3.980952%
2020-04-07 20:27:12, 	Poloniex    , 	OKEX        , 	XMR/BTC, 	0.0078395, 	3.79663368, 	0.007521, 	50.56616172, 	4.234809%, 	0.240000%, 	3.994809%
2020-04-07 20:27:42, 	Poloniex    , 	OKEX        , 	XMR/BTC, 	0.0078395, 	3.79663368, 	0.007561, 	50.56616172, 	3.683375%, 	0.240000%, 	3.443375%
2020-04-07 20:28:12, 	Poloniex    , 	OKEX        , 	XMR/BTC, 	0.00783951, 	19.12964721, 	0.007561, 	50.56616172, 	3.683507%, 	0.240000%, 	3.443507%
2020-04-07 20:28:42, 	Poloniex    , 	OKEX        , 	XMR/BTC, 	0.00783952, 	19.12983414, 	0.007557, 	50.56616172, 	3.738521%, 	0.240000%, 	3.498521%
2020-04-07 20:29:12, 	Poloniex    , 	OKEX        , 	XMR/BTC, 	0.00783952, 	19.12983414, 	0.007553, 	50.56616172, 	3.793460%, 	0.240000%, 	3.553460%
2020-04-07 20:29:42, 	Poloniex    , 	OKEX        , 	XMR/BTC, 	0.00783952, 	56.01297389, 	0.007551, 	23.45786449, 	3.820951%, 	0.240000%, 	3.580951%
2020-04-07 20:30:12, 	Poloniex    , 	OKEX        , 	XMR/BTC, 	0.0078395, 	3.79663368, 	0.00755, 	23.45786449, 	3.834437%, 	0.240000%, 	3.594437%
2020-04-07 20:30:42, 	Poloniex    , 	OKEX        , 	XMR/BTC, 	0.00783953, 	65.65080557, 	0.007549, 	127.55102041, 	3.848589%, 	0.240000%, 	3.608589%
2020-04-07 20:31:12, 	Poloniex    , 	OKEX        , 	XMR/BTC, 	0.00784001, 	65.64517517, 	0.007549, 	13.82496939, 	3.854948%, 	0.240000%, 	3.614948%
2020-04-07 20:31:42, 	Poloniex    , 	OKEX        , 	XMR/BTC, 	0.00784001, 	65.64555785, 	0.007547, 	13.82496939, 	3.882470%, 	0.240000%, 	3.642470%
2020-04-07 20:32:12, 	Poloniex    , 	OKEX        , 	XMR/BTC, 	0.00784076, 	63.47274969, 	0.007544, 	15.99362522, 	3.933722%, 	0.240000%, 	3.693722%
2020-04-07 20:32:42, 	Poloniex    , 	OKEX        , 	XMR/BTC, 	0.00784076, 	63.47271143, 	0.007544, 	15.99362522, 	3.933722%, 	0.240000%, 	3.693722%
2020-04-07 20:33:12, 	Poloniex    , 	OKEX        , 	XMR/BTC, 	0.00784076, 	63.47271143, 	0.007545, 	15.99362522, 	3.919947%, 	0.240000%, 	3.679947%
2020-04-07 20:33:42, 	Poloniex    , 	OKEX        , 	XMR/BTC, 	0.00784076, 	63.47271143, 	0.007542, 	15.99362522, 	3.961283%, 	0.240000%, 	3.721283%
2020-04-07 20:34:12, 	Poloniex    , 	OKEX        , 	XMR/BTC, 	0.00784075, 	0.15044353, 	0.007542, 	15.99362522, 	3.961151%, 	0.240000%, 	3.721151%
2020-04-07 20:34:42, 	Poloniex    , 	OKEX        , 	XMR/BTC, 	0.00784075, 	0.15044353, 	0.007542, 	15.99362522, 	3.961151%, 	0.240000%, 	3.721151%
2020-04-07 20:35:12, 	Poloniex    , 	OKEX        , 	XMR/BTC, 	0.00784075, 	0.15044353, 	0.00754, 	15.73583493, 	3.988727%, 	0.240000%, 	3.748727%
2020-04-07 20:35:42, 	Poloniex    , 	OKEX        , 	XMR/BTC, 	0.00784075, 	0.15044353, 	0.00754, 	22.73583493, 	3.988727%, 	0.240000%, 	3.748727%
2020-04-07 20:36:12, 	Poloniex    , 	OKEX        , 	XMR/BTC, 	0.00782223, 	7.0, 	0.007539, 	15.73583493, 	3.756864%, 	0.240000%, 	3.516864%
2020-04-07 20:36:42, 	Poloniex    , 	OKEX        , 	XMR/BTC, 	0.00782239, 	63.88045462, 	0.007539, 	15.73583493, 	3.758987%, 	0.240000%, 	3.518987%
2020-04-07 20:37:12, 	Poloniex    , 	OKEX        , 	XMR/BTC, 	0.00782254, 	63.87922974, 	0.007538, 	15.73583493, 	3.774741%, 	0.240000%, 	3.534741%
2020-04-07 20:37:42, 	Poloniex    , 	OKEX        , 	XMR/BTC, 	0.00782243, 	0.01341395, 	0.007534, 	96.76987036, 	3.828378%, 	0.240000%, 	3.588378%
2020-04-07 20:38:12, 	Poloniex    , 	OKEX        , 	XMR/BTC, 	0.00782223, 	4.38804293, 	0.007533, 	85.92212903, 	3.839506%, 	0.240000%, 	3.599506%
2020-04-07 20:38:42, 	Poloniex    , 	OKEX        , 	XMR/BTC, 	0.00782247, 	0.01341382, 	0.007532, 	79.61510293, 	3.856479%, 	0.240000%, 	3.616479%
2020-04-07 20:39:12, 	Poloniex    , 	OKEX        , 	XMR/BTC, 	0.00782207, 	5.25485904, 	0.00753, 	78.7470621, 	3.878752%, 	0.240000%, 	3.638752%
2020-04-07 20:39:42, 	Poloniex    , 	OKEX        , 	XMR/BTC, 	0.00782208, 	4.23294765, 	0.007528, 	78.7470621, 	3.906482%, 	0.240000%, 	3.666482%
2020-04-07 20:58:39, 	Poloniex    , 	OKEX        , 	XMR/BTC, 	0.00784055, 	8.19654517, 	0.007534, 	81.3230621, 	4.068888%, 	0.240000%, 	3.828888%
2020-04-07 20:59:09, 	Poloniex    , 	OKEX        , 	XMR/BTC, 	0.00784055, 	8.19654517, 	0.007532, 	81.3230621, 	4.096522%, 	0.240000%, 	3.856522%
2020-04-07 20:59:39, 	Poloniex    , 	OKEX        , 	XMR/BTC, 	0.00784057, 	8.19652425, 	0.007532, 	81.3230621, 	4.096787%, 	0.240000%, 	3.856787%
2020-04-07 21:00:09, 	Poloniex    , 	OKEX        , 	XMR/BTC, 	0.00784057, 	8.19652425, 	0.007531, 	81.3230621, 	4.110609%, 	0.240000%, 	3.870609%
2020-04-07 21:00:39, 	Poloniex    , 	OKEX        , 	XMR/BTC, 	0.00784052, 	0.026, 	0.007528, 	81.3230621, 	4.151435%, 	0.240000%, 	3.911435%
2020-04-07 21:01:09, 	Poloniex    , 	OKEX        , 	XMR/BTC, 	0.00784052, 	0.026, 	0.007527, 	19.12104385, 	4.165272%, 	0.240000%, 	3.925272%
2020-04-07 21:01:39, 	Poloniex    , 	OKEX        , 	XMR/BTC, 	0.00784052, 	0.026, 	0.007527, 	81.32328274, 	4.165272%, 	0.240000%, 	3.925272%
2020-04-07 21:02:09, 	Poloniex    , 	OKEX        , 	XMR/BTC, 	0.00784052, 	0.026, 	0.007534, 	72.29484982, 	4.068490%, 	0.240000%, 	3.828490%
2020-04-07 21:02:39, 	Poloniex    , 	OKEX        , 	XMR/BTC, 	0.00782509, 	15.26262953, 	0.007533, 	72.29484982, 	3.877472%, 	0.240000%, 	3.637472%
2020-04-07 21:03:09, 	Poloniex    , 	OKEX        , 	XMR/BTC, 	0.00783505, 	15.49858508, 	0.007534, 	111.67534808, 	3.995885%, 	0.240000%, 	3.755885%
2020-04-07 21:03:39, 	Poloniex    , 	OKEX        , 	XMR/BTC, 	0.00784112, 	15.48658717, 	0.007534, 	90.10609654, 	4.076453%, 	0.240000%, 	3.836453%
2020-04-07 21:04:09, 	Poloniex    , 	OKEX        , 	XMR/BTC, 	0.00784208, 	15.48469127, 	0.007533, 	72.03991, 	4.103013%, 	0.240000%, 	3.863013%
2020-04-07 21:04:39, 	Poloniex    , 	OKEX        , 	XMR/BTC, 	0.00784226, 	7.0, 	0.007531, 	90.10609654, 	4.133050%, 	0.240000%, 	3.893050%
2020-04-07 21:05:09, 	Poloniex    , 	OKEX        , 	XMR/BTC, 	0.00784648, 	7.0, 	0.007531, 	19.10089176, 	4.189085%, 	0.240000%, 	3.949085%
2020-04-07 21:05:39, 	Poloniex    , 	OKEX        , 	XMR/BTC, 	0.00782206, 	0.0128308, 	0.007562, 	8.9237, 	3.439037%, 	0.240000%, 	3.199037%
2020-04-07 21:07:37, 	Poloniex    , 	OKEX        , 	XMR/BTC, 	0.00781783, 	7.0, 	0.007558, 	87.4538913, 	3.437814%, 	0.240000%, 	3.197814%
2020-04-07 21:08:07, 	Poloniex    , 	OKEX        , 	XMR/BTC, 	0.00781821, 	12.73257, 	0.007554, 	9.768141, 	3.497617%, 	0.240000%, 	3.257617%
2020-04-07 21:08:37, 	Poloniex    , 	OKEX        , 	XMR/BTC, 	0.00781363, 	0.25721667, 	0.007553, 	87.4535484, 	3.450682%, 	0.240000%, 	3.210682%
2020-04-07 21:09:07, 	Poloniex    , 	OKEX        , 	XMR/BTC, 	0.00781425, 	13.45431, 	0.007551, 	16.97057287, 	3.486293%, 	0.240000%, 	3.246293%
2020-04-07 21:09:37, 	Poloniex    , 	OKEX        , 	XMR/BTC, 	0.00781417, 	9.36813634, 	0.007548, 	78.1048484, 	3.526365%, 	0.240000%, 	3.286365%
2020-04-07 21:10:07, 	Poloniex    , 	OKEX        , 	XMR/BTC, 	0.00781364, 	9.36877177, 	0.007547, 	78.1048484, 	3.533059%, 	0.240000%, 	3.293059%
2020-04-07 21:10:37, 	Poloniex    , 	OKEX        , 	XMR/BTC, 	0.00781364, 	9.36877177, 	0.007545, 	78.1048484, 	3.560504%, 	0.240000%, 	3.320504%
2020-04-07 21:11:07, 	Poloniex    , 	OKEX        , 	XMR/BTC, 	0.00780011, 	9.38502277, 	0.007545, 	78.1048484, 	3.381180%, 	0.240000%, 	3.141180%
2020-04-07 21:11:37, 	Poloniex    , 	OKEX        , 	XMR/BTC, 	0.00780011, 	9.43014264, 	0.007544, 	78.1048484, 	3.394883%, 	0.240000%, 	3.154883%
2020-04-07 21:12:07, 	Poloniex    , 	OKEX        , 	XMR/BTC, 	0.00780017, 	10.52003093, 	0.007544, 	77.01625258, 	3.395679%, 	0.240000%, 	3.155679%
2020-04-07 21:12:37, 	Poloniex    , 	OKEX        , 	XMR/BTC, 	0.00780011, 	13.23012771, 	0.007543, 	9.659934, 	3.408591%, 	0.240000%, 	3.168591%
2020-04-07 21:13:07, 	Poloniex    , 	OKEX        , 	XMR/BTC, 	0.00780011, 	15.4823421, 	0.007543, 	72.061087, 	3.408591%, 	0.240000%, 	3.168591%
2020-04-07 21:13:37, 	Poloniex    , 	OKEX        , 	XMR/BTC, 	0.00780011, 	15.48215877, 	0.007541, 	72.06100269, 	3.436016%, 	0.240000%, 	3.196016%
2020-04-07 21:14:07, 	Poloniex    , 	OKEX        , 	XMR/BTC, 	0.00780011, 	15.83754478, 	0.007541, 	81.32341305, 	3.436016%, 	0.240000%, 	3.196016%
2020-04-07 21:14:37, 	Poloniex    , 	OKEX        , 	XMR/BTC, 	0.00780011, 	15.83818561, 	0.007541, 	71.70282705, 	3.436016%, 	0.240000%, 	3.196016%
2020-04-07 21:15:07, 	Poloniex    , 	OKEX        , 	XMR/BTC, 	0.00780007, 	15.63861478, 	0.00754, 	70.40607561, 	3.449204%, 	0.240000%, 	3.209204%
2020-04-07 21:15:37, 	Poloniex    , 	OKEX        , 	XMR/BTC, 	0.0078, 	131.117032, 	0.007539, 	19.24729711, 	3.461998%, 	0.240000%, 	3.221998%
2020-04-07 21:16:07, 	Poloniex    , 	OKEX        , 	XMR/BTC, 	0.00779001, 	40.52805837, 	0.007539, 	8.9211, 	3.329487%, 	0.240000%, 	3.089487%
2020-04-07 21:16:37, 	Poloniex    , 	OKEX        , 	XMR/BTC, 	0.00778208, 	50.78874283, 	0.007538, 	45.83581108, 	3.237994%, 	0.240000%, 	2.997994%
2020-04-07 21:17:07, 	Poloniex    , 	OKEX        , 	XMR/BTC, 	0.00776906, 	50.24000586, 	0.007537, 	12.80637808, 	3.078944%, 	0.240000%, 	2.838944%
2020-04-07 21:17:37, 	Poloniex    , 	OKEX        , 	XMR/BTC, 	0.00774257, 	39.83527402, 	0.007537, 	48.08933334, 	2.727478%, 	0.240000%, 	2.487478%
2020-04-07 21:41:48, 	Poloniex    , 	OKEX        , 	XMR/BTC, 	0.00777757, 	0.6, 	0.0076, 	67.99091508, 	2.336447%, 	0.240000%, 	2.096447%
2020-04-07 21:42:18, 	Poloniex    , 	OKEX        , 	XMR/BTC, 	0.00778069, 	19.13673903, 	0.0076, 	68.09217408, 	2.377500%, 	0.240000%, 	2.137500%
2020-04-07 21:42:48, 	Poloniex    , 	OKEX        , 	XMR/BTC, 	0.00778131, 	19.13521422, 	0.0076, 	68.09217408, 	2.385658%, 	0.240000%, 	2.145658%
2020-04-07 21:43:19, 	Poloniex    , 	OKEX        , 	XMR/BTC, 	0.00776735, 	7.21526179, 	0.0076, 	87.58388615, 	2.201974%, 	0.240000%, 	1.961974%
2020-04-07 21:43:49, 	Poloniex    , 	OKEX        , 	XMR/BTC, 	0.00775399, 	7.00000074, 	0.0076, 	88.24693811, 	2.026184%, 	0.240000%, 	1.786184%
2020-04-07 21:44:19, 	Poloniex    , 	OKEX        , 	XMR/BTC, 	0.00774608, 	0.90148685, 	0.0076, 	8.9255, 	1.922105%, 	0.240000%, 	1.682105%
2020-04-07 21:44:49, 	Poloniex    , 	OKEX        , 	XMR/BTC, 	0.00775191, 	90.411202, 	0.0076, 	1.57050429, 	1.998816%, 	0.240000%, 	1.758816%
2020-04-07 21:45:19, 	Poloniex    , 	OKEX        , 	XMR/BTC, 	0.00775532, 	7.0807623, 	0.0076, 	1.57050429, 	2.043684%, 	0.240000%, 	1.803684%
2020-04-07 21:45:49, 	Poloniex    , 	OKEX        , 	XMR/BTC, 	0.00775684, 	7.0, 	0.0076, 	214.87451992, 	2.063684%, 	0.240000%, 	1.823684%
2020-04-07 21:46:19, 	Poloniex    , 	OKEX        , 	XMR/BTC, 	0.00775004, 	7.0, 	0.0076, 	87.58823755, 	1.974211%, 	0.240000%, 	1.734211%
2020-04-07 21:46:49, 	Poloniex    , 	OKEX        , 	XMR/BTC, 	0.00775185, 	7.0, 	0.0076, 	199.15864972, 	1.998026%, 	0.240000%, 	1.758026%
2020-04-07 21:47:19, 	Poloniex    , 	OKEX        , 	XMR/BTC, 	0.0077545, 	5.933912, 	0.0076, 	188.72728421, 	2.032895%, 	0.240000%, 	1.792895%
2020-04-07 21:47:49, 	Poloniex    , 	OKEX        , 	XMR/BTC, 	0.00775637, 	7.0, 	0.0076, 	145.54223266, 	2.057500%, 	0.240000%, 	1.817500%
2020-04-07 21:48:19, 	Poloniex    , 	OKEX        , 	XMR/BTC, 	0.00775, 	20.25255758, 	0.0076, 	145.54223266, 	1.973684%, 	0.240000%, 	1.733684%
2020-04-07 21:48:49, 	Poloniex    , 	OKEX        , 	XMR/BTC, 	0.00775617, 	0.03722194, 	0.0076, 	142.37965632, 	2.054868%, 	0.240000%, 	1.814868%
2020-04-07 21:49:19, 	Poloniex    , 	OKEX        , 	XMR/BTC, 	0.00775013, 	7.0, 	0.0076, 	87.58823755, 	1.975395%, 	0.240000%, 	1.735395%
2020-04-07 21:49:49, 	Poloniex    , 	OKEX        , 	XMR/BTC, 	0.00775001, 	0.33358914, 	0.0076, 	87.29221438, 	1.973816%, 	0.240000%, 	1.733816%
2020-04-07 21:50:19, 	Poloniex    , 	OKEX        , 	XMR/BTC, 	0.00775298, 	0.33346128, 	0.0076, 	136.09546287, 	2.012895%, 	0.240000%, 	1.772895%
2020-04-07 21:50:49, 	Poloniex    , 	OKEX        , 	XMR/BTC, 	0.00775475, 	3.84686814, 	0.0076, 	9.620586, 	2.036184%, 	0.240000%, 	1.796184%
2020-04-07 21:51:19, 	Poloniex    , 	OKEX        , 	XMR/BTC, 	0.00775533, 	0.33336019, 	0.0076, 	9.797652, 	2.043816%, 	0.240000%, 	1.803816%
2020-04-07 21:51:49, 	Poloniex    , 	OKEX        , 	XMR/BTC, 	0.00775533, 	0.33336019, 	0.0076, 	87.29221438, 	2.043816%, 	0.240000%, 	1.803816%
2020-04-07 21:52:19, 	Poloniex    , 	OKEX        , 	XMR/BTC, 	0.00775533, 	0.33336019, 	0.0076, 	87.29221438, 	2.043816%, 	0.240000%, 	1.803816%
2020-04-07 21:52:49, 	Poloniex    , 	OKEX        , 	XMR/BTC, 	0.00775533, 	0.33336019, 	0.0076, 	87.29221438, 	2.043816%, 	0.240000%, 	1.803816%
2020-04-07 21:53:19, 	Poloniex    , 	OKEX        , 	XMR/BTC, 	0.00775533, 	0.33336019, 	0.0076, 	87.29221438, 	2.043816%, 	0.240000%, 	1.803816%
2020-04-07 21:53:49, 	Poloniex    , 	OKEX        , 	XMR/BTC, 	0.00775533, 	1.49346298, 	0.0076, 	86.19684791, 	2.043816%, 	0.240000%, 	1.803816%
2020-04-07 21:54:19, 	Poloniex    , 	OKEX        , 	XMR/BTC, 	0.00775575, 	4.83662, 	0.0076, 	19.3332231, 	2.049342%, 	0.240000%, 	1.809342%
2020-04-07 21:54:49, 	Poloniex    , 	OKEX        , 	XMR/BTC, 	0.00775576, 	1.49338014, 	0.0076, 	8.69892537, 	2.049474%, 	0.240000%, 	1.809474%
2020-04-07 21:55:19, 	Poloniex    , 	OKEX        , 	XMR/BTC, 	0.00775826, 	1.49289889, 	0.0076, 	9.699282, 	2.082368%, 	0.240000%, 	1.842368%
2020-04-07 21:55:49, 	Poloniex    , 	OKEX        , 	XMR/BTC, 	0.00775751, 	1.49304322, 	0.0076, 	131.6921037, 	2.072500%, 	0.240000%, 	1.832500%
2020-04-07 21:56:19, 	Poloniex    , 	OKEX        , 	XMR/BTC, 	0.00775751, 	1.49304322, 	0.0076, 	9.817326, 	2.072500%, 	0.240000%, 	1.832500%
2020-04-07 21:56:49, 	Poloniex    , 	OKEX        , 	XMR/BTC, 	0.00775751, 	1.49304322, 	0.0076, 	95.37166638, 	2.072500%, 	0.240000%, 	1.832500%
2020-04-07 21:57:19, 	Poloniex    , 	OKEX        , 	XMR/BTC, 	0.00775751, 	1.49304321, 	0.0076, 	95.37166638, 	2.072500%, 	0.240000%, 	1.832500%
2020-04-07 21:57:49, 	Poloniex    , 	OKEX        , 	XMR/BTC, 	0.00775751, 	1.49304321, 	0.0076, 	9.78780993, 	2.072500%, 	0.240000%, 	1.832500%
2020-04-07 21:58:19, 	Poloniex    , 	OKEX        , 	XMR/BTC, 	0.00775788, 	1.492972, 	0.0076, 	95.37166638, 	2.077368%, 	0.240000%, 	1.837368%
2020-04-07 21:58:49, 	Poloniex    , 	OKEX        , 	XMR/BTC, 	0.00775751, 	1.49304319, 	0.0076, 	86.19684791, 	2.072500%, 	0.240000%, 	1.832500%
2020-04-07 21:59:19, 	Poloniex    , 	OKEX        , 	XMR/BTC, 	0.00775001, 	3.34647168, 	0.0076, 	87.6898911, 	1.973816%, 	0.240000%, 	1.733816%
2020-04-07 21:59:49, 	Poloniex    , 	OKEX        , 	XMR/BTC, 	0.00775001, 	3.34647168, 	0.0076, 	87.6898911, 	1.973816%, 	0.240000%, 	1.733816%
2020-04-07 22:00:19, 	Poloniex    , 	OKEX        , 	XMR/BTC, 	0.00775, 	20.25255758, 	0.0076, 	87.6898911, 	1.973684%, 	0.240000%, 	1.733684%
2020-04-07 22:00:49, 	Poloniex    , 	OKEX        , 	XMR/BTC, 	0.00774314, 	0.02530611, 	0.0076, 	8.9721, 	1.883421%, 	0.240000%, 	1.643421%
2020-04-07 22:01:19, 	Poloniex    , 	OKEX        , 	XMR/BTC, 	0.00774309, 	0.0258, 	0.0076, 	113.68893928, 	1.882763%, 	0.240000%, 	1.642763%
2020-04-07 22:01:49, 	Poloniex    , 	OKEX        , 	XMR/BTC, 	0.00774256, 	0.08437101, 	0.0076, 	133.06058223, 	1.875789%, 	0.240000%, 	1.635789%
2020-04-07 22:02:19, 	Poloniex    , 	OKEX        , 	XMR/BTC, 	0.00774256, 	0.08437101, 	0.007597, 	113.68893928, 	1.916019%, 	0.240000%, 	1.676019%
2020-04-07 22:02:49, 	Poloniex    , 	OKEX        , 	XMR/BTC, 	0.00773521, 	19.37565381, 	0.007597, 	258.31358247, 	1.819271%, 	0.240000%, 	1.579271%
2020-04-07 22:03:19, 	Poloniex    , 	OKEX        , 	XMR/BTC, 	0.00773558, 	6.22434, 	0.007595, 	258.31358247, 	1.850955%, 	0.240000%, 	1.610955%
2020-04-07 22:03:49, 	Poloniex    , 	OKEX        , 	XMR/BTC, 	0.00771649, 	38.96614968, 	0.007595, 	9.699282, 	1.599605%, 	0.240000%, 	1.359605%
2020-04-07 22:04:19, 	Poloniex    , 	OKEX        , 	XMR/BTC, 	0.00771902, 	5.7, 	0.007596, 	9.827163, 	1.619537%, 	0.240000%, 	1.379537%
2020-04-07 22:04:49, 	Poloniex    , 	OKEX        , 	XMR/BTC, 	0.00770868, 	2.9, 	0.007594, 	113.68893928, 	1.510140%, 	0.240000%, 	1.270140%
2020-04-07 22:05:19, 	Poloniex    , 	OKEX        , 	XMR/BTC, 	0.00771649, 	7.0, 	0.007594, 	9.0016, 	1.612984%, 	0.240000%, 	1.372984%
2020-04-07 22:05:49, 	Poloniex    , 	OKEX        , 	XMR/BTC, 	0.00771424, 	3.50265599, 	0.00759, 	1.84484962, 	1.636891%, 	0.240000%, 	1.396891%
2020-04-07 22:06:19, 	Poloniex    , 	OKEX        , 	XMR/BTC, 	0.00772, 	9.0749, 	0.007588, 	7.0, 	1.739589%, 	0.240000%, 	1.499589%
2020-04-07 22:06:49, 	Poloniex    , 	OKEX        , 	XMR/BTC, 	0.00773056, 	2.06347534, 	0.007586, 	272.48689428, 	1.905616%, 	0.240000%, 	1.665616%
2020-04-07 22:07:19, 	Poloniex    , 	OKEX        , 	XMR/BTC, 	0.00773038, 	2.06352336, 	0.007584, 	133.05729482, 	1.930116%, 	0.240000%, 	1.690116%
2020-04-07 22:07:49, 	Poloniex    , 	OKEX        , 	XMR/BTC, 	0.00770915, 	0.91780834, 	0.007582, 	13.95556, 	1.676998%, 	0.240000%, 	1.436998%
2020-04-07 22:08:19, 	Poloniex    , 	OKEX        , 	XMR/BTC, 	0.0077092, 	1.9, 	0.00758, 	125.55010395, 	1.704485%, 	0.240000%, 	1.464485%
2020-04-07 22:08:49, 	Poloniex    , 	OKEX        , 	XMR/BTC, 	0.00772001, 	86.721377, 	0.00758, 	0.0259, 	1.847098%, 	0.240000%, 	1.607098%
2020-04-07 22:09:19, 	Poloniex    , 	OKEX        , 	XMR/BTC, 	0.00770865, 	7.399667, 	0.007578, 	40.35327168, 	1.724070%, 	0.240000%, 	1.484070%
2020-04-07 22:09:49, 	Poloniex    , 	OKEX        , 	XMR/BTC, 	0.00770869, 	7.0, 	0.007575, 	299.58684762, 	1.764884%, 	0.240000%, 	1.524884%
2020-04-07 22:10:19, 	Poloniex    , 	OKEX        , 	XMR/BTC, 	0.00770867, 	45.464046, 	0.0076, 	299.61274762, 	1.429868%, 	0.240000%, 	1.189868%
2020-04-07 22:10:49, 	Poloniex    , 	OKEX        , 	XMR/BTC, 	0.00770864, 	59.99385401, 	0.0076, 	285.79055308, 	1.429474%, 	0.240000%, 	1.189474%
2020-04-07 22:11:19, 	Poloniex    , 	OKEX        , 	XMR/BTC, 	0.00770864, 	59.99385401, 	0.0076, 	281.14675308, 	1.429474%, 	0.240000%, 	1.189474%
2020-04-07 22:11:49, 	Poloniex    , 	OKEX        , 	XMR/BTC, 	0.00770864, 	60.205808, 	0.0076, 	281.14675308, 	1.429474%, 	0.240000%, 	1.189474%
2020-04-07 22:12:19, 	Poloniex    , 	OKEX        , 	XMR/BTC, 	0.00770945, 	0.45623747, 	0.0076, 	157.16207708, 	1.440132%, 	0.240000%, 	1.200132%
2020-04-07 22:12:49, 	Poloniex    , 	OKEX        , 	XMR/BTC, 	0.00771014, 	0.45440159, 	0.0076, 	125.08237708, 	1.449211%, 	0.240000%, 	1.209211%
2020-04-07 22:13:19, 	Poloniex    , 	OKEX        , 	XMR/BTC, 	0.00770901, 	7.0, 	0.0076, 	114.38698668, 	1.434342%, 	0.240000%, 	1.194342%
2020-04-07 22:13:49, 	Poloniex    , 	OKEX        , 	XMR/BTC, 	0.00771013, 	0.45440213, 	0.007566, 	106.82198668, 	1.904970%, 	0.240000%, 	1.664970%
2020-04-07 22:14:19, 	Poloniex    , 	OKEX        , 	XMR/BTC, 	0.0077111, 	0.45434494, 	0.007566, 	95.01198668, 	1.917790%, 	0.240000%, 	1.677790%
2020-04-07 22:14:49, 	Poloniex    , 	OKEX        , 	XMR/BTC, 	0.0077201, 	1.2, 	0.007566, 	155.78933142, 	2.036743%, 	0.240000%, 	1.796743%
2020-04-07 22:15:19, 	Poloniex    , 	OKEX        , 	XMR/BTC, 	0.00772895, 	11.60739943, 	0.007566, 	0.6, 	2.153714%, 	0.240000%, 	1.913714%
2020-04-07 22:15:49, 	Poloniex    , 	OKEX        , 	XMR/BTC, 	0.00773246, 	13.29054397, 	0.007566, 	102.96641915, 	2.200106%, 	0.240000%, 	1.960106%
2020-04-07 22:16:19, 	Poloniex    , 	OKEX        , 	XMR/BTC, 	0.00772501, 	14.86036383, 	0.007566, 	3.013, 	2.101639%, 	0.240000%, 	1.861639%
2020-04-07 22:16:49, 	Poloniex    , 	OKEX        , 	XMR/BTC, 	0.00772986, 	15.49642925, 	0.007566, 	100.77288815, 	2.165741%, 	0.240000%, 	1.925741%
2020-04-07 22:17:19, 	Poloniex    , 	OKEX        , 	XMR/BTC, 	0.00772409, 	17.02142626, 	0.007566, 	27.20371853, 	2.089479%, 	0.240000%, 	1.849479%
2020-04-07 22:17:49, 	Poloniex    , 	OKEX        , 	XMR/BTC, 	0.00772623, 	17.01671164, 	0.007566, 	99.26428282, 	2.117764%, 	0.240000%, 	1.877764%
2020-04-07 22:18:19, 	Poloniex    , 	OKEX        , 	XMR/BTC, 	0.00772962, 	17.00924854, 	0.007566, 	99.26428282, 	2.162569%, 	0.240000%, 	1.922569%
2020-04-07 22:18:49, 	Poloniex    , 	OKEX        , 	XMR/BTC, 	0.00773387, 	7.0, 	0.007566, 	99.26428282, 	2.218742%, 	0.240000%, 	1.978742%
2020-04-07 22:19:19, 	Poloniex    , 	OKEX        , 	XMR/BTC, 	0.00773566, 	16.99596763, 	0.007566, 	99.26428282, 	2.242400%, 	0.240000%, 	2.002400%
2020-04-07 22:19:49, 	Poloniex    , 	OKEX        , 	XMR/BTC, 	0.00773166, 	20.89770812, 	0.007566, 	95.41007186, 	2.189532%, 	0.240000%, 	1.949532%
2020-04-07 22:20:19, 	Poloniex    , 	OKEX        , 	XMR/BTC, 	0.00772993, 	20.64507193, 	0.007566, 	41.13, 	2.166667%, 	0.240000%, 	1.926667%
2020-04-07 22:20:49, 	Poloniex    , 	OKEX        , 	XMR/BTC, 	0.00772015, 	1.8, 	0.007566, 	41.13, 	2.037404%, 	0.240000%, 	1.797404%
2020-04-07 22:21:19, 	Poloniex    , 	OKEX        , 	XMR/BTC, 	0.00773085, 	3.14744337, 	0.007566, 	41.13, 	2.178826%, 	0.240000%, 	1.938826%
2020-04-07 22:21:49, 	Poloniex    , 	OKEX        , 	XMR/BTC, 	0.00772877, 	0.90247287, 	0.007566, 	157.44038424, 	2.151335%, 	0.240000%, 	1.911335%
2020-04-07 22:22:19, 	Poloniex    , 	OKEX        , 	XMR/BTC, 	0.00772766, 	7.0, 	0.007566, 	41.13, 	2.136664%, 	0.240000%, 	1.896664%
2020-04-07 22:22:49, 	Poloniex    , 	OKEX        , 	XMR/BTC, 	0.00772823, 	7.0, 	0.007566, 	41.13, 	2.144198%, 	0.240000%, 	1.904198%
2020-04-07 22:23:19, 	Poloniex    , 	OKEX        , 	XMR/BTC, 	0.00773135, 	9.43460194, 	0.007566, 	41.13, 	2.185435%, 	0.240000%, 	1.945435%
2020-04-07 22:23:49, 	Poloniex    , 	OKEX        , 	XMR/BTC, 	0.00773262, 	76.33575045, 	0.007566, 	157.45585922, 	2.202220%, 	0.240000%, 	1.962220%
2020-04-07 22:24:19, 	Poloniex    , 	OKEX        , 	XMR/BTC, 	0.00774463, 	7.0, 	0.007566, 	157.45585922, 	2.360957%, 	0.240000%, 	2.120957%
2020-04-07 22:24:49, 	Poloniex    , 	OKEX        , 	XMR/BTC, 	0.00774611, 	7.0, 	0.007566, 	41.13, 	2.380518%, 	0.240000%, 	2.140518%
2020-04-07 22:25:19, 	Poloniex    , 	OKEX        , 	XMR/BTC, 	0.00774811, 	7.0, 	0.007566, 	41.13, 	2.406952%, 	0.240000%, 	2.166952%
2020-04-07 22:25:49, 	Poloniex    , 	OKEX        , 	XMR/BTC, 	0.00775003, 	7.0, 	0.007566, 	41.13, 	2.432329%, 	0.240000%, 	2.192329%
2020-04-07 22:26:19, 	Poloniex    , 	OKEX        , 	XMR/BTC, 	0.00775273, 	7.0, 	0.007566, 	41.13, 	2.468015%, 	0.240000%, 	2.228015%
2020-04-07 22:26:49, 	Poloniex    , 	OKEX        , 	XMR/BTC, 	0.00775463, 	7.0, 	0.007566, 	41.13, 	2.493127%, 	0.240000%, 	2.253127%
2020-04-07 22:27:19, 	Poloniex    , 	OKEX        , 	XMR/BTC, 	0.00775531, 	6.17, 	0.007566, 	41.13, 	2.502115%, 	0.240000%, 	2.262115%
2020-04-07 22:27:49, 	Poloniex    , 	OKEX        , 	XMR/BTC, 	0.00775513, 	0.8747364, 	0.007566, 	41.13, 	2.499736%, 	0.240000%, 	2.259736%
2020-04-07 22:28:19, 	Poloniex    , 	OKEX        , 	XMR/BTC, 	0.00775519, 	7.0, 	0.007566, 	41.13, 	2.500529%, 	0.240000%, 	2.260529%
2020-04-07 22:28:49, 	Poloniex    , 	OKEX        , 	XMR/BTC, 	0.00775518, 	7.0, 	0.007566, 	41.13, 	2.500397%, 	0.240000%, 	2.260397%
2020-04-07 22:29:19, 	Poloniex    , 	OKEX        , 	XMR/BTC, 	0.00775518, 	7.0, 	0.007566, 	0.03825322, 	2.500397%, 	0.240000%, 	2.260397%
2020-04-07 22:29:49, 	Poloniex    , 	OKEX        , 	XMR/BTC, 	0.00775976, 	7.0, 	0.007566, 	0.00025322, 	2.560930%, 	0.240000%, 	2.320930%
2020-04-07 22:30:19, 	Poloniex    , 	OKEX        , 	XMR/BTC, 	0.00776051, 	11.89138858, 	0.007566, 	0.00024491, 	2.570843%, 	0.240000%, 	2.330843%
2020-04-07 22:30:49, 	Poloniex    , 	OKEX        , 	XMR/BTC, 	0.00776051, 	11.89138858, 	0.007566, 	0.00023809, 	2.570843%, 	0.240000%, 	2.330843%
2020-04-07 22:31:19, 	Poloniex    , 	OKEX        , 	XMR/BTC, 	0.00776051, 	11.89138858, 	0.007566, 	0.00023809, 	2.570843%, 	0.240000%, 	2.330843%
2020-04-07 22:31:49, 	Poloniex    , 	OKEX        , 	XMR/BTC, 	0.00776051, 	11.89138858, 	0.007566, 	0.00023553, 	2.570843%, 	0.240000%, 	2.330843%
2020-04-07 22:32:19, 	Poloniex    , 	OKEX        , 	XMR/BTC, 	0.00776051, 	11.89138858, 	0.007566, 	0.00023553, 	2.570843%, 	0.240000%, 	2.330843%
2020-04-07 22:32:49, 	Poloniex    , 	OKEX        , 	XMR/BTC, 	0.00776051, 	11.89138858, 	0.007566, 	0.00023553, 	2.570843%, 	0.240000%, 	2.330843%
2020-04-07 22:33:19, 	Poloniex    , 	OKEX        , 	XMR/BTC, 	0.00776051, 	11.89138858, 	0.007566, 	41.13, 	2.570843%, 	0.240000%, 	2.330843%
2020-04-07 22:33:49, 	Poloniex    , 	OKEX        , 	XMR/BTC, 	0.00776051, 	11.88975209, 	0.007566, 	41.13, 	2.570843%, 	0.240000%, 	2.330843%
2020-04-07 22:34:19, 	Poloniex    , 	OKEX        , 	XMR/BTC, 	0.00776051, 	11.88975209, 	0.007566, 	41.13, 	2.570843%, 	0.240000%, 	2.330843%
2020-04-07 22:34:49, 	Poloniex    , 	OKEX        , 	XMR/BTC, 	0.00775494, 	0.90149924, 	0.007566, 	230.70825801, 	2.497224%, 	0.240000%, 	2.257224%
2020-04-07 22:35:19, 	Poloniex    , 	OKEX        , 	XMR/BTC, 	0.00774143, 	11.9190563, 	0.007566, 	116.32584616, 	2.318662%, 	0.240000%, 	2.078662%
2020-04-07 22:35:49, 	Poloniex    , 	OKEX        , 	XMR/BTC, 	0.00774598, 	0.89915367, 	0.007566, 	116.32584616, 	2.378800%, 	0.240000%, 	2.138800%
2020-04-07 22:36:19, 	Poloniex    , 	OKEX        , 	XMR/BTC, 	0.0077462, 	11.91171671, 	0.007566, 	116.32584616, 	2.381708%, 	0.240000%, 	2.141708%
2020-04-07 22:36:49, 	Poloniex    , 	OKEX        , 	XMR/BTC, 	0.00774622, 	19.432289, 	0.007566, 	41.13, 	2.381972%, 	0.240000%, 	2.141972%
2020-04-07 22:37:19, 	Poloniex    , 	OKEX        , 	XMR/BTC, 	0.00774657, 	41.430713, 	0.007566, 	116.32584616, 	2.386598%, 	0.240000%, 	2.146598%
2020-04-07 22:37:49, 	Poloniex    , 	OKEX        , 	XMR/BTC, 	0.00774885, 	19.32794505, 	0.007566, 	116.32584616, 	2.416733%, 	0.240000%, 	2.176733%
2020-04-07 22:38:19, 	Poloniex    , 	OKEX        , 	XMR/BTC, 	0.00774944, 	7.0, 	0.007566, 	41.13, 	2.424531%, 	0.240000%, 	2.184531%
2020-04-07 22:38:49, 	Poloniex    , 	OKEX        , 	XMR/BTC, 	0.00774986, 	7.0, 	0.007566, 	116.32584616, 	2.430082%, 	0.240000%, 	2.190082%
2020-04-07 22:39:19, 	Poloniex    , 	OKEX        , 	XMR/BTC, 	0.00775528, 	5.44367145, 	0.007566, 	41.13, 	2.501718%, 	0.240000%, 	2.261718%
2020-04-07 22:39:49, 	Poloniex    , 	OKEX        , 	XMR/BTC, 	0.00775686, 	12.183952, 	0.007566, 	0.00023553, 	2.522601%, 	0.240000%, 	2.282601%
2020-04-07 22:40:19, 	Poloniex    , 	OKEX        , 	XMR/BTC, 	0.00776007, 	7.0, 	0.007566, 	0.00023553, 	2.565028%, 	0.240000%, 	2.325028%
2020-04-07 22:40:49, 	Poloniex    , 	OKEX        , 	XMR/BTC, 	0.00776017, 	7.0, 	0.007566, 	0.00023553, 	2.566349%, 	0.240000%, 	2.326349%
2020-04-07 22:41:19, 	Poloniex    , 	OKEX        , 	XMR/BTC, 	0.00776155, 	5.18205327, 	0.007566, 	0.0004522, 	2.584589%, 	0.240000%, 	2.344589%
2020-04-07 22:41:49, 	Poloniex    , 	OKEX        , 	XMR/BTC, 	0.00776155, 	5.18205327, 	0.007566, 	41.13, 	2.584589%, 	0.240000%, 	2.344589%
2020-04-07 22:42:19, 	Poloniex    , 	OKEX        , 	XMR/BTC, 	0.00776155, 	5.18205327, 	0.007566, 	41.13, 	2.584589%, 	0.240000%, 	2.344589%
2020-04-07 22:42:49, 	Poloniex    , 	OKEX        , 	XMR/BTC, 	0.00776, 	9.89588789, 	0.007566, 	41.13, 	2.564103%, 	0.240000%, 	2.324103%
2020-04-07 22:43:19, 	Poloniex    , 	OKEX        , 	XMR/BTC, 	0.00776082, 	3.75493696, 	0.007566, 	112.57540961, 	2.574941%, 	0.240000%, 	2.334941%
2020-04-07 22:43:49, 	Poloniex    , 	OKEX        , 	XMR/BTC, 	0.00776111, 	3.75479662, 	0.007566, 	0.0004522, 	2.578773%, 	0.240000%, 	2.338773%
2020-04-07 22:44:19, 	Poloniex    , 	OKEX        , 	XMR/BTC, 	0.00776466, 	3.7530799, 	0.007566, 	153.70547404, 	2.625694%, 	0.240000%, 	2.385694%
2020-04-07 22:44:49, 	Poloniex    , 	OKEX        , 	XMR/BTC, 	0.00776787, 	3.75152892, 	0.007566, 	153.70547404, 	2.668121%, 	0.240000%, 	2.428121%
2020-04-07 22:45:19, 	Poloniex    , 	OKEX        , 	XMR/BTC, 	0.00778, 	0.18737305, 	0.007566, 	153.70547404, 	2.828443%, 	0.240000%, 	2.588443%
2020-04-07 22:45:49, 	Poloniex    , 	OKEX        , 	XMR/BTC, 	0.00778001, 	3.74573811, 	0.007566, 	112.57547404, 	2.828575%, 	0.240000%, 	2.588575%
2020-04-07 22:46:19, 	Poloniex    , 	OKEX        , 	XMR/BTC, 	0.00778, 	0.18737305, 	0.007566, 	102.04021215, 	2.828443%, 	0.240000%, 	2.588443%
2020-04-07 22:46:49, 	Poloniex    , 	OKEX        , 	XMR/BTC, 	0.00778, 	0.18737305, 	0.007566, 	143.17021215, 	2.828443%, 	0.240000%, 	2.588443%
2020-04-07 22:47:19, 	Poloniex    , 	OKEX        , 	XMR/BTC, 	0.00778001, 	14.2924225, 	0.007566, 	1.39440008, 	2.828575%, 	0.240000%, 	2.588575%
2020-04-07 22:47:49, 	Poloniex    , 	OKEX        , 	XMR/BTC, 	0.00778001, 	14.29242249, 	0.007566, 	102.04021215, 	2.828575%, 	0.240000%, 	2.588575%
2020-04-07 22:48:19, 	Poloniex    , 	OKEX        , 	XMR/BTC, 	0.00778003, 	14.29238573, 	0.007566, 	111.80834922, 	2.828840%, 	0.240000%, 	2.588840%
2020-04-07 22:48:49, 	Poloniex    , 	OKEX        , 	XMR/BTC, 	0.00778003, 	14.29238572, 	0.007566, 	102.04020822, 	2.828840%, 	0.240000%, 	2.588840%
2020-04-07 22:49:19, 	Poloniex    , 	OKEX        , 	XMR/BTC, 	0.00778003, 	14.29238572, 	0.007566, 	41.13, 	2.828840%, 	0.240000%, 	2.588840%
2020-04-07 22:49:49, 	Poloniex    , 	OKEX        , 	XMR/BTC, 	0.00778003, 	14.29238572, 	0.007566, 	41.13, 	2.828840%, 	0.240000%, 	2.588840%
2020-04-07 22:50:19, 	Poloniex    , 	OKEX        , 	XMR/BTC, 	0.00778003, 	14.29238572, 	0.007566, 	41.13, 	2.828840%, 	0.240000%, 	2.588840%
2020-04-07 22:50:49, 	Poloniex    , 	OKEX        , 	XMR/BTC, 	0.00778001, 	14.29242246, 	0.007566, 	102.04020822, 	2.828575%, 	0.240000%, 	2.588575%
2020-04-07 22:51:19, 	Poloniex    , 	OKEX        , 	XMR/BTC, 	0.00778001, 	14.45749941, 	0.007566, 	143.00526887, 	2.828575%, 	0.240000%, 	2.588575%
2020-04-07 22:51:49, 	Poloniex    , 	OKEX        , 	XMR/BTC, 	0.00778003, 	14.45746224, 	0.007566, 	1.39440008, 	2.828840%, 	0.240000%, 	2.588840%
2020-04-07 22:52:19, 	Poloniex    , 	OKEX        , 	XMR/BTC, 	0.00778003, 	21.45746222, 	0.007566, 	1.39440008, 	2.828840%, 	0.240000%, 	2.588840%
2020-04-07 22:52:49, 	Poloniex    , 	OKEX        , 	XMR/BTC, 	0.00778061, 	14.45638447, 	0.007566, 	4.14966479, 	2.836505%, 	0.240000%, 	2.596505%
2020-04-07 22:53:19, 	Poloniex    , 	OKEX        , 	XMR/BTC, 	0.00778179, 	26.15850208, 	0.007566, 	141.09327843, 	2.852102%, 	0.240000%, 	2.612102%
2020-04-07 22:53:49, 	Poloniex    , 	OKEX        , 	XMR/BTC, 	0.00778283, 	16.38290167, 	0.007566, 	141.0787818, 	2.865847%, 	0.240000%, 	2.625847%
2020-04-07 22:54:19, 	Poloniex    , 	OKEX        , 	XMR/BTC, 	0.00778392, 	16.38060747, 	0.007566, 	41.13, 	2.880254%, 	0.240000%, 	2.640254%
2020-04-07 22:54:49, 	Poloniex    , 	OKEX        , 	XMR/BTC, 	0.007784, 	16.38043911, 	0.007566, 	41.13, 	2.881311%, 	0.240000%, 	2.641311%
2020-04-07 22:55:19, 	Poloniex    , 	OKEX        , 	XMR/BTC, 	0.00778406, 	16.38031284, 	0.007566, 	99.9487818, 	2.882104%, 	0.240000%, 	2.642104%
2020-04-07 22:55:49, 	Poloniex    , 	OKEX        , 	XMR/BTC, 	0.00778444, 	16.3795132, 	0.007566, 	99.9487818, 	2.887127%, 	0.240000%, 	2.647127%
2020-04-07 22:56:19, 	Poloniex    , 	OKEX        , 	XMR/BTC, 	0.00778425, 	16.37991297, 	0.007566, 	41.13, 	2.884615%, 	0.240000%, 	2.644615%
2020-04-07 22:56:49, 	Poloniex    , 	OKEX        , 	XMR/BTC, 	0.00778433, 	16.37974461, 	0.007566, 	41.13, 	2.885673%, 	0.240000%, 	2.645673%
2020-04-07 22:57:19, 	Poloniex    , 	OKEX        , 	XMR/BTC, 	0.00778439, 	16.37961834, 	0.007566, 	7.0, 	2.886466%, 	0.240000%, 	2.646466%
2020-04-07 22:57:49, 	Poloniex    , 	OKEX        , 	XMR/BTC, 	0.00778439, 	16.25407667, 	0.007566, 	141.15682841, 	2.886466%, 	0.240000%, 	2.646466%
2020-04-07 22:58:19, 	Poloniex    , 	OKEX        , 	XMR/BTC, 	0.00778439, 	16.09778711, 	0.007566, 	100.23061303, 	2.886466%, 	0.240000%, 	2.646466%
2020-04-07 22:58:49, 	Poloniex    , 	OKEX        , 	XMR/BTC, 	0.00778439, 	15.85469744, 	0.007566, 	41.13, 	2.886466%, 	0.240000%, 	2.646466%
2020-04-07 22:59:19, 	Poloniex    , 	OKEX        , 	XMR/BTC, 	0.00778439, 	15.7913478, 	0.007566, 	100.66357172, 	2.886466%, 	0.240000%, 	2.646466%
2020-04-07 22:59:49, 	Poloniex    , 	OKEX        , 	XMR/BTC, 	0.00778441, 	15.66478781, 	0.007566, 	100.79009112, 	2.886730%, 	0.240000%, 	2.646730%
2020-04-07 23:00:19, 	Poloniex    , 	OKEX        , 	XMR/BTC, 	0.00778002, 	17.80573228, 	0.007566, 	100.79009112, 	2.828707%, 	0.240000%, 	2.588707%
2020-04-07 23:00:49, 	Poloniex    , 	OKEX        , 	XMR/BTC, 	0.00777457, 	9.699282, 	0.007566, 	157.59369787, 	2.756675%, 	0.240000%, 	2.516675%
2020-04-07 23:01:19, 	Poloniex    , 	OKEX        , 	XMR/BTC, 	0.00776879, 	30.03840366, 	0.007566, 	7.0, 	2.680280%, 	0.240000%, 	2.440280%
2020-04-07 23:01:49, 	Poloniex    , 	OKEX        , 	XMR/BTC, 	0.00777129, 	30.02874035, 	0.007566, 	116.46369787, 	2.713323%, 	0.240000%, 	2.473323%
2020-04-07 23:02:19, 	Poloniex    , 	OKEX        , 	XMR/BTC, 	0.00777403, 	30.0181565, 	0.007566, 	41.13, 	2.749537%, 	0.240000%, 	2.509537%
2020-04-07 23:02:49, 	Poloniex    , 	OKEX        , 	XMR/BTC, 	0.00777411, 	30.01784758, 	0.007566, 	157.59368926, 	2.750595%, 	0.240000%, 	2.510595%
2020-04-07 23:03:19, 	Poloniex    , 	OKEX        , 	XMR/BTC, 	0.00777432, 	30.0170367, 	0.007566, 	157.59368926, 	2.753370%, 	0.240000%, 	2.513370%
2020-04-07 23:03:49, 	Poloniex    , 	OKEX        , 	XMR/BTC, 	0.00777438, 	30.01680501, 	0.007566, 	157.59368926, 	2.754163%, 	0.240000%, 	2.514163%
2020-04-07 23:04:19, 	Poloniex    , 	OKEX        , 	XMR/BTC, 	0.00777523, 	39.82088517, 	0.007566, 	116.46368926, 	2.765398%, 	0.240000%, 	2.525398%
2020-04-07 23:04:49, 	Poloniex    , 	OKEX        , 	XMR/BTC, 	0.00777525, 	29.86627507, 	0.007566, 	116.61086086, 	2.765662%, 	0.240000%, 	2.525662%
2020-04-07 23:05:19, 	Poloniex    , 	OKEX        , 	XMR/BTC, 	0.00777631, 	29.86220389, 	0.007566, 	41.13, 	2.779672%, 	0.240000%, 	2.539672%
2020-04-07 23:05:49, 	Poloniex    , 	OKEX        , 	XMR/BTC, 	0.00777726, 	29.85855612, 	0.007566, 	1.99803664, 	2.792228%, 	0.240000%, 	2.552228%
2020-04-07 23:06:19, 	Poloniex    , 	OKEX        , 	XMR/BTC, 	0.00777804, 	31.68902242, 	0.007566, 	1.99803664, 	2.802538%, 	0.240000%, 	2.562538%
2020-04-07 23:06:49, 	Poloniex    , 	OKEX        , 	XMR/BTC, 	0.00777839, 	31.6875965, 	0.007566, 	1.99803664, 	2.807164%, 	0.240000%, 	2.567164%
2020-04-07 23:07:19, 	Poloniex    , 	OKEX        , 	XMR/BTC, 	0.00777858, 	31.68682246, 	0.007566, 	1.99803664, 	2.809675%, 	0.240000%, 	2.569675%
2020-04-07 23:07:49, 	Poloniex    , 	OKEX        , 	XMR/BTC, 	0.0077803, 	31.67981738, 	0.007566, 	1.99803664, 	2.832408%, 	0.240000%, 	2.592408%
2020-04-07 23:08:19, 	Poloniex    , 	OKEX        , 	XMR/BTC, 	0.00778133, 	7.0, 	0.007566, 	1.99803664, 	2.846022%, 	0.240000%, 	2.606022%
2020-04-07 23:08:49, 	Poloniex    , 	OKEX        , 	XMR/BTC, 	0.00779036, 	31.63890789, 	0.0076, 	116.61086086, 	2.504737%, 	0.240000%, 	2.264737%
2020-04-07 23:09:19, 	Poloniex    , 	OKEX        , 	XMR/BTC, 	0.0077923, 	31.6310309, 	0.0076, 	116.61086086, 	2.530263%, 	0.240000%, 	2.290263%
2020-04-07 23:09:49, 	Poloniex    , 	OKEX        , 	XMR/BTC, 	0.00777, 	8.9167, 	0.0076, 	148.31525608, 	2.236842%, 	0.240000%, 	1.996842%
2020-04-07 23:10:19, 	Poloniex    , 	OKEX        , 	XMR/BTC, 	0.00776801, 	9.787815, 	0.0076, 	148.31525608, 	2.210658%, 	0.240000%, 	1.970658%
2020-04-07 23:10:49, 	Poloniex    , 	OKEX        , 	XMR/BTC, 	0.00775537, 	0.89581302, 	0.0076, 	33.78376106, 	2.044342%, 	0.240000%, 	1.804342%
2020-04-07 23:11:19, 	Poloniex    , 	OKEX        , 	XMR/BTC, 	0.00774389, 	9.610749, 	0.0076, 	189.44525608, 	1.893289%, 	0.240000%, 	1.653289%
2020-04-07 23:11:49, 	Poloniex    , 	OKEX        , 	XMR/BTC, 	0.00774396, 	14.94022953, 	0.0076, 	199.06584208, 	1.894211%, 	0.240000%, 	1.654211%
2020-04-07 23:12:19, 	Poloniex    , 	OKEX        , 	XMR/BTC, 	0.00774477, 	53.30796816, 	0.0076, 	41.13, 	1.904868%, 	0.240000%, 	1.664868%
2020-04-07 23:12:49, 	Poloniex    , 	OKEX        , 	XMR/BTC, 	0.007749, 	14.93031609, 	0.0076, 	189.44545236, 	1.960526%, 	0.240000%, 	1.720526%
2020-04-07 23:13:19, 	Poloniex    , 	OKEX        , 	XMR/BTC, 	0.00774922, 	14.92989217, 	0.0076, 	189.44545236, 	1.963421%, 	0.240000%, 	1.723421%
2020-04-07 23:13:49, 	Poloniex    , 	OKEX        , 	XMR/BTC, 	0.00775138, 	14.92379922, 	0.0076, 	148.31545236, 	1.991842%, 	0.240000%, 	1.751842%
2020-04-07 23:14:19, 	Poloniex    , 	OKEX        , 	XMR/BTC, 	0.00775455, 	14.91769842, 	0.0076, 	50.927652, 	2.033553%, 	0.240000%, 	1.793553%
2020-04-07 23:14:49, 	Poloniex    , 	OKEX        , 	XMR/BTC, 	0.00775595, 	14.91500562, 	0.0076, 	189.44825469, 	2.051974%, 	0.240000%, 	1.811974%
2020-04-07 23:15:19, 	Poloniex    , 	OKEX        , 	XMR/BTC, 	0.0077564, 	14.91414027, 	0.0076, 	9.73863, 	2.057895%, 	0.240000%, 	1.817895%
2020-04-07 23:15:49, 	Poloniex    , 	OKEX        , 	XMR/BTC, 	0.0077433, 	0.02696597, 	0.0076, 	189.44825469, 	1.885526%, 	0.240000%, 	1.645526%
2020-04-07 23:16:19, 	Poloniex    , 	OKEX        , 	XMR/BTC, 	0.0077433, 	0.02696597, 	0.0076, 	3.31307857, 	1.885526%, 	0.240000%, 	1.645526%
2020-04-07 23:16:49, 	Poloniex    , 	OKEX        , 	XMR/BTC, 	0.0077433, 	0.02696597, 	0.0076, 	204.35873438, 	1.885526%, 	0.240000%, 	1.645526%
2020-04-07 23:17:19, 	Poloniex    , 	OKEX        , 	XMR/BTC, 	0.0077433, 	0.02696597, 	0.0076, 	204.35873438, 	1.885526%, 	0.240000%, 	1.645526%
2020-04-07 23:17:49, 	Poloniex    , 	OKEX        , 	XMR/BTC, 	0.00774332, 	0.42691374, 	0.0076, 	163.22873438, 	1.885789%, 	0.240000%, 	1.645789%
2020-04-07 23:18:19, 	Poloniex    , 	OKEX        , 	XMR/BTC, 	0.00774332, 	0.42691374, 	0.0076, 	172.83948338, 	1.885789%, 	0.240000%, 	1.645789%
2020-04-07 23:18:49, 	Poloniex    , 	OKEX        , 	XMR/BTC, 	0.00774332, 	0.42691374, 	0.0076, 	204.35873438, 	1.885789%, 	0.240000%, 	1.645789%
2020-04-07 23:19:19, 	Poloniex    , 	OKEX        , 	XMR/BTC, 	0.00774332, 	0.42691374, 	0.0076, 	163.22873438, 	1.885789%, 	0.240000%, 	1.645789%
2020-04-07 23:19:49, 	Poloniex    , 	OKEX        , 	XMR/BTC, 	0.00774332, 	0.42691374, 	0.0076, 	41.13, 	1.885789%, 	0.240000%, 	1.645789%
2020-04-07 23:20:19, 	Poloniex    , 	OKEX        , 	XMR/BTC, 	0.00774332, 	0.42403384, 	0.0076, 	204.36161428, 	1.885789%, 	0.240000%, 	1.645789%
2020-04-07 23:20:49, 	Poloniex    , 	OKEX        , 	XMR/BTC, 	0.00774454, 	0.42396704, 	0.0076, 	50.750586, 	1.901842%, 	0.240000%, 	1.661842%
2020-04-07 23:21:19, 	Poloniex    , 	OKEX        , 	XMR/BTC, 	0.00774332, 	0.42403383, 	0.0076, 	163.23161428, 	1.885789%, 	0.240000%, 	1.645789%
2020-04-07 23:21:49, 	Poloniex    , 	OKEX        , 	XMR/BTC, 	0.00774332, 	0.634153, 	0.0076, 	163.23161428, 	1.885789%, 	0.240000%, 	1.645789%
2020-04-07 23:22:19, 	Poloniex    , 	OKEX        , 	XMR/BTC, 	0.00774332, 	0.634153, 	0.0076, 	163.23161428, 	1.885789%, 	0.240000%, 	1.645789%
2020-04-07 23:22:49, 	Poloniex    , 	OKEX        , 	XMR/BTC, 	0.00774331, 	0.63415381, 	0.0076, 	41.13, 	1.885658%, 	0.240000%, 	1.645658%
2020-04-07 23:23:19, 	Poloniex    , 	OKEX        , 	XMR/BTC, 	0.00774333, 	0.63415212, 	0.0076, 	163.23161428, 	1.885921%, 	0.240000%, 	1.645921%
2020-04-07 23:23:49, 	Poloniex    , 	OKEX        , 	XMR/BTC, 	0.00774331, 	0.63415373, 	0.0076, 	163.23161428, 	1.885658%, 	0.240000%, 	1.645658%
2020-04-07 23:24:19, 	Poloniex    , 	OKEX        , 	XMR/BTC, 	0.00774333, 	0.63415208, 	0.0076, 	41.13, 	1.885921%, 	0.240000%, 	1.645921%
2020-04-07 23:24:49, 	Poloniex    , 	OKEX        , 	XMR/BTC, 	0.00774333, 	4.94457808, 	0.0076, 	163.23161428, 	1.885921%, 	0.240000%, 	1.645921%
2020-04-07 23:25:19, 	Poloniex    , 	OKEX        , 	XMR/BTC, 	0.00774753, 	0.63380816, 	0.0076, 	3.82651521, 	1.941184%, 	0.240000%, 	1.701184%
2020-04-07 23:25:49, 	Poloniex    , 	OKEX        , 	XMR/BTC, 	0.00774795, 	0.63377366, 	0.0076, 	3.82651521, 	1.946711%, 	0.240000%, 	1.706711%
2020-04-07 23:26:19, 	Poloniex    , 	OKEX        , 	XMR/BTC, 	0.00774769, 	0.63379489, 	0.0076, 	3.82651521, 	1.943289%, 	0.240000%, 	1.703289%
2020-04-07 23:26:49, 	Poloniex    , 	OKEX        , 	XMR/BTC, 	0.00774769, 	4.5931201, 	0.0076, 	7.0, 	1.943289%, 	0.240000%, 	1.703289%
2020-04-07 23:27:19, 	Poloniex    , 	OKEX        , 	XMR/BTC, 	0.00774799, 	4.67175755, 	0.0076, 	204.36161428, 	1.947237%, 	0.240000%, 	1.707237%
2020-04-07 23:27:49, 	Poloniex    , 	OKEX        , 	XMR/BTC, 	0.0077494, 	53.693394, 	0.0076, 	204.36161428, 	1.965789%, 	0.240000%, 	1.725789%
2020-04-07 23:28:19, 	Poloniex    , 	OKEX        , 	XMR/BTC, 	0.00775269, 	94.28849027, 	0.0076, 	126.66389585, 	2.009079%, 	0.240000%, 	1.769079%
2020-04-07 23:28:49, 	Poloniex    , 	OKEX        , 	XMR/BTC, 	0.00775365, 	34.83017746, 	0.0076, 	41.13, 	2.021711%, 	0.240000%, 	1.781711%
2020-04-07 23:29:19, 	Poloniex    , 	OKEX        , 	XMR/BTC, 	0.00775305, 	34.83287292, 	0.0076, 	126.66389585, 	2.013816%, 	0.240000%, 	1.773816%
2020-04-07 23:29:49, 	Poloniex    , 	OKEX        , 	XMR/BTC, 	0.00775305, 	41.30603248, 	0.0076, 	120.20240818, 	2.013816%, 	0.240000%, 	1.773816%
2020-04-07 23:30:19, 	Poloniex    , 	OKEX        , 	XMR/BTC, 	0.00775305, 	41.30603247, 	0.0076, 	120.20240818, 	2.013816%, 	0.240000%, 	1.773816%
2020-04-07 23:30:50, 	Poloniex    , 	OKEX        , 	XMR/BTC, 	0.00775305, 	41.30603245, 	0.0076, 	120.20240818, 	2.013816%, 	0.240000%, 	1.773816%
2020-04-07 23:31:20, 	Poloniex    , 	OKEX        , 	XMR/BTC, 	0.00775305, 	41.30249061, 	0.0076, 	41.13, 	2.013816%, 	0.240000%, 	1.773816%
2020-04-07 23:31:50, 	Poloniex    , 	OKEX        , 	XMR/BTC, 	0.0077531, 	41.30222423, 	0.0076, 	9.73863, 	2.014474%, 	0.240000%, 	1.774474%
2020-04-07 23:32:20, 	Poloniex    , 	OKEX        , 	XMR/BTC, 	0.00775565, 	41.28864434, 	0.0076, 	3.78147731, 	2.048026%, 	0.240000%, 	1.808026%
2020-04-07 23:32:50, 	Poloniex    , 	OKEX        , 	XMR/BTC, 	0.00775046, 	41.31678378, 	0.0076, 	120.20595001, 	1.979737%, 	0.240000%, 	1.739737%
2020-04-07 23:33:20, 	Poloniex    , 	OKEX        , 	XMR/BTC, 	0.00775447, 	41.29541799, 	0.007592, 	3.2541705, 	2.140016%, 	0.240000%, 	1.900016%
2020-04-07 23:33:50, 	Poloniex    , 	OKEX        , 	XMR/BTC, 	0.00775455, 	41.29499196, 	0.007592, 	41.13, 	2.141070%, 	0.240000%, 	1.901070%
2020-04-07 23:34:20, 	Poloniex    , 	OKEX        , 	XMR/BTC, 	0.00774331, 	41.35493473, 	0.00759, 	120.20623146, 	2.019895%, 	0.240000%, 	1.779895%
2020-04-07 23:34:50, 	Poloniex    , 	OKEX        , 	XMR/BTC, 	0.00775576, 	41.2885494, 	0.00759, 	120.20623146, 	2.183926%, 	0.240000%, 	1.943926%
2020-04-07 23:35:20, 	Poloniex    , 	OKEX        , 	XMR/BTC, 	0.00775615, 	42.25269233, 	0.00759, 	9.64026, 	2.189065%, 	0.240000%, 	1.949065%
2020-04-07 23:35:50, 	Poloniex    , 	OKEX        , 	XMR/BTC, 	0.00776003, 	42.23156604, 	0.007586, 	119.2411169, 	2.294094%, 	0.240000%, 	2.054094%
2020-04-07 23:36:20, 	Poloniex    , 	OKEX        , 	XMR/BTC, 	0.0077551, 	52.16247877, 	0.007584, 	109.35106618, 	2.256065%, 	0.240000%, 	2.016065%
2020-04-07 23:36:50, 	Poloniex    , 	OKEX        , 	XMR/BTC, 	0.00775539, 	52.16052819, 	0.007582, 	9.817326, 	2.286864%, 	0.240000%, 	2.046864%
2020-04-07 23:37:20, 	Poloniex    , 	OKEX        , 	XMR/BTC, 	0.00776922, 	55.33468586, 	0.007582, 	106.08960498, 	2.469269%, 	0.240000%, 	2.229269%
2020-04-07 23:37:50, 	Poloniex    , 	OKEX        , 	XMR/BTC, 	0.00777049, 	55.32564198, 	0.007566, 	106.08960498, 	2.702749%, 	0.240000%, 	2.462749%
2020-04-07 23:38:20, 	Poloniex    , 	OKEX        , 	XMR/BTC, 	0.00777102, 	55.32186861, 	0.007566, 	106.08960498, 	2.709754%, 	0.240000%, 	2.469754%
2020-04-07 23:38:50, 	Poloniex    , 	OKEX        , 	XMR/BTC, 	0.0077712, 	69.67957026, 	0.007566, 	86.00200498, 	2.712133%, 	0.240000%, 	2.472133%
2020-04-07 23:39:20, 	Poloniex    , 	OKEX        , 	XMR/BTC, 	0.00777176, 	69.67454902, 	0.007566, 	86.00200498, 	2.719535%, 	0.240000%, 	2.479535%
2020-04-07 23:39:50, 	Poloniex    , 	OKEX        , 	XMR/BTC, 	0.00777176, 	75.43086016, 	0.007566, 	127.13200498, 	2.719535%, 	0.240000%, 	2.479535%
2020-04-07 23:40:20, 	Poloniex    , 	OKEX        , 	XMR/BTC, 	0.00777176, 	75.43086016, 	0.007566, 	127.13200498, 	2.719535%, 	0.240000%, 	2.479535%
2020-04-07 23:40:50, 	Poloniex    , 	OKEX        , 	XMR/BTC, 	0.00777677, 	75.38181039, 	0.007566, 	127.13200498, 	2.785752%, 	0.240000%, 	2.545752%
2020-04-07 23:41:20, 	Poloniex    , 	OKEX        , 	XMR/BTC, 	0.00778057, 	75.34499417, 	0.007566, 	86.00200498, 	2.835977%, 	0.240000%, 	2.595977%
2020-04-07 23:41:50, 	Poloniex    , 	OKEX        , 	XMR/BTC, 	0.00778046, 	75.34605938, 	0.007566, 	86.00200498, 	2.834523%, 	0.240000%, 	2.594523%
2020-04-07 23:42:20, 	Poloniex    , 	OKEX        , 	XMR/BTC, 	0.00778046, 	75.34605938, 	0.007562, 	127.13200498, 	2.888918%, 	0.240000%, 	2.648918%
2020-04-07 23:42:50, 	Poloniex    , 	OKEX        , 	XMR/BTC, 	0.00778046, 	75.34605938, 	0.007562, 	127.13200498, 	2.888918%, 	0.240000%, 	2.648918%
2020-04-07 23:43:20, 	Poloniex    , 	OKEX        , 	XMR/BTC, 	0.00778046, 	75.34605938, 	0.007562, 	127.13200498, 	2.888918%, 	0.240000%, 	2.648918%
2020-04-07 23:43:50, 	Poloniex    , 	OKEX        , 	XMR/BTC, 	0.00778051, 	75.34557514, 	0.007562, 	86.00200498, 	2.889579%, 	0.240000%, 	2.649579%
2020-04-07 23:44:20, 	Poloniex    , 	OKEX        , 	XMR/BTC, 	0.00778046, 	75.34605932, 	0.007562, 	86.00200498, 	2.888918%, 	0.240000%, 	2.648918%
2020-04-07 23:44:50, 	Poloniex    , 	OKEX        , 	XMR/BTC, 	0.00778046, 	75.34605932, 	0.007562, 	86.00200498, 	2.888918%, 	0.240000%, 	2.648918%
2020-04-07 23:45:20, 	Poloniex    , 	OKEX        , 	XMR/BTC, 	0.00778046, 	75.34605925, 	0.00756, 	86.00200498, 	2.916138%, 	0.240000%, 	2.676138%
2020-04-07 23:45:50, 	Poloniex    , 	OKEX        , 	XMR/BTC, 	0.00778046, 	75.34605925, 	0.00756, 	127.13200498, 	2.916138%, 	0.240000%, 	2.676138%
2020-04-07 23:46:20, 	Poloniex    , 	OKEX        , 	XMR/BTC, 	0.00777917, 	75.35855367, 	0.007556, 	127.13200498, 	2.953547%, 	0.240000%, 	2.713547%
2020-04-07 23:46:50, 	Poloniex    , 	OKEX        , 	XMR/BTC, 	0.00777917, 	75.35855367, 	0.007556, 	86.00200498, 	2.953547%, 	0.240000%, 	2.713547%
2020-04-07 23:47:20, 	Poloniex    , 	OKEX        , 	XMR/BTC, 	0.00777923, 	7.0, 	0.007556, 	86.00200498, 	2.954341%, 	0.240000%, 	2.714341%
2020-04-07 23:47:50, 	Poloniex    , 	OKEX        , 	XMR/BTC, 	0.00777917, 	88.33182837, 	0.007554, 	73.05003681, 	2.980805%, 	0.240000%, 	2.740805%
2020-04-07 23:48:20, 	Poloniex    , 	OKEX        , 	XMR/BTC, 	0.00777917, 	88.33182833, 	0.007554, 	73.05003681, 	2.980805%, 	0.240000%, 	2.740805%
2020-04-07 23:48:50, 	Poloniex    , 	OKEX        , 	XMR/BTC, 	0.00777938, 	88.32944384, 	0.007554, 	73.05003681, 	2.983585%, 	0.240000%, 	2.743585%
2020-04-07 23:49:20, 	Poloniex    , 	OKEX        , 	XMR/BTC, 	0.00777917, 	88.33182829, 	0.007554, 	73.05003681, 	2.980805%, 	0.240000%, 	2.740805%
2020-04-07 23:49:50, 	Poloniex    , 	OKEX        , 	XMR/BTC, 	0.00777917, 	88.33182827, 	0.007554, 	73.05003681, 	2.980805%, 	0.240000%, 	2.740805%
2020-04-07 23:50:20, 	Poloniex    , 	OKEX        , 	XMR/BTC, 	0.0077806, 	88.31559371, 	0.007554, 	114.1804923, 	2.999735%, 	0.240000%, 	2.759735%
2020-04-07 23:50:50, 	Poloniex    , 	OKEX        , 	XMR/BTC, 	0.00778052, 	88.31649146, 	0.007554, 	4.94864456, 	2.998676%, 	0.240000%, 	2.758676%
2020-04-07 23:51:20, 	Poloniex    , 	OKEX        , 	XMR/BTC, 	0.00778208, 	7.0, 	0.007554, 	73.0504923, 	3.019328%, 	0.240000%, 	2.779328%
2020-04-07 23:51:50, 	Poloniex    , 	OKEX        , 	XMR/BTC, 	0.00778257, 	88.29322799, 	0.007554, 	73.0504923, 	3.025814%, 	0.240000%, 	2.785814%
2020-04-07 23:52:20, 	Poloniex    , 	OKEX        , 	XMR/BTC, 	0.00778234, 	88.29583738, 	0.007554, 	73.0504923, 	3.022769%, 	0.240000%, 	2.782769%
2020-04-07 23:52:50, 	Poloniex    , 	OKEX        , 	XMR/BTC, 	0.00778463, 	88.26986338, 	0.007554, 	73.0504923, 	3.053084%, 	0.240000%, 	2.813084%
2020-04-07 23:53:20, 	Poloniex    , 	OKEX        , 	XMR/BTC, 	0.00777989, 	32.08132116, 	0.007554, 	9.797652, 	2.990336%, 	0.240000%, 	2.750336%
2020-04-07 23:53:50, 	Poloniex    , 	OKEX        , 	XMR/BTC, 	0.00778405, 	43.06478624, 	0.007554, 	123.98799158, 	3.045406%, 	0.240000%, 	2.805406%
2020-04-07 23:54:20, 	Poloniex    , 	OKEX        , 	XMR/BTC, 	0.00778415, 	43.06423296, 	0.007554, 	123.98799158, 	3.046730%, 	0.240000%, 	2.806730%
2020-04-07 23:54:50, 	Poloniex    , 	OKEX        , 	XMR/BTC, 	0.00778374, 	43.06650129, 	0.007554, 	127.45570558, 	3.041303%, 	0.240000%, 	2.801303%
2020-04-07 23:55:20, 	Poloniex    , 	OKEX        , 	XMR/BTC, 	0.00778374, 	43.06647817, 	0.007554, 	114.18050258, 	3.041303%, 	0.240000%, 	2.801303%
2020-04-07 23:55:50, 	Poloniex    , 	OKEX        , 	XMR/BTC, 	0.00778374, 	43.06647815, 	0.007554, 	114.18050258, 	3.041303%, 	0.240000%, 	2.801303%
2020-04-07 23:56:20, 	Poloniex    , 	OKEX        , 	XMR/BTC, 	0.00778375, 	43.06642278, 	0.007554, 	114.18050258, 	3.041435%, 	0.240000%, 	2.801435%
2020-04-07 23:56:50, 	Poloniex    , 	OKEX        , 	XMR/BTC, 	0.00777873, 	43.09421563, 	0.007554, 	114.18050258, 	2.974980%, 	0.240000%, 	2.734980%
2020-04-07 23:57:20, 	Poloniex    , 	OKEX        , 	XMR/BTC, 	0.00777735, 	43.10186216, 	0.00755, 	73.05050258, 	3.011258%, 	0.240000%, 	2.771258%
2020-04-07 23:57:50, 	Poloniex    , 	OKEX        , 	XMR/BTC, 	0.00777736, 	7.0, 	0.007547, 	114.18050258, 	3.052339%, 	0.240000%, 	2.812339%
2020-04-07 23:58:20, 	Poloniex    , 	OKEX        , 	XMR/BTC, 	0.00777739, 	70.30401936, 	0.007542, 	87.02718929, 	3.121055%, 	0.240000%, 	2.881055%
2020-04-07 23:58:50, 	Poloniex    , 	OKEX        , 	XMR/BTC, 	0.00777735, 	70.30438093, 	0.007542, 	87.02718929, 	3.120525%, 	0.240000%, 	2.880525%
2020-04-07 23:59:20, 	Poloniex    , 	OKEX        , 	XMR/BTC, 	0.00777776, 	7.0, 	0.00754, 	45.89718929, 	3.153316%, 	0.240000%, 	2.913316%
2020-04-07 23:59:50, 	Poloniex    , 	OKEX        , 	XMR/BTC, 	0.00777735, 	70.30438084, 	0.00754, 	41.13, 	3.147878%, 	0.240000%, 	2.907878%
2020-04-08 00:00:20, 	Poloniex    , 	OKEX        , 	XMR/BTC, 	0.00777735, 	70.30438081, 	0.007533, 	41.13, 	3.243728%, 	0.240000%, 	3.003728%
2020-04-08 00:00:50, 	Poloniex    , 	OKEX        , 	XMR/BTC, 	0.00777735, 	70.30438081, 	0.007532, 	45.89718929, 	3.257435%, 	0.240000%, 	3.017435%
2020-04-08 00:01:20, 	Poloniex    , 	OKEX        , 	XMR/BTC, 	0.00777735, 	58.41500511, 	0.00752, 	45.89721241, 	3.422207%, 	0.240000%, 	3.182207%
2020-04-08 00:01:50, 	Poloniex    , 	OKEX        , 	XMR/BTC, 	0.00777735, 	58.41481225, 	0.00752, 	45.89721241, 	3.422207%, 	0.240000%, 	3.182207%
2020-04-08 00:02:20, 	Poloniex    , 	OKEX        , 	XMR/BTC, 	0.00777226, 	58.4530677, 	0.00752, 	7.0, 	3.354521%, 	0.240000%, 	3.114521%
2020-04-08 00:02:50, 	Poloniex    , 	OKEX        , 	XMR/BTC, 	0.00777226, 	58.4530677, 	0.00752, 	87.02721241, 	3.354521%, 	0.240000%, 	3.114521%
2020-04-08 00:03:20, 	Poloniex    , 	OKEX        , 	XMR/BTC, 	0.00777226, 	58.45305227, 	0.007518, 	87.02721241, 	3.382016%, 	0.240000%, 	3.142016%
2020-04-08 00:03:50, 	Poloniex    , 	OKEX        , 	XMR/BTC, 	0.00777226, 	58.47887487, 	0.007518, 	87.0013059, 	3.382016%, 	0.240000%, 	3.142016%
2020-04-08 00:04:20, 	Poloniex    , 	OKEX        , 	XMR/BTC, 	0.00775674, 	58.59588175, 	0.007475, 	45.8713059, 	3.769097%, 	0.240000%, 	3.529097%
2020-04-08 00:04:50, 	Poloniex    , 	OKEX        , 	XMR/BTC, 	0.00775034, 	52.37122362, 	0.007512, 	52.13938321, 	3.172790%, 	0.240000%, 	2.932790%
2020-04-08 00:05:20, 	Poloniex    , 	OKEX        , 	XMR/BTC, 	0.00775034, 	52.37122361, 	0.00751, 	93.26938321, 	3.200266%, 	0.240000%, 	2.960266%
2020-04-08 00:05:50, 	Poloniex    , 	OKEX        , 	XMR/BTC, 	0.00774555, 	52.40361098, 	0.007505, 	93.26938321, 	3.205197%, 	0.240000%, 	2.965197%
2020-04-08 00:06:20, 	Poloniex    , 	OKEX        , 	XMR/BTC, 	0.00774523, 	52.70661279, 	0.007505, 	52.13938321, 	3.200933%, 	0.240000%, 	2.960933%
2020-04-08 00:06:50, 	Poloniex    , 	OKEX        , 	XMR/BTC, 	0.00774712, 	52.69375436, 	0.007504, 	9.817326, 	3.239872%, 	0.240000%, 	2.999872%
2020-04-08 00:07:20, 	Poloniex    , 	OKEX        , 	XMR/BTC, 	0.00775149, 	52.66404754, 	0.007503, 	8.8739, 	3.311875%, 	0.240000%, 	3.071875%
2020-04-08 00:07:50, 	Poloniex    , 	OKEX        , 	XMR/BTC, 	0.00775151, 	52.66391165, 	0.007497, 	52.13938321, 	3.394825%, 	0.240000%, 	3.154825%
2020-04-08 00:08:20, 	Poloniex    , 	OKEX        , 	XMR/BTC, 	0.00775166, 	52.66289255, 	0.007495, 	60.46520487, 	3.424416%, 	0.240000%, 	3.184416%
2020-04-08 00:08:50, 	Poloniex    , 	OKEX        , 	XMR/BTC, 	0.0077515, 	4.208232, 	0.007495, 	8.922, 	3.422282%, 	0.240000%, 	3.182282%
2020-04-08 00:09:20, 	Poloniex    , 	OKEX        , 	XMR/BTC, 	0.00775149, 	52.66404744, 	0.007495, 	52.13938321, 	3.422148%, 	0.240000%, 	3.182148%
2020-04-08 00:09:50, 	Poloniex    , 	OKEX        , 	XMR/BTC, 	0.00775149, 	52.66404743, 	0.007495, 	52.13938321, 	3.422148%, 	0.240000%, 	3.182148%
2020-04-08 00:10:20, 	Poloniex    , 	OKEX        , 	XMR/BTC, 	0.00775149, 	52.66404743, 	0.007495, 	52.13938321, 	3.422148%, 	0.240000%, 	3.182148%
2020-04-08 00:10:50, 	Poloniex    , 	OKEX        , 	XMR/BTC, 	0.00775149, 	52.66404743, 	0.007495, 	52.13938321, 	3.422148%, 	0.240000%, 	3.182148%
2020-04-08 00:11:20, 	Poloniex    , 	OKEX        , 	XMR/BTC, 	0.0077554, 	52.63749603, 	0.007495, 	9.620586, 	3.474316%, 	0.240000%, 	3.234316%
2020-04-08 00:11:50, 	Poloniex    , 	OKEX        , 	XMR/BTC, 	0.00775503, 	52.6400074, 	0.007495, 	93.26938321, 	3.469380%, 	0.240000%, 	3.229380%
2020-04-08 00:12:20, 	Poloniex    , 	OKEX        , 	XMR/BTC, 	0.00775503, 	52.6400074, 	0.007495, 	52.13938321, 	3.469380%, 	0.240000%, 	3.229380%
2020-04-08 00:12:50, 	Poloniex    , 	OKEX        , 	XMR/BTC, 	0.00774939, 	52.67831874, 	0.007495, 	52.13938321, 	3.394129%, 	0.240000%, 	3.154129%
2020-04-08 00:13:20, 	Poloniex    , 	OKEX        , 	XMR/BTC, 	0.00774993, 	52.67464817, 	0.007493, 	52.13938321, 	3.428934%, 	0.240000%, 	3.188934%
2020-04-08 00:13:50, 	Poloniex    , 	OKEX        , 	XMR/BTC, 	0.00774948, 	54.68227492, 	0.007491, 	91.26938321, 	3.450541%, 	0.240000%, 	3.210541%
2020-04-08 00:14:20, 	Poloniex    , 	OKEX        , 	XMR/BTC, 	0.00774948, 	54.68227492, 	0.007491, 	91.26938321, 	3.450541%, 	0.240000%, 	3.210541%
2020-04-08 00:14:50, 	Poloniex    , 	OKEX        , 	XMR/BTC, 	0.00774543, 	54.71075141, 	0.007491, 	50.13938321, 	3.396476%, 	0.240000%, 	3.156476%
2020-04-08 00:15:20, 	Poloniex    , 	OKEX        , 	XMR/BTC, 	0.00774659, 	54.70255879, 	0.007491, 	50.13938321, 	3.411961%, 	0.240000%, 	3.171961%
2020-04-08 00:15:50, 	Poloniex    , 	OKEX        , 	XMR/BTC, 	0.00774771, 	54.69465098, 	0.007491, 	41.13, 	3.426912%, 	0.240000%, 	3.186912%
2020-04-08 00:16:20, 	Poloniex    , 	OKEX        , 	XMR/BTC, 	0.00774588, 	15.72528822, 	0.007491, 	50.13938321, 	3.402483%, 	0.240000%, 	3.162483%
2020-04-08 00:16:50, 	Poloniex    , 	OKEX        , 	XMR/BTC, 	0.00774581, 	54.70806719, 	0.007491, 	50.13938321, 	3.401549%, 	0.240000%, 	3.161549%
2020-04-08 00:17:20, 	Poloniex    , 	OKEX        , 	XMR/BTC, 	0.00774644, 	54.70361788, 	0.007491, 	50.13938321, 	3.409959%, 	0.240000%, 	3.169959%
2020-04-08 00:17:50, 	Poloniex    , 	OKEX        , 	XMR/BTC, 	0.00774581, 	58.58171235, 	0.007491, 	46.27319678, 	3.401549%, 	0.240000%, 	3.161549%
2020-04-08 00:18:20, 	Poloniex    , 	OKEX        , 	XMR/BTC, 	0.00774619, 	58.57883849, 	0.007489, 	46.27319678, 	3.434237%, 	0.240000%, 	3.194237%
2020-04-08 00:18:50, 	Poloniex    , 	OKEX        , 	XMR/BTC, 	0.00774695, 	58.57309168, 	0.007489, 	46.27331297, 	3.444385%, 	0.240000%, 	3.204385%
2020-04-08 00:19:20, 	Poloniex    , 	OKEX        , 	XMR/BTC, 	0.00774854, 	58.56107243, 	0.007489, 	46.27331297, 	3.465616%, 	0.240000%, 	3.225616%
2020-04-08 00:19:50, 	Poloniex    , 	OKEX        , 	XMR/BTC, 	0.00775102, 	58.54217532, 	0.007489, 	87.403473, 	3.498731%, 	0.240000%, 	3.258731%
2020-04-08 00:20:20, 	Poloniex    , 	OKEX        , 	XMR/BTC, 	0.00777135, 	58.38902775, 	0.007489, 	87.403473, 	3.770196%, 	0.240000%, 	3.530196%
2020-04-08 00:20:50, 	Poloniex    , 	OKEX        , 	XMR/BTC, 	0.00777659, 	13.77522, 	0.007489, 	87.403473, 	3.840166%, 	0.240000%, 	3.600166%
2020-04-08 00:21:20, 	Poloniex    , 	OKEX        , 	XMR/BTC, 	0.00776672, 	58.40450277, 	0.007489, 	87.42278129, 	3.708372%, 	0.240000%, 	3.468372%
2020-04-08 00:21:50, 	Poloniex    , 	OKEX        , 	XMR/BTC, 	0.00775342, 	58.50468812, 	0.007489, 	46.29278129, 	3.530778%, 	0.240000%, 	3.290778%
2020-04-08 00:22:20, 	Poloniex    , 	OKEX        , 	XMR/BTC, 	0.00775381, 	58.50174543, 	0.007489, 	87.42278129, 	3.535986%, 	0.240000%, 	3.295986%
2020-04-08 00:22:50, 	Poloniex    , 	OKEX        , 	XMR/BTC, 	0.00775379, 	58.50189631, 	0.007489, 	87.42278129, 	3.535719%, 	0.240000%, 	3.295719%
2020-04-08 00:23:20, 	Poloniex    , 	OKEX        , 	XMR/BTC, 	0.00775547, 	58.48922353, 	0.007489, 	87.42278129, 	3.558152%, 	0.240000%, 	3.318152%
2020-04-08 00:23:50, 	Poloniex    , 	OKEX        , 	XMR/BTC, 	0.00775633, 	58.51484634, 	0.007489, 	87.39062004, 	3.569635%, 	0.240000%, 	3.329635%
2020-04-08 00:24:20, 	Poloniex    , 	OKEX        , 	XMR/BTC, 	0.00775653, 	58.51333751, 	0.007478, 	87.39062004, 	3.724659%, 	0.240000%, 	3.484659%
2020-04-08 00:24:50, 	Poloniex    , 	OKEX        , 	XMR/BTC, 	0.00775628, 	61.64195692, 	0.007476, 	84.27066614, 	3.749064%, 	0.240000%, 	3.509064%
2020-04-08 07:22:27, 	Poloniex    , 	OKEX        , 	XMR/BTC, 	0.00785004, 	3.25402438, 	0.007719, 	36.42895163, 	1.697629%, 	0.240000%, 	1.457629%
2020-04-08 07:22:57, 	Poloniex    , 	OKEX        , 	XMR/BTC, 	0.00785001, 	3.25392961, 	0.007719, 	36.42895163, 	1.697241%, 	0.240000%, 	1.457241%
2020-04-08 07:23:27, 	Poloniex    , 	OKEX        , 	XMR/BTC, 	0.00785001, 	3.25392946, 	0.007719, 	36.4297185, 	1.697241%, 	0.240000%, 	1.457241%
2020-04-08 07:23:57, 	Poloniex    , 	OKEX        , 	XMR/BTC, 	0.00785027, 	3.36245104, 	0.007717, 	7.0, 	1.726966%, 	0.240000%, 	1.486966%
2020-04-08 07:24:27, 	Poloniex    , 	OKEX        , 	XMR/BTC, 	0.00785047, 	3.36236536, 	0.007716, 	36.4297185, 	1.742742%, 	0.240000%, 	1.502742%
2020-04-08 07:24:57, 	Poloniex    , 	OKEX        , 	XMR/BTC, 	0.00785055, 	3.36233108, 	0.007714, 	43.4297185, 	1.770158%, 	0.240000%, 	1.530158%
2020-04-08 07:25:27, 	Poloniex    , 	OKEX        , 	XMR/BTC, 	0.00785062, 	9.817326, 	0.007713, 	36.4297185, 	1.784260%, 	0.240000%, 	1.544260%
2020-04-08 07:25:57, 	Poloniex    , 	OKEX        , 	XMR/BTC, 	0.00785069, 	3.36227109, 	0.007713, 	36.4297185, 	1.785168%, 	0.240000%, 	1.545168%
2020-04-08 07:26:27, 	Poloniex    , 	OKEX        , 	XMR/BTC, 	0.00785077, 	3.36223681, 	0.007711, 	36.4297185, 	1.812605%, 	0.240000%, 	1.572605%
2020-04-08 07:26:57, 	Poloniex    , 	OKEX        , 	XMR/BTC, 	0.00785086, 	9.768141, 	0.007711, 	7.0, 	1.813773%, 	0.240000%, 	1.573773%
2020-04-08 07:27:27, 	Poloniex    , 	OKEX        , 	XMR/BTC, 	0.00785095, 	3.36215967, 	0.00771, 	36.4297185, 	1.828145%, 	0.240000%, 	1.588145%
2020-04-08 07:27:57, 	Poloniex    , 	OKEX        , 	XMR/BTC, 	0.00785103, 	3.36212539, 	0.00771, 	36.4297185, 	1.829183%, 	0.240000%, 	1.589183%
2020-04-08 07:28:27, 	Poloniex    , 	OKEX        , 	XMR/BTC, 	0.00785109, 	3.36209968, 	0.00771, 	36.4297185, 	1.829961%, 	0.240000%, 	1.589961%
2020-04-08 07:28:57, 	Poloniex    , 	OKEX        , 	XMR/BTC, 	0.00785117, 	3.3620654, 	0.007709, 	36.4297185, 	1.844208%, 	0.240000%, 	1.604208%
2020-04-08 07:29:27, 	Poloniex    , 	OKEX        , 	XMR/BTC, 	0.00785125, 	3.36203112, 	0.007708, 	36.4297185, 	1.858459%, 	0.240000%, 	1.618459%
2020-04-08 07:29:57, 	Poloniex    , 	OKEX        , 	XMR/BTC, 	0.0078513, 	9.630423, 	0.007708, 	36.4297185, 	1.859107%, 	0.240000%, 	1.619107%
2020-04-08 07:30:27, 	Poloniex    , 	OKEX        , 	XMR/BTC, 	0.0078253, 	9.62073443, 	0.007707, 	36.4297185, 	1.534968%, 	0.240000%, 	1.294968%
2020-04-08 07:30:57, 	Poloniex    , 	OKEX        , 	XMR/BTC, 	0.00783507, 	3.36910185, 	0.007706, 	36.4297185, 	1.674929%, 	0.240000%, 	1.434929%
2020-04-08 07:31:28, 	Poloniex    , 	OKEX        , 	XMR/BTC, 	0.00783513, 	3.36907604, 	0.007705, 	36.4297185, 	1.688903%, 	0.240000%, 	1.448903%
2020-04-08 07:31:58, 	Poloniex    , 	OKEX        , 	XMR/BTC, 	0.00783532, 	3.36899434, 	0.007704, 	36.4297185, 	1.704569%, 	0.240000%, 	1.464569%
2020-04-08 07:32:28, 	Poloniex    , 	OKEX        , 	XMR/BTC, 	0.00784007, 	3.36695318, 	0.007703, 	36.4297185, 	1.779437%, 	0.240000%, 	1.539437%
2020-04-08 07:32:58, 	Poloniex    , 	OKEX        , 	XMR/BTC, 	0.00784013, 	3.36692741, 	0.007702, 	36.4297185, 	1.793430%, 	0.240000%, 	1.553430%
2020-04-08 07:33:28, 	Poloniex    , 	OKEX        , 	XMR/BTC, 	0.00784021, 	3.36689305, 	0.007702, 	9.650097, 	1.794469%, 	0.240000%, 	1.554469%
2020-04-08 07:33:58, 	Poloniex    , 	OKEX        , 	XMR/BTC, 	0.00784507, 	14.86590027, 	0.0077, 	24.9409298, 	1.884026%, 	0.240000%, 	1.644026%
2020-04-08 07:34:28, 	Poloniex    , 	OKEX        , 	XMR/BTC, 	0.00784505, 	15.27637913, 	0.0077, 	7.0, 	1.883766%, 	0.240000%, 	1.643766%
2020-04-08 07:34:58, 	Poloniex    , 	OKEX        , 	XMR/BTC, 	0.00784513, 	15.27622333, 	0.007699, 	34.5615158, 	1.898039%, 	0.240000%, 	1.658039%
2020-04-08 07:35:28, 	Poloniex    , 	OKEX        , 	XMR/BTC, 	0.0078452, 	9.689445, 	0.007698, 	24.9409298, 	1.912185%, 	0.240000%, 	1.672185%
2020-04-08 07:35:58, 	Poloniex    , 	OKEX        , 	XMR/BTC, 	0.00784006, 	15.28635748, 	0.007697, 	34.6008638, 	1.858646%, 	0.240000%, 	1.618646%
2020-04-08 07:36:28, 	Poloniex    , 	OKEX        , 	XMR/BTC, 	0.00784014, 	15.28620148, 	0.007695, 	28.1409298, 	1.886160%, 	0.240000%, 	1.646160%
2020-04-08 07:36:58, 	Poloniex    , 	OKEX        , 	XMR/BTC, 	0.0078402, 	15.28608448, 	0.007694, 	24.9409298, 	1.900182%, 	0.240000%, 	1.660182%
2020-04-08 07:37:28, 	Poloniex    , 	OKEX        , 	XMR/BTC, 	0.00784028, 	15.28592848, 	0.007694, 	19.11728572, 	1.901222%, 	0.240000%, 	1.661222%
2020-04-08 07:37:58, 	Poloniex    , 	OKEX        , 	XMR/BTC, 	0.00783506, 	15.29611259, 	0.007694, 	24.9409298, 	1.833377%, 	0.240000%, 	1.593377%
2020-04-08 07:38:28, 	Poloniex    , 	OKEX        , 	XMR/BTC, 	0.00783502, 	15.29619066, 	0.007694, 	24.9409298, 	1.832857%, 	0.240000%, 	1.592857%
2020-04-08 07:38:58, 	Poloniex    , 	OKEX        , 	XMR/BTC, 	0.00783508, 	15.29607351, 	0.007694, 	24.9409298, 	1.833637%, 	0.240000%, 	1.593637%
2020-04-08 07:39:28, 	Poloniex    , 	OKEX        , 	XMR/BTC, 	0.00783508, 	15.29607349, 	0.007694, 	24.9409298, 	1.833637%, 	0.240000%, 	1.593637%
2020-04-08 07:39:58, 	Poloniex    , 	OKEX        , 	XMR/BTC, 	0.00783514, 	15.29595634, 	0.007693, 	24.9409298, 	1.847654%, 	0.240000%, 	1.607654%
2020-04-08 07:40:28, 	Poloniex    , 	OKEX        , 	XMR/BTC, 	0.00782604, 	15.3137422, 	0.007692, 	24.9409298, 	1.742590%, 	0.240000%, 	1.502590%
2020-04-08 07:40:58, 	Poloniex    , 	OKEX        , 	XMR/BTC, 	0.00782642, 	15.31299863, 	0.00769, 	24.9409298, 	1.773992%, 	0.240000%, 	1.533992%
2020-04-08 07:41:28, 	Poloniex    , 	OKEX        , 	XMR/BTC, 	0.00782657, 	15.38738277, 	0.007688, 	24.86623851, 	1.802419%, 	0.240000%, 	1.562419%
2020-04-08 07:41:58, 	Poloniex    , 	OKEX        , 	XMR/BTC, 	0.00782538, 	15.38972268, 	0.007688, 	24.86623851, 	1.786941%, 	0.240000%, 	1.546941%
2020-04-08 07:42:28, 	Poloniex    , 	OKEX        , 	XMR/BTC, 	0.00782546, 	15.38871938, 	0.007687, 	24.86623851, 	1.801223%, 	0.240000%, 	1.561223%
2020-04-08 07:42:58, 	Poloniex    , 	OKEX        , 	XMR/BTC, 	0.00782554, 	15.38856205, 	0.007685, 	24.86623851, 	1.828757%, 	0.240000%, 	1.588757%
2020-04-08 07:43:28, 	Poloniex    , 	OKEX        , 	XMR/BTC, 	0.00781775, 	15.41784108, 	0.007684, 	24.85219236, 	1.740630%, 	0.240000%, 	1.500630%
2020-04-08 07:43:58, 	Poloniex    , 	OKEX        , 	XMR/BTC, 	0.00781546, 	7.0, 	0.007683, 	40.26861169, 	1.724066%, 	0.240000%, 	1.484066%
2020-04-08 07:44:28, 	Poloniex    , 	OKEX        , 	XMR/BTC, 	0.00781503, 	0.29971603, 	0.007682, 	40.26861169, 	1.731710%, 	0.240000%, 	1.491710%
2020-04-08 07:44:58, 	Poloniex    , 	OKEX        , 	XMR/BTC, 	0.0078154, 	10.46925017, 	0.007679, 	39.76982541, 	1.776273%, 	0.240000%, 	1.536273%
2020-04-08 07:45:28, 	Poloniex    , 	OKEX        , 	XMR/BTC, 	0.0078154, 	10.46925017, 	0.007679, 	39.76982541, 	1.776273%, 	0.240000%, 	1.536273%
2020-04-08 07:45:58, 	Poloniex    , 	OKEX        , 	XMR/BTC, 	0.0078154, 	10.46265038, 	0.007678, 	39.76982541, 	1.789529%, 	0.240000%, 	1.549529%
2020-04-08 07:46:28, 	Poloniex    , 	OKEX        , 	XMR/BTC, 	0.0078156, 	0.79285907, 	0.007676, 	39.76982541, 	1.818656%, 	0.240000%, 	1.578656%
2020-04-08 07:46:58, 	Poloniex    , 	OKEX        , 	XMR/BTC, 	0.00781379, 	7.0, 	0.007675, 	39.76982541, 	1.808339%, 	0.240000%, 	1.568339%
2020-04-08 07:47:28, 	Poloniex    , 	OKEX        , 	XMR/BTC, 	0.0078138, 	13.15154448, 	0.007673, 	7.0, 	1.835006%, 	0.240000%, 	1.595006%
2020-04-08 07:47:58, 	Poloniex    , 	OKEX        , 	XMR/BTC, 	0.00781391, 	2.77740835, 	0.007671, 	37.78962271, 	1.862990%, 	0.240000%, 	1.622990%
2020-04-08 07:48:28, 	Poloniex    , 	OKEX        , 	XMR/BTC, 	0.00781551, 	2.77683971, 	0.007671, 	37.78962271, 	1.883848%, 	0.240000%, 	1.643848%
2020-04-08 07:48:58, 	Poloniex    , 	OKEX        , 	XMR/BTC, 	0.00781572, 	19.80346767, 	0.00767, 	20.79468087, 	1.899870%, 	0.240000%, 	1.659870%
2020-04-08 07:49:28, 	Poloniex    , 	OKEX        , 	XMR/BTC, 	0.00781625, 	19.92837973, 	0.007667, 	20.66842212, 	1.946654%, 	0.240000%, 	1.706654%
2020-04-08 07:49:58, 	Poloniex    , 	OKEX        , 	XMR/BTC, 	0.00781633, 	19.92817573, 	0.007666, 	20.66842212, 	1.960997%, 	0.240000%, 	1.720997%
2020-04-08 07:50:28, 	Poloniex    , 	OKEX        , 	XMR/BTC, 	0.00781643, 	20.47876301, 	0.007665, 	20.11842212, 	1.975603%, 	0.240000%, 	1.735603%
2020-04-08 07:50:58, 	Poloniex    , 	OKEX        , 	XMR/BTC, 	0.00781649, 	20.4765128, 	0.007665, 	9.709119, 	1.976386%, 	0.240000%, 	1.736386%
2020-04-08 07:51:28, 	Poloniex    , 	OKEX        , 	XMR/BTC, 	0.00781657, 	20.4763032, 	0.007657, 	20.11842212, 	2.083975%, 	0.240000%, 	1.843975%
2020-04-08 08:26:28, 	Poloniex    , 	OKEX        , 	XMR/BTC, 	0.00782944, 	15.20218284, 	0.007587, 	88.52746444, 	3.195466%, 	0.240000%, 	2.955466%
2020-04-08 08:26:58, 	Poloniex    , 	OKEX        , 	XMR/BTC, 	0.00782564, 	15.21007609, 	0.007586, 	88.52746444, 	3.158977%, 	0.240000%, 	2.918977%
2020-04-08 08:27:28, 	Poloniex    , 	OKEX        , 	XMR/BTC, 	0.00782579, 	15.20978451, 	0.007574, 	88.52746444, 	3.324399%, 	0.240000%, 	3.084399%
2020-04-08 08:27:58, 	Poloniex    , 	OKEX        , 	XMR/BTC, 	0.00782318, 	15.21485883, 	0.007584, 	88.52746444, 	3.153745%, 	0.240000%, 	2.913745%
2020-04-08 08:28:28, 	Poloniex    , 	OKEX        , 	XMR/BTC, 	0.00782314, 	15.21493659, 	0.007584, 	88.52746444, 	3.153217%, 	0.240000%, 	2.913217%
2020-04-08 08:28:58, 	Poloniex    , 	OKEX        , 	XMR/BTC, 	0.00781571, 	7.0, 	0.007582, 	103.74240103, 	3.082432%, 	0.240000%, 	2.842432%
2020-04-08 08:29:28, 	Poloniex    , 	OKEX        , 	XMR/BTC, 	0.00781606, 	7.0, 	0.007582, 	103.74240103, 	3.087048%, 	0.240000%, 	2.847048%
2020-04-08 08:29:58, 	Poloniex    , 	OKEX        , 	XMR/BTC, 	0.00781657, 	7.0, 	0.007582, 	103.74240103, 	3.093775%, 	0.240000%, 	2.853775%
2020-04-08 08:30:28, 	Poloniex    , 	OKEX        , 	XMR/BTC, 	0.00781767, 	58.202628, 	0.00758, 	103.74240103, 	3.135488%, 	0.240000%, 	2.895488%
2020-04-08 08:30:58, 	Poloniex    , 	OKEX        , 	XMR/BTC, 	0.00781603, 	7.0, 	0.007579, 	103.74240103, 	3.127457%, 	0.240000%, 	2.887457%
2020-04-08 08:31:28, 	Poloniex    , 	OKEX        , 	XMR/BTC, 	0.00781814, 	7.0, 	0.007578, 	103.74240103, 	3.168910%, 	0.240000%, 	2.928910%
2020-04-08 08:31:59, 	Poloniex    , 	OKEX        , 	XMR/BTC, 	0.00781951, 	7.0, 	0.007576, 	103.74240103, 	3.214229%, 	0.240000%, 	2.974229%
2020-04-08 08:32:29, 	Poloniex    , 	OKEX        , 	XMR/BTC, 	0.0078213, 	31.37899018, 	0.007576, 	78.41435791, 	3.237856%, 	0.240000%, 	2.997856%
2020-04-08 08:32:59, 	Poloniex    , 	OKEX        , 	XMR/BTC, 	0.00782433, 	27.35837567, 	0.007575, 	76.41155791, 	3.291485%, 	0.240000%, 	3.051485%
2020-04-08 08:33:29, 	Poloniex    , 	OKEX        , 	XMR/BTC, 	0.00781761, 	27.3818928, 	0.007575, 	76.41155791, 	3.202772%, 	0.240000%, 	2.962772%
2020-04-08 08:33:59, 	Poloniex    , 	OKEX        , 	XMR/BTC, 	0.00782196, 	27.36666494, 	0.007574, 	76.41155791, 	3.273832%, 	0.240000%, 	3.033832%
2020-04-08 08:34:29, 	Poloniex    , 	OKEX        , 	XMR/BTC, 	0.00781001, 	27.40853829, 	0.007573, 	76.41155791, 	3.129671%, 	0.240000%, 	2.889671%
2020-04-08 08:34:59, 	Poloniex    , 	OKEX        , 	XMR/BTC, 	0.00781, 	20.0, 	0.007572, 	9.669771, 	3.143159%, 	0.240000%, 	2.903159%
2020-04-08 08:35:29, 	Poloniex    , 	OKEX        , 	XMR/BTC, 	0.00781001, 	21.28539656, 	0.00757, 	82.53636928, 	3.170542%, 	0.240000%, 	2.930542%
2020-04-08 08:35:59, 	Poloniex    , 	OKEX        , 	XMR/BTC, 	0.00781001, 	21.28539656, 	0.007569, 	82.53636928, 	3.184172%, 	0.240000%, 	2.944172%
2020-04-08 08:36:29, 	Poloniex    , 	OKEX        , 	XMR/BTC, 	0.00781001, 	21.28539656, 	0.007569, 	82.53636928, 	3.184172%, 	0.240000%, 	2.944172%
2020-04-08 08:36:59, 	Poloniex    , 	OKEX        , 	XMR/BTC, 	0.00781001, 	23.5284974, 	0.007568, 	82.53636928, 	3.197807%, 	0.240000%, 	2.957807%
2020-04-08 08:37:29, 	Poloniex    , 	OKEX        , 	XMR/BTC, 	0.00781001, 	23.5284974, 	0.007568, 	82.53636928, 	3.197807%, 	0.240000%, 	2.957807%
2020-04-08 08:37:59, 	Poloniex    , 	OKEX        , 	XMR/BTC, 	0.007805, 	17.13097922, 	0.007566, 	106.06486668, 	3.158869%, 	0.240000%, 	2.918869%
2020-04-08 08:38:29, 	Poloniex    , 	OKEX        , 	XMR/BTC, 	0.007805, 	14.08930196, 	0.007566, 	106.06486668, 	3.158869%, 	0.240000%, 	2.918869%
2020-04-08 08:38:59, 	Poloniex    , 	OKEX        , 	XMR/BTC, 	0.0078077, 	7.0, 	0.007566, 	8.7141, 	3.194555%, 	0.240000%, 	2.954555%
2020-04-08 08:39:29, 	Poloniex    , 	OKEX        , 	XMR/BTC, 	0.0078077, 	0.0256, 	0.007566, 	9.709119, 	3.194555%, 	0.240000%, 	2.954555%
2020-04-08 08:39:59, 	Poloniex    , 	OKEX        , 	XMR/BTC, 	0.00781278, 	7.0, 	0.007566, 	10.37793755, 	3.261697%, 	0.240000%, 	3.021697%
2020-04-08 08:40:29, 	Poloniex    , 	OKEX        , 	XMR/BTC, 	0.00781501, 	7.0, 	0.007566, 	10.37793755, 	3.291171%, 	0.240000%, 	3.051171%
2020-04-08 08:40:59, 	Poloniex    , 	OKEX        , 	XMR/BTC, 	0.00781572, 	7.0, 	0.007565, 	10.37793755, 	3.314210%, 	0.240000%, 	3.074210%
2020-04-08 08:41:29, 	Poloniex    , 	OKEX        , 	XMR/BTC, 	0.00781231, 	7.0, 	0.007563, 	10.37793755, 	3.296443%, 	0.240000%, 	3.056443%
2020-04-08 08:41:59, 	Poloniex    , 	OKEX        , 	XMR/BTC, 	0.00781596, 	6.99998209, 	0.007562, 	10.37793755, 	3.358371%, 	0.240000%, 	3.118371%
2020-04-08 08:42:29, 	Poloniex    , 	OKEX        , 	XMR/BTC, 	0.00782001, 	0.19357644, 	0.007561, 	106.06486668, 	3.425605%, 	0.240000%, 	3.185605%
2020-04-08 08:42:59, 	Poloniex    , 	OKEX        , 	XMR/BTC, 	0.00782271, 	0.19350957, 	0.007559, 	106.06486668, 	3.488689%, 	0.240000%, 	3.248689%
2020-04-08 08:43:29, 	Poloniex    , 	OKEX        , 	XMR/BTC, 	0.00782003, 	0.19357585, 	0.007558, 	106.06486668, 	3.466922%, 	0.240000%, 	3.226922%
2020-04-08 08:43:59, 	Poloniex    , 	OKEX        , 	XMR/BTC, 	0.00782017, 	17.06228362, 	0.007556, 	89.23078027, 	3.496162%, 	0.240000%, 	3.256162%
2020-04-08 08:44:29, 	Poloniex    , 	OKEX        , 	XMR/BTC, 	0.00782254, 	17.05711422, 	0.007555, 	7.94985732, 	3.541231%, 	0.240000%, 	3.301231%
2020-04-08 08:44:59, 	Poloniex    , 	OKEX        , 	XMR/BTC, 	0.00782532, 	17.0510545, 	0.007553, 	7.94985732, 	3.605455%, 	0.240000%, 	3.365455%
2020-04-08 08:45:29, 	Poloniex    , 	OKEX        , 	XMR/BTC, 	0.00782952, 	17.0419077, 	0.007551, 	8.6656, 	3.688518%, 	0.240000%, 	3.448518%
2020-04-08 08:45:59, 	Poloniex    , 	OKEX        , 	XMR/BTC, 	0.00782567, 	17.05029173, 	0.007549, 	89.23086333, 	3.664989%, 	0.240000%, 	3.424989%
2020-04-08 08:46:29, 	Poloniex    , 	OKEX        , 	XMR/BTC, 	0.00783, 	8.6488, 	0.007548, 	1.59105732, 	3.736089%, 	0.240000%, 	3.496089%
2020-04-08 08:46:59, 	Poloniex    , 	OKEX        , 	XMR/BTC, 	0.00783191, 	17.03670694, 	0.007545, 	89.23086333, 	3.802651%, 	0.240000%, 	3.562651%
2020-04-08 08:47:29, 	Poloniex    , 	OKEX        , 	XMR/BTC, 	0.00783236, 	18.93421462, 	0.007544, 	89.23951511, 	3.822375%, 	0.240000%, 	3.582375%
2020-04-08 08:47:59, 	Poloniex    , 	OKEX        , 	XMR/BTC, 	0.00783244, 	18.93402122, 	0.007544, 	89.23951511, 	3.823436%, 	0.240000%, 	3.583436%
2020-04-08 08:48:29, 	Poloniex    , 	OKEX        , 	XMR/BTC, 	0.00782502, 	18.95248699, 	0.007544, 	89.23951511, 	3.725080%, 	0.240000%, 	3.485080%
2020-04-08 08:48:59, 	Poloniex    , 	OKEX        , 	XMR/BTC, 	0.0078251, 	18.95185744, 	0.007543, 	89.23951511, 	3.739891%, 	0.240000%, 	3.499891%
2020-04-08 08:49:29, 	Poloniex    , 	OKEX        , 	XMR/BTC, 	0.00781563, 	18.92066128, 	0.007543, 	89.2940447, 	3.614344%, 	0.240000%, 	3.374344%
2020-04-08 08:49:59, 	Poloniex    , 	OKEX        , 	XMR/BTC, 	0.00781655, 	18.91843428, 	0.007543, 	89.2940447, 	3.626541%, 	0.240000%, 	3.386541%
2020-04-08 08:50:29, 	Poloniex    , 	OKEX        , 	XMR/BTC, 	0.00781653, 	18.91062113, 	0.007542, 	89.2940447, 	3.640016%, 	0.240000%, 	3.400016%
2020-04-08 08:50:59, 	Poloniex    , 	OKEX        , 	XMR/BTC, 	0.00781659, 	18.91047596, 	0.007542, 	89.2940447, 	3.640811%, 	0.240000%, 	3.400811%
2020-04-08 09:32:16, 	Poloniex    , 	OKEX        , 	XMR/BTC, 	0.007805, 	8.6232, 	0.007566, 	19.20658628, 	3.158869%, 	0.240000%, 	2.918869%
2020-04-08 09:32:31, 	Poloniex    , 	OKEX        , 	XMR/BTC, 	0.00780503, 	92.59359026, 	0.007565, 	9.19674118, 	3.172902%, 	0.240000%, 	2.932902%
2020-04-08 09:32:46, 	Poloniex    , 	OKEX        , 	XMR/BTC, 	0.00780507, 	101.79314596, 	0.007565, 	8.6944, 	3.173430%, 	0.240000%, 	2.933430%
2020-04-08 09:33:01, 	Poloniex    , 	OKEX        , 	XMR/BTC, 	0.007815, 	8.6371, 	0.007565, 	7.0, 	3.304693%, 	0.240000%, 	3.064693%
2020-04-08 09:33:16, 	Poloniex    , 	OKEX        , 	XMR/BTC, 	0.00781002, 	8.75206151, 	0.007565, 	9.91513, 	3.238863%, 	0.240000%, 	2.998863%
2020-04-08 09:33:31, 	Poloniex    , 	OKEX        , 	XMR/BTC, 	0.00781007, 	101.72810614, 	0.007564, 	9.91513, 	3.253173%, 	0.240000%, 	3.013173%
2020-04-08 09:33:46, 	Poloniex    , 	OKEX        , 	XMR/BTC, 	0.00781009, 	101.72784563, 	0.007564, 	9.91513, 	3.253437%, 	0.240000%, 	3.013437%
2020-04-08 09:34:01, 	Poloniex    , 	OKEX        , 	XMR/BTC, 	0.00781013, 	101.72732461, 	0.007564, 	9.91513, 	3.253966%, 	0.240000%, 	3.013966%
2020-04-08 09:34:16, 	Poloniex    , 	OKEX        , 	XMR/BTC, 	0.00781019, 	101.7265431, 	0.007561, 	9.91513, 	3.295728%, 	0.240000%, 	3.055728%
2020-04-08 09:34:31, 	Poloniex    , 	OKEX        , 	XMR/BTC, 	0.00781023, 	101.7260221, 	0.007561, 	9.91513, 	3.296257%, 	0.240000%, 	3.056257%
2020-04-08 09:34:46, 	Poloniex    , 	OKEX        , 	XMR/BTC, 	0.00781022, 	9.885325, 	0.007561, 	7.0, 	3.296125%, 	0.240000%, 	3.056125%
2020-04-08 09:35:01, 	Poloniex    , 	OKEX        , 	XMR/BTC, 	0.00780505, 	101.79353492, 	0.007561, 	23.175275, 	3.227748%, 	0.240000%, 	2.987748%
2020-04-08 09:35:16, 	Poloniex    , 	OKEX        , 	XMR/BTC, 	0.00780002, 	9.825715, 	0.00756, 	11.351443, 	3.174868%, 	0.240000%, 	2.934868%
2020-04-08 09:35:31, 	Poloniex    , 	OKEX        , 	XMR/BTC, 	0.00780007, 	101.86864472, 	0.007558, 	7.0, 	3.202831%, 	0.240000%, 	2.962831%
2020-04-08 09:35:46, 	Poloniex    , 	OKEX        , 	XMR/BTC, 	0.00780011, 	101.86812232, 	0.007558, 	9.726365, 	3.203361%, 	0.240000%, 	2.963361%
2020-04-08 09:36:01, 	Poloniex    , 	OKEX        , 	XMR/BTC, 	0.00780015, 	101.86759992, 	0.007557, 	9.71643, 	3.217547%, 	0.240000%, 	2.977547%
2020-04-08 09:36:16, 	Poloniex    , 	OKEX        , 	XMR/BTC, 	0.00780023, 	106.83105964, 	0.007557, 	9.81578, 	3.218605%, 	0.240000%, 	2.978605%
2020-04-08 09:36:31, 	Poloniex    , 	OKEX        , 	XMR/BTC, 	0.00780508, 	8.50656791, 	0.007584, 	13.42904, 	2.915084%, 	0.240000%, 	2.675084%
2020-04-08 09:36:46, 	Poloniex    , 	OKEX        , 	XMR/BTC, 	0.00781502, 	101.67377164, 	0.007584, 	7.0, 	3.046150%, 	0.240000%, 	2.806150%
2020-04-08 09:37:01, 	Poloniex    , 	OKEX        , 	XMR/BTC, 	0.00781, 	8.6496, 	0.007584, 	7.0, 	2.979958%, 	0.240000%, 	2.739958%
2020-04-08 09:37:16, 	Poloniex    , 	OKEX        , 	XMR/BTC, 	0.00781504, 	8.72849964, 	0.007584, 	7.0, 	3.046414%, 	0.240000%, 	2.806414%
2020-04-08 09:37:31, 	Poloniex    , 	OKEX        , 	XMR/BTC, 	0.00781509, 	101.67286085, 	0.007582, 	8.7173, 	3.074255%, 	0.240000%, 	2.834255%
2020-04-08 09:37:46, 	Poloniex    , 	OKEX        , 	XMR/BTC, 	0.00781513, 	101.67234045, 	0.007582, 	7.0, 	3.074782%, 	0.240000%, 	2.834782%
2020-04-08 09:38:01, 	Poloniex    , 	OKEX        , 	XMR/BTC, 	0.00781506, 	9.746235, 	0.007581, 	9.81578, 	3.087455%, 	0.240000%, 	2.847455%
2020-04-08 09:38:16, 	Poloniex    , 	OKEX        , 	XMR/BTC, 	0.00781507, 	101.67312101, 	0.007581, 	9.81578, 	3.087587%, 	0.240000%, 	2.847587%
2020-04-08 09:38:31, 	Poloniex    , 	OKEX        , 	XMR/BTC, 	0.00782003, 	101.60863292, 	0.007581, 	9.865455, 	3.153014%, 	0.240000%, 	2.913014%
2020-04-08 09:38:46, 	Poloniex    , 	OKEX        , 	XMR/BTC, 	0.00782007, 	101.54466315, 	0.00758, 	16.21426689, 	3.167150%, 	0.240000%, 	2.927150%
2020-04-08 09:39:01, 	Poloniex    , 	OKEX        , 	XMR/BTC, 	0.0078298, 	101.41847479, 	0.00758, 	0.76345019, 	3.295515%, 	0.240000%, 	3.055515%
2020-04-08 09:39:16, 	Poloniex    , 	OKEX        , 	XMR/BTC, 	0.00782979, 	5.00950728, 	0.00758, 	0.06345019, 	3.295383%, 	0.240000%, 	3.055383%
2020-04-08 09:39:31, 	Poloniex    , 	OKEX        , 	XMR/BTC, 	0.00782979, 	5.00950728, 	0.00758, 	0.06345019, 	3.295383%, 	0.240000%, 	3.055383%
2020-04-08 09:39:46, 	Poloniex    , 	OKEX        , 	XMR/BTC, 	0.00782979, 	5.00950728, 	0.007579, 	0.06345019, 	3.309012%, 	0.240000%, 	3.069012%
2020-04-08 09:40:01, 	Poloniex    , 	OKEX        , 	XMR/BTC, 	0.00782979, 	5.00950728, 	0.007578, 	0.06345019, 	3.322644%, 	0.240000%, 	3.082644%
2020-04-08 09:40:16, 	Poloniex    , 	OKEX        , 	XMR/BTC, 	0.0078066, 	8.50491152, 	0.007578, 	13.42904, 	3.016627%, 	0.240000%, 	2.776627%
2020-04-08 09:40:31, 	Poloniex    , 	OKEX        , 	XMR/BTC, 	0.00782001, 	101.53326645, 	0.007578, 	0.06345019, 	3.193587%, 	0.240000%, 	2.953587%
2020-04-08 09:40:46, 	Poloniex    , 	OKEX        , 	XMR/BTC, 	0.00782005, 	101.53274709, 	0.007575, 	0.06345019, 	3.234983%, 	0.240000%, 	2.994983%
2020-04-08 09:41:01, 	Poloniex    , 	OKEX        , 	XMR/BTC, 	0.00782003, 	101.53300675, 	0.007578, 	0.06345019, 	3.193851%, 	0.240000%, 	2.953851%
2020-04-08 09:41:16, 	Poloniex    , 	OKEX        , 	XMR/BTC, 	0.00782003, 	101.53300675, 	0.007577, 	0.06345019, 	3.207470%, 	0.240000%, 	2.967470%
2020-04-08 09:41:31, 	Poloniex    , 	OKEX        , 	XMR/BTC, 	0.00782005, 	101.53274707, 	0.007577, 	9.97858019, 	3.207734%, 	0.240000%, 	2.967734%
2020-04-08 09:41:46, 	Poloniex    , 	OKEX        , 	XMR/BTC, 	0.00782001, 	115.26730863, 	0.007577, 	0.06345019, 	3.207206%, 	0.240000%, 	2.967206%
2020-04-08 09:42:01, 	Poloniex    , 	OKEX        , 	XMR/BTC, 	0.00782001, 	101.53326639, 	0.007576, 	9.93884019, 	3.220829%, 	0.240000%, 	2.980829%
2020-04-08 09:42:16, 	Poloniex    , 	OKEX        , 	XMR/BTC, 	0.00780082, 	108.78304074, 	0.007574, 	9.80968519, 	2.994719%, 	0.240000%, 	2.754719%
2020-04-08 09:42:31, 	Poloniex    , 	OKEX        , 	XMR/BTC, 	0.00780084, 	101.78277977, 	0.007574, 	0.06345019, 	2.994983%, 	0.240000%, 	2.754983%
2020-04-08 09:42:46, 	Poloniex    , 	OKEX        , 	XMR/BTC, 	0.00780002, 	19.21622848, 	0.007571, 	0.06345019, 	3.024964%, 	0.240000%, 	2.784964%
2020-04-08 09:43:01, 	Poloniex    , 	OKEX        , 	XMR/BTC, 	0.00780001, 	101.79361044, 	0.00757, 	0.06345019, 	3.038441%, 	0.240000%, 	2.798441%
2020-04-08 09:43:16, 	Poloniex    , 	OKEX        , 	XMR/BTC, 	0.00780001, 	101.79361042, 	0.007568, 	9.84942519, 	3.065671%, 	0.240000%, 	2.825671%
2020-04-08 09:43:31, 	Poloniex    , 	OKEX        , 	XMR/BTC, 	0.00780503, 	101.72813931, 	0.007568, 	18.96594105, 	3.132003%, 	0.240000%, 	2.892003%
2020-04-08 09:43:46, 	Poloniex    , 	OKEX        , 	XMR/BTC, 	0.00780503, 	101.72813931, 	0.007568, 	0.06345019, 	3.132003%, 	0.240000%, 	2.892003%
2020-04-08 09:44:01, 	Poloniex    , 	OKEX        , 	XMR/BTC, 	0.00780001, 	68.61235403, 	0.007568, 	33.2356278, 	3.065671%, 	0.240000%, 	2.825671%
2020-04-08 09:44:16, 	Poloniex    , 	OKEX        , 	XMR/BTC, 	0.00780003, 	68.6121781, 	0.007567, 	33.2356278, 	3.079556%, 	0.240000%, 	2.839556%
2020-04-08 09:44:31, 	Poloniex    , 	OKEX        , 	XMR/BTC, 	0.00780003, 	68.6121781, 	0.007567, 	33.2356278, 	3.079556%, 	0.240000%, 	2.839556%
2020-04-08 09:44:46, 	Poloniex    , 	OKEX        , 	XMR/BTC, 	0.00780003, 	68.6121781, 	0.007567, 	9.726365, 	3.079556%, 	0.240000%, 	2.839556%
2020-04-08 09:45:01, 	Poloniex    , 	OKEX        , 	XMR/BTC, 	0.00780003, 	68.60901145, 	0.007567, 	33.2356278, 	3.079556%, 	0.240000%, 	2.839556%
2020-04-08 09:45:16, 	Poloniex    , 	OKEX        , 	XMR/BTC, 	0.00780003, 	68.60901145, 	0.007585, 	33.2356278, 	2.834937%, 	0.240000%, 	2.594937%
2020-04-08 09:45:31, 	Poloniex    , 	OKEX        , 	XMR/BTC, 	0.00780003, 	68.60901145, 	0.007584, 	36.43879445, 	2.848497%, 	0.240000%, 	2.608497%
2020-04-08 09:45:46, 	Poloniex    , 	OKEX        , 	XMR/BTC, 	0.00780109, 	68.59968892, 	0.007583, 	5.93216607, 	2.876039%, 	0.240000%, 	2.636039%
2020-04-08 09:46:01, 	Poloniex    , 	OKEX        , 	XMR/BTC, 	0.00781003, 	68.52116408, 	0.007582, 	23.2861, 	3.007518%, 	0.240000%, 	2.767518%
2020-04-08 09:46:16, 	Poloniex    , 	OKEX        , 	XMR/BTC, 	0.00781003, 	68.52116408, 	0.007582, 	33.23879445, 	3.007518%, 	0.240000%, 	2.767518%
2020-04-08 09:46:31, 	Poloniex    , 	OKEX        , 	XMR/BTC, 	0.00781006, 	7.0, 	0.007582, 	33.23879445, 	3.007913%, 	0.240000%, 	2.767913%
2020-04-08 09:46:46, 	Poloniex    , 	OKEX        , 	XMR/BTC, 	0.00781501, 	68.47749995, 	0.007581, 	33.23879445, 	3.086796%, 	0.240000%, 	2.846796%
2020-04-08 09:47:01, 	Poloniex    , 	OKEX        , 	XMR/BTC, 	0.00781503, 	68.4773247, 	0.00758, 	33.23879445, 	3.100660%, 	0.240000%, 	2.860660%
2020-04-08 09:47:16, 	Poloniex    , 	OKEX        , 	XMR/BTC, 	0.00781503, 	68.4773247, 	0.00758, 	33.23879445, 	3.100660%, 	0.240000%, 	2.860660%
2020-04-08 09:47:31, 	Poloniex    , 	OKEX        , 	XMR/BTC, 	0.00781015, 	68.52011123, 	0.00758, 	33.23879445, 	3.036280%, 	0.240000%, 	2.796280%
2020-04-08 09:47:46, 	Poloniex    , 	OKEX        , 	XMR/BTC, 	0.00781029, 	68.518883, 	0.007579, 	33.23879445, 	3.051722%, 	0.240000%, 	2.811722%
2020-04-08 09:48:01, 	Poloniex    , 	OKEX        , 	XMR/BTC, 	0.00781037, 	13.51006, 	0.007579, 	33.23879445, 	3.052777%, 	0.240000%, 	2.812777%
2020-04-08 09:48:16, 	Poloniex    , 	OKEX        , 	XMR/BTC, 	0.00781044, 	68.51752866, 	0.007579, 	33.23879445, 	3.053701%, 	0.240000%, 	2.813701%
2020-04-08 09:48:31, 	Poloniex    , 	OKEX        , 	XMR/BTC, 	0.00781503, 	68.47728626, 	0.007579, 	9.785975, 	3.114263%, 	0.240000%, 	2.874263%
2020-04-08 09:48:46, 	Poloniex    , 	OKEX        , 	XMR/BTC, 	0.00781503, 	68.47728626, 	0.007579, 	33.23879445, 	3.114263%, 	0.240000%, 	2.874263%
2020-04-08 09:49:01, 	Poloniex    , 	OKEX        , 	XMR/BTC, 	0.00781503, 	68.47728626, 	0.007577, 	33.23879445, 	3.141481%, 	0.240000%, 	2.901481%
2020-04-08 09:49:16, 	Poloniex    , 	OKEX        , 	XMR/BTC, 	0.00781503, 	68.47728626, 	0.007576, 	33.23879445, 	3.155095%, 	0.240000%, 	2.915095%
2020-04-08 09:49:31, 	Poloniex    , 	OKEX        , 	XMR/BTC, 	0.00781503, 	85.64838861, 	0.007576, 	9.77604, 	3.155095%, 	0.240000%, 	2.915095%
2020-04-08 09:49:46, 	Poloniex    , 	OKEX        , 	XMR/BTC, 	0.00781503, 	85.64838861, 	0.007576, 	16.09155083, 	3.155095%, 	0.240000%, 	2.915095%
2020-04-08 09:50:01, 	Poloniex    , 	OKEX        , 	XMR/BTC, 	0.00781503, 	85.64838861, 	0.007576, 	16.09155083, 	3.155095%, 	0.240000%, 	2.915095%
2020-04-08 09:50:16, 	Poloniex    , 	OKEX        , 	XMR/BTC, 	0.00781503, 	85.64838861, 	0.007576, 	16.09155083, 	3.155095%, 	0.240000%, 	2.915095%
2020-04-08 09:50:31, 	Poloniex    , 	OKEX        , 	XMR/BTC, 	0.00781503, 	85.64838861, 	0.007585, 	9.845585, 	3.032696%, 	0.240000%, 	2.792696%
2020-04-08 09:50:46, 	Poloniex    , 	OKEX        , 	XMR/BTC, 	0.00782003, 	85.59362641, 	0.007585, 	0.0256, 	3.098616%, 	0.240000%, 	2.858616%
2020-04-08 09:51:01, 	Poloniex    , 	OKEX        , 	XMR/BTC, 	0.007825, 	8.736, 	0.007585, 	0.7, 	3.164140%, 	0.240000%, 	2.924140%
2020-04-08 09:51:16, 	Poloniex    , 	OKEX        , 	XMR/BTC, 	0.00782423, 	85.52208025, 	0.007585, 	26.00269093, 	3.153988%, 	0.240000%, 	2.913988%
2020-04-08 09:51:31, 	Poloniex    , 	OKEX        , 	XMR/BTC, 	0.00782425, 	85.47513382, 	0.007585, 	16.16409387, 	3.154252%, 	0.240000%, 	2.914252%
2020-04-08 09:51:46, 	Poloniex    , 	OKEX        , 	XMR/BTC, 	0.00782425, 	85.41139634, 	0.007585, 	16.22783135, 	3.154252%, 	0.240000%, 	2.914252%
2020-04-08 09:52:01, 	Poloniex    , 	OKEX        , 	XMR/BTC, 	0.00782425, 	85.41139634, 	0.007585, 	23.22783135, 	3.154252%, 	0.240000%, 	2.914252%
2020-04-08 09:52:16, 	Poloniex    , 	OKEX        , 	XMR/BTC, 	0.00782425, 	85.41139634, 	0.007585, 	16.22783135, 	3.154252%, 	0.240000%, 	2.914252%
2020-04-08 09:52:31, 	Poloniex    , 	OKEX        , 	XMR/BTC, 	0.00782501, 	85.40310078, 	0.007585, 	16.22783135, 	3.164272%, 	0.240000%, 	2.924272%
2020-04-08 09:52:46, 	Poloniex    , 	OKEX        , 	XMR/BTC, 	0.00782501, 	85.40310077, 	0.007585, 	16.22783135, 	3.164272%, 	0.240000%, 	2.924272%
2020-04-08 09:53:01, 	Poloniex    , 	OKEX        , 	XMR/BTC, 	0.00783001, 	104.47180577, 	0.007585, 	9.85552, 	3.230191%, 	0.240000%, 	2.990191%
2020-04-08 09:53:16, 	Poloniex    , 	OKEX        , 	XMR/BTC, 	0.00784001, 	90.12244076, 	0.007585, 	16.22783135, 	3.362030%, 	0.240000%, 	3.122030%
2020-04-08 09:53:31, 	Poloniex    , 	OKEX        , 	XMR/BTC, 	0.00784501, 	106.31649247, 	0.007585, 	7.0, 	3.427950%, 	0.240000%, 	3.187950%
2020-04-08 09:53:46, 	Poloniex    , 	OKEX        , 	XMR/BTC, 	0.00784425, 	106.32679304, 	0.007585, 	7.0, 	3.417930%, 	0.240000%, 	3.177930%
2020-04-08 09:54:01, 	Poloniex    , 	OKEX        , 	XMR/BTC, 	0.00784501, 	106.31649242, 	0.007585, 	9.746235, 	3.427950%, 	0.240000%, 	3.187950%
2020-04-08 09:54:16, 	Poloniex    , 	OKEX        , 	XMR/BTC, 	0.00788321, 	105.80131007, 	0.007585, 	0.249775, 	3.931575%, 	0.240000%, 	3.691575%
2020-04-08 09:54:31, 	Poloniex    , 	OKEX        , 	XMR/BTC, 	0.00787001, 	86.90364178, 	0.007585, 	19.04738485, 	3.757548%, 	0.240000%, 	3.517548%
2020-04-08 09:54:46, 	Poloniex    , 	OKEX        , 	XMR/BTC, 	0.00787501, 	86.84846492, 	0.007585, 	19.04738485, 	3.823467%, 	0.240000%, 	3.583467%
2020-04-08 09:55:01, 	Poloniex    , 	OKEX        , 	XMR/BTC, 	0.00787421, 	12.41450492, 	0.007585, 	4.05357066, 	3.812920%, 	0.240000%, 	3.572920%
2020-04-08 09:55:16, 	Poloniex    , 	OKEX        , 	XMR/BTC, 	0.00787421, 	12.41450492, 	0.007585, 	19.04738485, 	3.812920%, 	0.240000%, 	3.572920%
2020-04-08 09:55:31, 	Poloniex    , 	OKEX        , 	XMR/BTC, 	0.00786422, 	86.96604747, 	0.007585, 	13.41363, 	3.681213%, 	0.240000%, 	3.441213%
2020-04-08 09:55:46, 	Poloniex    , 	OKEX        , 	XMR/BTC, 	0.00787501, 	86.84689031, 	0.007585, 	19.04738485, 	3.823467%, 	0.240000%, 	3.583467%
2020-04-08 09:56:01, 	Poloniex    , 	OKEX        , 	XMR/BTC, 	0.00787421, 	12.17926864, 	0.007585, 	19.04738485, 	3.812920%, 	0.240000%, 	3.572920%
2020-04-08 09:56:16, 	Poloniex    , 	OKEX        , 	XMR/BTC, 	0.00787421, 	12.17926864, 	0.007585, 	7.0, 	3.812920%, 	0.240000%, 	3.572920%
2020-04-08 09:56:31, 	Poloniex    , 	OKEX        , 	XMR/BTC, 	0.00787002, 	86.90195577, 	0.007585, 	7.0, 	3.757680%, 	0.240000%, 	3.517680%
2020-04-08 09:56:46, 	Poloniex    , 	OKEX        , 	XMR/BTC, 	0.00786925, 	106.00340563, 	0.007585, 	7.0, 	3.747528%, 	0.240000%, 	3.507528%
2020-04-08 09:57:01, 	Poloniex    , 	OKEX        , 	XMR/BTC, 	0.00787001, 	105.99316896, 	0.007585, 	0.86984429, 	3.757548%, 	0.240000%, 	3.517548%
2020-04-08 09:57:16, 	Poloniex    , 	OKEX        , 	XMR/BTC, 	0.00787001, 	105.99316895, 	0.007585, 	7.0, 	3.757548%, 	0.240000%, 	3.517548%
2020-04-08 09:57:31, 	Poloniex    , 	OKEX        , 	XMR/BTC, 	0.00787001, 	105.99316893, 	0.007585, 	7.0, 	3.757548%, 	0.240000%, 	3.517548%
2020-04-08 09:57:46, 	Poloniex    , 	OKEX        , 	XMR/BTC, 	0.00787001, 	105.9931689, 	0.007585, 	1.96224944, 	3.757548%, 	0.240000%, 	3.517548%
2020-04-08 09:58:01, 	Poloniex    , 	OKEX        , 	XMR/BTC, 	0.00786925, 	106.27685725, 	0.007585, 	7.0, 	3.747528%, 	0.240000%, 	3.507528%
2020-04-08 09:58:16, 	Poloniex    , 	OKEX        , 	XMR/BTC, 	0.00787001, 	106.25128504, 	0.007585, 	0.01688372, 	3.757548%, 	0.240000%, 	3.517548%
2020-04-08 09:58:40, 	Poloniex    , 	OKEX        , 	XMR/BTC, 	0.00786925, 	106.26154661, 	0.007585, 	0.01688372, 	3.747528%, 	0.240000%, 	3.507528%
2020-04-08 09:59:19, 	Poloniex    , 	OKEX        , 	XMR/BTC, 	0.007865, 	8.5976, 	0.007585, 	4.07045322, 	3.691496%, 	0.240000%, 	3.451496%
2020-04-08 09:59:34, 	Poloniex    , 	OKEX        , 	XMR/BTC, 	0.0078601, 	0.025, 	0.007584, 	4.0535694, 	3.640559%, 	0.240000%, 	3.400559%
2020-04-08 09:59:49, 	Poloniex    , 	OKEX        , 	XMR/BTC, 	0.0078601, 	0.025, 	0.007584, 	4.0535694, 	3.640559%, 	0.240000%, 	3.400559%
2020-04-08 10:18:56, 	Poloniex    , 	OKEX        , 	XMR/BTC, 	0.00786422, 	52.84359536, 	0.007607, 	3.3603612, 	3.381359%, 	0.240000%, 	3.141359%
2020-04-08 10:19:11, 	Poloniex    , 	OKEX        , 	XMR/BTC, 	0.00786501, 	52.83828749, 	0.007607, 	3.3603612, 	3.391744%, 	0.240000%, 	3.151744%
2020-04-08 10:19:26, 	Poloniex    , 	OKEX        , 	XMR/BTC, 	0.00786422, 	52.84359534, 	0.007607, 	3.3603612, 	3.381359%, 	0.240000%, 	3.141359%
2020-04-08 10:19:41, 	Poloniex    , 	OKEX        , 	XMR/BTC, 	0.00786422, 	52.84359534, 	0.007607, 	7.0, 	3.381359%, 	0.240000%, 	3.141359%
2020-04-08 10:19:56, 	Poloniex    , 	OKEX        , 	XMR/BTC, 	0.00786422, 	52.84359534, 	0.007607, 	3.3603612, 	3.381359%, 	0.240000%, 	3.141359%
2020-04-08 10:20:11, 	Poloniex    , 	OKEX        , 	XMR/BTC, 	0.00786424, 	52.84346095, 	0.007607, 	3.3603612, 	3.381622%, 	0.240000%, 	3.141622%
2020-04-08 10:20:26, 	Poloniex    , 	OKEX        , 	XMR/BTC, 	0.00786422, 	52.62933437, 	0.007607, 	3.57476343, 	3.381359%, 	0.240000%, 	3.141359%
2020-04-08 10:20:41, 	Poloniex    , 	OKEX        , 	XMR/BTC, 	0.00786422, 	52.62933437, 	0.007607, 	3.57476343, 	3.381359%, 	0.240000%, 	3.141359%
2020-04-08 10:20:56, 	Poloniex    , 	OKEX        , 	XMR/BTC, 	0.00786422, 	52.62938473, 	0.007607, 	7.0, 	3.381359%, 	0.240000%, 	3.141359%
2020-04-08 10:21:11, 	Poloniex    , 	OKEX        , 	XMR/BTC, 	0.00786422, 	52.62938473, 	0.007607, 	7.0, 	3.381359%, 	0.240000%, 	3.141359%
2020-04-08 10:21:26, 	Poloniex    , 	OKEX        , 	XMR/BTC, 	0.00786421, 	6.54656916, 	0.007607, 	3.57476343, 	3.381228%, 	0.240000%, 	3.141228%
2020-04-08 10:21:41, 	Poloniex    , 	OKEX        , 	XMR/BTC, 	0.00786421, 	6.54656916, 	0.007607, 	3.57476343, 	3.381228%, 	0.240000%, 	3.141228%
2020-04-08 10:21:56, 	Poloniex    , 	OKEX        , 	XMR/BTC, 	0.00786421, 	6.54656916, 	0.007607, 	3.57476003, 	3.381228%, 	0.240000%, 	3.141228%
2020-04-08 10:22:11, 	Poloniex    , 	OKEX        , 	XMR/BTC, 	0.00786424, 	52.62925469, 	0.007607, 	3.57476003, 	3.381622%, 	0.240000%, 	3.141622%
2020-04-08 10:22:26, 	Poloniex    , 	OKEX        , 	XMR/BTC, 	0.00786422, 	52.62938853, 	0.007607, 	3.57476003, 	3.381359%, 	0.240000%, 	3.141359%
2020-04-08 10:22:41, 	Poloniex    , 	OKEX        , 	XMR/BTC, 	0.00786422, 	52.62938852, 	0.007607, 	3.57476003, 	3.381359%, 	0.240000%, 	3.141359%
2020-04-08 10:22:56, 	Poloniex    , 	OKEX        , 	XMR/BTC, 	0.00786422, 	52.62940126, 	0.007607, 	3.57476003, 	3.381359%, 	0.240000%, 	3.141359%
2020-04-08 10:23:11, 	Poloniex    , 	OKEX        , 	XMR/BTC, 	0.00786424, 	52.6292674, 	0.007607, 	3.57476003, 	3.381622%, 	0.240000%, 	3.141622%
2020-04-08 10:23:26, 	Poloniex    , 	OKEX        , 	XMR/BTC, 	0.00786426, 	54.36091759, 	0.007607, 	1.84492995, 	3.381885%, 	0.240000%, 	3.141885%
