2020-04-07 21:49:02, 	Poloniex    , 	Binance     , 	BNT/BTC, 	2.67e-05, 	728.56132397, 	2.662e-05, 	551.88226132, 	0.300526%, 	0.190000%, 	0.110526%
2020-04-07 21:49:32, 	Poloniex    , 	Binance     , 	BNT/BTC, 	2.67e-05, 	728.56132397, 	2.662e-05, 	551.88226132, 	0.300526%, 	0.190000%, 	0.110526%
2020-04-07 21:50:02, 	Poloniex    , 	Binance     , 	BNT/BTC, 	2.67e-05, 	728.56132397, 	2.662e-05, 	551.88226132, 	0.300526%, 	0.190000%, 	0.110526%
2020-04-07 21:50:32, 	Poloniex    , 	Binance     , 	BNT/BTC, 	2.67e-05, 	728.56132397, 	2.662e-05, 	551.88226132, 	0.300526%, 	0.190000%, 	0.110526%
2020-04-07 21:51:02, 	Poloniex    , 	Binance     , 	BNT/BTC, 	2.67e-05, 	728.56132397, 	2.662e-05, 	551.88226132, 	0.300526%, 	0.190000%, 	0.110526%
2020-04-07 21:51:32, 	Poloniex    , 	Binance     , 	BNT/BTC, 	2.67e-05, 	728.56132397, 	2.662e-05, 	551.88226132, 	0.300526%, 	0.190000%, 	0.110526%
2020-04-07 21:52:02, 	Poloniex    , 	Binance     , 	BNT/BTC, 	2.67e-05, 	728.56132397, 	2.662e-05, 	551.88226132, 	0.300526%, 	0.190000%, 	0.110526%
2020-04-07 21:52:32, 	Poloniex    , 	Binance     , 	BNT/BTC, 	2.67e-05, 	728.56132397, 	2.662e-05, 	551.88226132, 	0.300526%, 	0.190000%, 	0.110526%
2020-04-07 21:53:02, 	Poloniex    , 	Binance     , 	BNT/BTC, 	2.67e-05, 	728.56132397, 	2.662e-05, 	551.88226132, 	0.300526%, 	0.190000%, 	0.110526%
2020-04-07 21:53:32, 	Poloniex    , 	Binance     , 	BNT/BTC, 	2.67e-05, 	728.56132397, 	2.662e-05, 	551.88226132, 	0.300526%, 	0.190000%, 	0.110526%
2020-04-07 21:54:02, 	Poloniex    , 	Binance     , 	BNT/BTC, 	2.67e-05, 	728.56132397, 	2.662e-05, 	551.88226132, 	0.300526%, 	0.190000%, 	0.110526%
2020-04-07 21:54:32, 	Poloniex    , 	Binance     , 	BNT/BTC, 	2.67e-05, 	728.56132397, 	2.662e-05, 	551.88226132, 	0.300526%, 	0.190000%, 	0.110526%
2020-04-07 21:55:02, 	Poloniex    , 	Binance     , 	BNT/BTC, 	2.67e-05, 	728.56132397, 	2.661e-05, 	551.88226132, 	0.338219%, 	0.190000%, 	0.148219%
2020-04-07 21:55:32, 	Poloniex    , 	Binance     , 	BNT/BTC, 	2.67e-05, 	728.56132397, 	2.659e-05, 	551.88226132, 	0.413689%, 	0.190000%, 	0.223689%
2020-04-07 21:56:02, 	Poloniex    , 	Binance     , 	BNT/BTC, 	2.67e-05, 	728.56132397, 	2.658e-05, 	551.88226132, 	0.451467%, 	0.190000%, 	0.261467%
2020-04-07 21:56:32, 	Poloniex    , 	Binance     , 	BNT/BTC, 	2.67e-05, 	728.56132397, 	2.662e-05, 	551.88226132, 	0.300526%, 	0.190000%, 	0.110526%
2020-04-07 21:57:02, 	Poloniex    , 	Binance     , 	BNT/BTC, 	2.67e-05, 	728.56132397, 	2.662e-05, 	551.88226132, 	0.300526%, 	0.190000%, 	0.110526%
2020-04-07 21:57:32, 	Poloniex    , 	Binance     , 	BNT/BTC, 	2.67e-05, 	728.56132397, 	2.662e-05, 	551.88226132, 	0.300526%, 	0.190000%, 	0.110526%
2020-04-07 21:58:02, 	Poloniex    , 	Binance     , 	BNT/BTC, 	2.67e-05, 	728.56132397, 	2.662e-05, 	551.88226132, 	0.300526%, 	0.190000%, 	0.110526%
2020-04-07 21:58:32, 	Poloniex    , 	Binance     , 	BNT/BTC, 	2.67e-05, 	728.56132397, 	2.662e-05, 	551.88226132, 	0.300526%, 	0.190000%, 	0.110526%
2020-04-07 21:59:02, 	Poloniex    , 	Binance     , 	BNT/BTC, 	2.67e-05, 	728.56132397, 	2.662e-05, 	551.88226132, 	0.300526%, 	0.190000%, 	0.110526%
2020-04-07 21:59:32, 	Poloniex    , 	Binance     , 	BNT/BTC, 	2.67e-05, 	728.56132397, 	2.662e-05, 	551.88226132, 	0.300526%, 	0.190000%, 	0.110526%
2020-04-07 22:00:02, 	Poloniex    , 	Binance     , 	BNT/BTC, 	2.67e-05, 	728.56132397, 	2.662e-05, 	551.88226132, 	0.300526%, 	0.190000%, 	0.110526%
2020-04-07 22:00:32, 	Poloniex    , 	Binance     , 	BNT/BTC, 	2.67e-05, 	251.56132397, 	2.656e-05, 	551.88226132, 	0.527108%, 	0.190000%, 	0.337108%
2020-04-07 22:01:02, 	Poloniex    , 	Binance     , 	BNT/BTC, 	2.671e-05, 	29.22351069, 	2.656e-05, 	551.88226132, 	0.564759%, 	0.190000%, 	0.374759%
2020-04-07 22:01:32, 	Poloniex    , 	Binance     , 	BNT/BTC, 	2.671e-05, 	29.22351069, 	2.656e-05, 	551.88226132, 	0.564759%, 	0.190000%, 	0.374759%
2020-04-07 22:02:02, 	Poloniex    , 	Binance     , 	BNT/BTC, 	2.671e-05, 	29.22351069, 	2.656e-05, 	551.88226132, 	0.564759%, 	0.190000%, 	0.374759%
2020-04-07 22:02:32, 	Poloniex    , 	Binance     , 	BNT/BTC, 	2.671e-05, 	29.22351069, 	2.656e-05, 	551.88226132, 	0.564759%, 	0.190000%, 	0.374759%
2020-04-07 22:03:02, 	Poloniex    , 	Binance     , 	BNT/BTC, 	2.671e-05, 	29.22351069, 	2.656e-05, 	551.88226132, 	0.564759%, 	0.190000%, 	0.374759%
2020-04-07 22:03:32, 	Poloniex    , 	Binance     , 	BNT/BTC, 	2.671e-05, 	29.22351069, 	2.656e-05, 	551.88226132, 	0.564759%, 	0.190000%, 	0.374759%
2020-04-07 22:04:02, 	Poloniex    , 	Binance     , 	BNT/BTC, 	2.671e-05, 	29.22351069, 	2.656e-05, 	551.88226132, 	0.564759%, 	0.190000%, 	0.374759%
2020-04-07 22:04:32, 	Poloniex    , 	Binance     , 	BNT/BTC, 	2.671e-05, 	29.22351069, 	2.656e-05, 	551.88226132, 	0.564759%, 	0.190000%, 	0.374759%
2020-04-07 22:05:02, 	Poloniex    , 	Binance     , 	BNT/BTC, 	2.671e-05, 	29.22351069, 	2.656e-05, 	551.88226132, 	0.564759%, 	0.190000%, 	0.374759%
2020-04-07 22:05:32, 	Poloniex    , 	Binance     , 	BNT/BTC, 	2.671e-05, 	29.22351069, 	2.656e-05, 	551.88226132, 	0.564759%, 	0.190000%, 	0.374759%
2020-04-07 22:06:02, 	Poloniex    , 	Binance     , 	BNT/BTC, 	2.671e-05, 	29.22351069, 	2.656e-05, 	551.88226132, 	0.564759%, 	0.190000%, 	0.374759%
2020-04-07 22:06:32, 	Poloniex    , 	Binance     , 	BNT/BTC, 	2.671e-05, 	29.22351069, 	2.656e-05, 	551.88226132, 	0.564759%, 	0.190000%, 	0.374759%
2020-04-07 22:07:02, 	Poloniex    , 	Binance     , 	BNT/BTC, 	2.671e-05, 	29.22351069, 	2.656e-05, 	551.88226132, 	0.564759%, 	0.190000%, 	0.374759%
2020-04-07 22:07:32, 	Poloniex    , 	Binance     , 	BNT/BTC, 	2.671e-05, 	29.22351069, 	2.656e-05, 	551.88226132, 	0.564759%, 	0.190000%, 	0.374759%
2020-04-07 22:08:02, 	Poloniex    , 	Binance     , 	BNT/BTC, 	2.671e-05, 	29.22351069, 	2.656e-05, 	551.88226132, 	0.564759%, 	0.190000%, 	0.374759%
2020-04-07 22:08:32, 	Poloniex    , 	Binance     , 	BNT/BTC, 	2.671e-05, 	29.22351069, 	2.654e-05, 	551.88226132, 	0.640543%, 	0.190000%, 	0.450543%
2020-04-07 22:09:02, 	Poloniex    , 	Binance     , 	BNT/BTC, 	2.67e-05, 	73.44334126, 	2.654e-05, 	551.88226132, 	0.602864%, 	0.190000%, 	0.412864%
2020-04-07 22:09:32, 	Poloniex    , 	Binance     , 	BNT/BTC, 	2.67e-05, 	73.44334126, 	2.654e-05, 	551.88226132, 	0.602864%, 	0.190000%, 	0.412864%
2020-04-07 22:10:02, 	Poloniex    , 	Binance     , 	BNT/BTC, 	2.67e-05, 	73.44334126, 	2.654e-05, 	551.88226132, 	0.602864%, 	0.190000%, 	0.412864%
2020-04-07 22:10:32, 	Poloniex    , 	Binance     , 	BNT/BTC, 	2.67e-05, 	73.44334126, 	2.654e-05, 	551.88226132, 	0.602864%, 	0.190000%, 	0.412864%
2020-04-07 22:11:02, 	Poloniex    , 	Binance     , 	BNT/BTC, 	2.671e-05, 	13.70602208, 	2.654e-05, 	587.38267863, 	0.640543%, 	0.190000%, 	0.450543%
2020-04-07 22:11:32, 	Poloniex    , 	Binance     , 	BNT/BTC, 	2.671e-05, 	13.70602208, 	2.654e-05, 	587.38267863, 	0.640543%, 	0.190000%, 	0.450543%
2020-04-07 22:12:02, 	Poloniex    , 	Binance     , 	BNT/BTC, 	2.671e-05, 	13.70602208, 	2.654e-05, 	587.38267863, 	0.640543%, 	0.190000%, 	0.450543%
2020-04-07 22:12:32, 	Poloniex    , 	Binance     , 	BNT/BTC, 	2.67e-05, 	73.44334126, 	2.654e-05, 	587.38267863, 	0.602864%, 	0.190000%, 	0.412864%
2020-04-07 22:13:02, 	Poloniex    , 	Binance     , 	BNT/BTC, 	2.67e-05, 	73.44334126, 	2.654e-05, 	587.38267863, 	0.602864%, 	0.190000%, 	0.412864%
2020-04-07 22:13:32, 	Poloniex    , 	Binance     , 	BNT/BTC, 	2.67e-05, 	73.44334126, 	2.654e-05, 	587.38267863, 	0.602864%, 	0.190000%, 	0.412864%
2020-04-07 22:14:02, 	Poloniex    , 	Binance     , 	BNT/BTC, 	2.666e-05, 	4.1475328, 	2.654e-05, 	653.25397035, 	0.452148%, 	0.190000%, 	0.262148%
2020-04-07 22:14:32, 	Poloniex    , 	Binance     , 	BNT/BTC, 	2.666e-05, 	4.1475328, 	2.654e-05, 	653.25397035, 	0.452148%, 	0.190000%, 	0.262148%
2020-04-07 22:15:02, 	Poloniex    , 	Binance     , 	BNT/BTC, 	2.666e-05, 	4.1475328, 	2.654e-05, 	653.25397035, 	0.452148%, 	0.190000%, 	0.262148%
2020-04-07 22:15:32, 	Poloniex    , 	Binance     , 	BNT/BTC, 	2.666e-05, 	4.1475328, 	2.653e-05, 	653.25397035, 	0.490011%, 	0.190000%, 	0.300011%
2020-04-07 22:16:02, 	Poloniex    , 	Binance     , 	BNT/BTC, 	2.666e-05, 	4.1475328, 	2.653e-05, 	653.25397035, 	0.490011%, 	0.190000%, 	0.300011%
2020-04-07 22:16:32, 	Poloniex    , 	Binance     , 	BNT/BTC, 	2.666e-05, 	4.1475328, 	2.653e-05, 	653.25397035, 	0.490011%, 	0.190000%, 	0.300011%
2020-04-07 22:17:02, 	Poloniex    , 	Binance     , 	BNT/BTC, 	2.666e-05, 	4.1475328, 	2.653e-05, 	653.25397035, 	0.490011%, 	0.190000%, 	0.300011%
2020-04-07 22:17:32, 	Poloniex    , 	Binance     , 	BNT/BTC, 	2.666e-05, 	4.1475328, 	2.653e-05, 	653.25397035, 	0.490011%, 	0.190000%, 	0.300011%
2020-04-07 22:18:02, 	Poloniex    , 	Binance     , 	BNT/BTC, 	2.666e-05, 	4.1475328, 	2.645e-05, 	653.25397035, 	0.793951%, 	0.190000%, 	0.603951%
2020-04-07 22:18:32, 	Poloniex    , 	Binance     , 	BNT/BTC, 	2.666e-05, 	4.1475328, 	2.653e-05, 	653.25397035, 	0.490011%, 	0.190000%, 	0.300011%
2020-04-07 22:19:02, 	Poloniex    , 	Binance     , 	BNT/BTC, 	2.666e-05, 	4.1475328, 	2.653e-05, 	653.25397035, 	0.490011%, 	0.190000%, 	0.300011%
2020-04-07 22:19:32, 	Poloniex    , 	Binance     , 	BNT/BTC, 	2.666e-05, 	4.1475328, 	2.653e-05, 	653.25397035, 	0.490011%, 	0.190000%, 	0.300011%
2020-04-07 22:20:02, 	Poloniex    , 	Binance     , 	BNT/BTC, 	2.666e-05, 	4.1475328, 	2.653e-05, 	653.25397035, 	0.490011%, 	0.190000%, 	0.300011%
2020-04-07 22:20:32, 	Poloniex    , 	Binance     , 	BNT/BTC, 	2.666e-05, 	4.1475328, 	2.653e-05, 	653.25397035, 	0.490011%, 	0.190000%, 	0.300011%
2020-04-07 22:21:02, 	Poloniex    , 	Binance     , 	BNT/BTC, 	2.666e-05, 	4.8107882, 	2.653e-05, 	653.25397035, 	0.490011%, 	0.190000%, 	0.300011%
2020-04-07 22:21:32, 	Poloniex    , 	Binance     , 	BNT/BTC, 	2.666e-05, 	4.8107882, 	2.653e-05, 	653.25397035, 	0.490011%, 	0.190000%, 	0.300011%
2020-04-07 22:22:02, 	Poloniex    , 	Binance     , 	BNT/BTC, 	2.666e-05, 	4.8107882, 	2.663e-05, 	653.25397035, 	0.112655%, 	0.190000%, 	-0.077345%
2020-04-07 22:37:47, 	Poloniex    , 	Binance     , 	BNT/BTC, 	2.666e-05, 	4.8107882, 	2.65e-05, 	653.25397035, 	0.603774%, 	0.190000%, 	0.413774%
2020-04-07 22:38:17, 	Poloniex    , 	Binance     , 	BNT/BTC, 	2.666e-05, 	4.8107882, 	2.65e-05, 	653.25397035, 	0.603774%, 	0.190000%, 	0.413774%
2020-04-07 22:38:47, 	Poloniex    , 	Binance     , 	BNT/BTC, 	2.666e-05, 	4.8107882, 	2.65e-05, 	653.25397035, 	0.603774%, 	0.190000%, 	0.413774%
2020-04-07 22:39:17, 	Poloniex    , 	Binance     , 	BNT/BTC, 	2.666e-05, 	4.8107882, 	2.65e-05, 	653.25397035, 	0.603774%, 	0.190000%, 	0.413774%
2020-04-07 22:39:47, 	Poloniex    , 	Binance     , 	BNT/BTC, 	2.666e-05, 	4.8107882, 	2.65e-05, 	653.25397035, 	0.603774%, 	0.190000%, 	0.413774%
2020-04-07 22:40:17, 	Poloniex    , 	Binance     , 	BNT/BTC, 	2.666e-05, 	4.8107882, 	2.65e-05, 	653.25397035, 	0.603774%, 	0.190000%, 	0.413774%
2020-04-07 22:40:47, 	Poloniex    , 	Binance     , 	BNT/BTC, 	2.666e-05, 	4.8107882, 	2.65e-05, 	653.25397035, 	0.603774%, 	0.190000%, 	0.413774%
2020-04-07 22:41:17, 	Poloniex    , 	Binance     , 	BNT/BTC, 	2.666e-05, 	4.25257933, 	2.656e-05, 	653.25397035, 	0.376506%, 	0.190000%, 	0.186506%
2020-04-07 22:41:47, 	Poloniex    , 	Binance     , 	BNT/BTC, 	2.666e-05, 	4.25257933, 	2.656e-05, 	653.25397035, 	0.376506%, 	0.190000%, 	0.186506%
2020-04-07 22:42:17, 	Poloniex    , 	Binance     , 	BNT/BTC, 	2.666e-05, 	4.25257933, 	2.656e-05, 	653.25397035, 	0.376506%, 	0.190000%, 	0.186506%
2020-04-07 22:42:47, 	Poloniex    , 	Binance     , 	BNT/BTC, 	2.666e-05, 	4.25257933, 	2.656e-05, 	653.25397035, 	0.376506%, 	0.190000%, 	0.186506%
2020-04-07 22:43:17, 	Poloniex    , 	Binance     , 	BNT/BTC, 	2.666e-05, 	4.25257933, 	2.656e-05, 	653.25397035, 	0.376506%, 	0.190000%, 	0.186506%
2020-04-07 22:43:47, 	Poloniex    , 	Binance     , 	BNT/BTC, 	2.666e-05, 	4.25257933, 	2.656e-05, 	653.25397035, 	0.376506%, 	0.190000%, 	0.186506%
2020-04-07 22:44:17, 	Poloniex    , 	Binance     , 	BNT/BTC, 	2.666e-05, 	4.25257933, 	2.656e-05, 	653.25397035, 	0.376506%, 	0.190000%, 	0.186506%
2020-04-07 22:44:47, 	Poloniex    , 	Binance     , 	BNT/BTC, 	2.666e-05, 	4.25257933, 	2.656e-05, 	653.25397035, 	0.376506%, 	0.190000%, 	0.186506%
2020-04-07 22:45:17, 	Poloniex    , 	Binance     , 	BNT/BTC, 	2.666e-05, 	4.25257933, 	2.656e-05, 	653.25397035, 	0.376506%, 	0.190000%, 	0.186506%
2020-04-07 22:45:47, 	Poloniex    , 	Binance     , 	BNT/BTC, 	2.666e-05, 	4.25257933, 	2.656e-05, 	653.25397035, 	0.376506%, 	0.190000%, 	0.186506%
2020-04-07 22:46:17, 	Poloniex    , 	Binance     , 	BNT/BTC, 	2.666e-05, 	4.25257933, 	2.656e-05, 	653.25397035, 	0.376506%, 	0.190000%, 	0.186506%
2020-04-07 22:46:47, 	Poloniex    , 	Binance     , 	BNT/BTC, 	2.666e-05, 	4.25257933, 	2.656e-05, 	653.25397035, 	0.376506%, 	0.190000%, 	0.186506%
2020-04-07 22:47:17, 	Poloniex    , 	Binance     , 	BNT/BTC, 	2.666e-05, 	4.25257933, 	2.656e-05, 	653.25397035, 	0.376506%, 	0.190000%, 	0.186506%
2020-04-07 22:47:47, 	Poloniex    , 	Binance     , 	BNT/BTC, 	2.666e-05, 	4.25257933, 	2.656e-05, 	653.25397035, 	0.376506%, 	0.190000%, 	0.186506%
2020-04-07 22:48:17, 	Poloniex    , 	Binance     , 	BNT/BTC, 	2.666e-05, 	4.25257933, 	2.656e-05, 	653.25397035, 	0.376506%, 	0.190000%, 	0.186506%
2020-04-07 22:48:47, 	Poloniex    , 	Binance     , 	BNT/BTC, 	2.666e-05, 	4.25257933, 	2.656e-05, 	653.25397035, 	0.376506%, 	0.190000%, 	0.186506%
2020-04-07 22:49:17, 	Poloniex    , 	Binance     , 	BNT/BTC, 	2.666e-05, 	4.25257933, 	2.656e-05, 	653.25397035, 	0.376506%, 	0.190000%, 	0.186506%
2020-04-07 22:49:47, 	Poloniex    , 	Binance     , 	BNT/BTC, 	2.666e-05, 	4.25257933, 	2.662e-05, 	653.25397035, 	0.150263%, 	0.190000%, 	-0.039737%
2020-04-08 00:16:08, 	Poloniex    , 	Binance     , 	BNT/BTC, 	2.666e-05, 	4.25257933, 	2.66e-05, 	653.25397035, 	0.225564%, 	0.190000%, 	0.035564%
2020-04-08 00:16:38, 	Poloniex    , 	Binance     , 	BNT/BTC, 	2.666e-05, 	4.25257933, 	2.66e-05, 	653.25397035, 	0.225564%, 	0.190000%, 	0.035564%
2020-04-08 00:17:08, 	Poloniex    , 	Binance     , 	BNT/BTC, 	2.666e-05, 	4.25257933, 	2.66e-05, 	653.25397035, 	0.225564%, 	0.190000%, 	0.035564%
2020-04-08 00:17:38, 	Poloniex    , 	Binance     , 	BNT/BTC, 	2.666e-05, 	4.25257933, 	2.66e-05, 	653.25397035, 	0.225564%, 	0.190000%, 	0.035564%
2020-04-08 00:18:08, 	Poloniex    , 	Binance     , 	BNT/BTC, 	2.666e-05, 	4.25257933, 	2.66e-05, 	653.25397035, 	0.225564%, 	0.190000%, 	0.035564%
2020-04-08 00:18:38, 	Poloniex    , 	Binance     , 	BNT/BTC, 	2.666e-05, 	4.25257933, 	2.661e-05, 	653.25397035, 	0.187899%, 	0.190000%, 	-0.002101%
2020-04-08 12:52:41, 	Poloniex    , 	Binance     , 	BNT/BTC, 	2.665e-05, 	1155.1756299, 	2.653e-05, 	6.36699518, 	0.452318%, 	0.190000%, 	0.262318%
2020-04-08 12:52:56, 	Poloniex    , 	Binance     , 	BNT/BTC, 	2.665e-05, 	1155.1756299, 	2.653e-05, 	6.36699518, 	0.452318%, 	0.190000%, 	0.262318%
2020-04-08 12:53:11, 	Poloniex    , 	Binance     , 	BNT/BTC, 	2.665e-05, 	1155.1756299, 	2.653e-05, 	6.36699518, 	0.452318%, 	0.190000%, 	0.262318%
2020-04-08 12:53:26, 	Poloniex    , 	Binance     , 	BNT/BTC, 	2.665e-05, 	1155.1756299, 	2.653e-05, 	6.36699518, 	0.452318%, 	0.190000%, 	0.262318%
2020-04-08 12:53:41, 	Poloniex    , 	Binance     , 	BNT/BTC, 	2.665e-05, 	1155.1756299, 	2.653e-05, 	6.36699518, 	0.452318%, 	0.190000%, 	0.262318%
2020-04-08 12:53:56, 	Poloniex    , 	Binance     , 	BNT/BTC, 	2.665e-05, 	1155.1756299, 	2.653e-05, 	6.36699518, 	0.452318%, 	0.190000%, 	0.262318%
2020-04-08 12:54:11, 	Poloniex    , 	Binance     , 	BNT/BTC, 	2.665e-05, 	1155.1756299, 	2.653e-05, 	6.36699518, 	0.452318%, 	0.190000%, 	0.262318%
2020-04-08 12:54:26, 	Poloniex    , 	Binance     , 	BNT/BTC, 	2.665e-05, 	1155.1756299, 	2.653e-05, 	6.36699518, 	0.452318%, 	0.190000%, 	0.262318%
2020-04-08 12:54:41, 	Poloniex    , 	Binance     , 	BNT/BTC, 	2.665e-05, 	1155.1756299, 	2.653e-05, 	6.36699518, 	0.452318%, 	0.190000%, 	0.262318%
2020-04-08 12:54:56, 	Poloniex    , 	Binance     , 	BNT/BTC, 	2.665e-05, 	1155.1756299, 	2.653e-05, 	6.36699518, 	0.452318%, 	0.190000%, 	0.262318%
2020-04-08 12:55:11, 	Poloniex    , 	Binance     , 	BNT/BTC, 	2.665e-05, 	1155.1756299, 	2.653e-05, 	6.36699518, 	0.452318%, 	0.190000%, 	0.262318%
2020-04-08 12:55:26, 	Poloniex    , 	Binance     , 	BNT/BTC, 	2.665e-05, 	1155.1756299, 	2.653e-05, 	6.36699518, 	0.452318%, 	0.190000%, 	0.262318%
2020-04-08 12:55:41, 	Poloniex    , 	Binance     , 	BNT/BTC, 	2.665e-05, 	1155.1756299, 	2.653e-05, 	6.36699518, 	0.452318%, 	0.190000%, 	0.262318%
2020-04-08 12:55:56, 	Poloniex    , 	Binance     , 	BNT/BTC, 	2.665e-05, 	1155.1756299, 	2.653e-05, 	6.36699518, 	0.452318%, 	0.190000%, 	0.262318%
2020-04-08 12:56:11, 	Poloniex    , 	Binance     , 	BNT/BTC, 	2.665e-05, 	1155.1756299, 	2.653e-05, 	6.36699518, 	0.452318%, 	0.190000%, 	0.262318%
2020-04-08 12:56:26, 	Poloniex    , 	Binance     , 	BNT/BTC, 	2.665e-05, 	1155.1756299, 	2.653e-05, 	6.36699518, 	0.452318%, 	0.190000%, 	0.262318%
2020-04-08 12:56:41, 	Poloniex    , 	Binance     , 	BNT/BTC, 	2.665e-05, 	1155.1756299, 	2.653e-05, 	6.36699518, 	0.452318%, 	0.190000%, 	0.262318%
2020-04-08 12:56:56, 	Poloniex    , 	Binance     , 	BNT/BTC, 	2.665e-05, 	1155.1756299, 	2.653e-05, 	6.36699518, 	0.452318%, 	0.190000%, 	0.262318%
2020-04-08 12:57:11, 	Poloniex    , 	Binance     , 	BNT/BTC, 	2.665e-05, 	1155.1756299, 	2.653e-05, 	6.36699518, 	0.452318%, 	0.190000%, 	0.262318%
2020-04-08 12:57:26, 	Poloniex    , 	Binance     , 	BNT/BTC, 	2.665e-05, 	1155.1756299, 	2.653e-05, 	6.36699518, 	0.452318%, 	0.190000%, 	0.262318%
2020-04-08 12:57:41, 	Poloniex    , 	Binance     , 	BNT/BTC, 	2.665e-05, 	1155.1756299, 	2.653e-05, 	6.36699518, 	0.452318%, 	0.190000%, 	0.262318%
2020-04-08 12:57:56, 	Poloniex    , 	Binance     , 	BNT/BTC, 	2.665e-05, 	1155.1756299, 	2.653e-05, 	6.36699518, 	0.452318%, 	0.190000%, 	0.262318%
2020-04-08 12:58:11, 	Poloniex    , 	Binance     , 	BNT/BTC, 	2.665e-05, 	1155.1756299, 	2.653e-05, 	6.36699518, 	0.452318%, 	0.190000%, 	0.262318%
2020-04-08 12:58:26, 	Poloniex    , 	Binance     , 	BNT/BTC, 	2.665e-05, 	1155.1756299, 	2.653e-05, 	6.36699518, 	0.452318%, 	0.190000%, 	0.262318%
2020-04-08 12:58:41, 	Poloniex    , 	Binance     , 	BNT/BTC, 	2.665e-05, 	1155.1756299, 	2.653e-05, 	6.36699518, 	0.452318%, 	0.190000%, 	0.262318%
2020-04-08 12:58:56, 	Poloniex    , 	Binance     , 	BNT/BTC, 	2.665e-05, 	1155.1756299, 	2.653e-05, 	6.36699518, 	0.452318%, 	0.190000%, 	0.262318%
2020-04-08 12:59:11, 	Poloniex    , 	Binance     , 	BNT/BTC, 	2.665e-05, 	1155.1756299, 	2.653e-05, 	6.36699518, 	0.452318%, 	0.190000%, 	0.262318%
2020-04-08 12:59:26, 	Poloniex    , 	Binance     , 	BNT/BTC, 	2.665e-05, 	1155.1756299, 	2.653e-05, 	6.36699518, 	0.452318%, 	0.190000%, 	0.262318%
2020-04-08 12:59:41, 	Poloniex    , 	Binance     , 	BNT/BTC, 	2.665e-05, 	1155.1756299, 	2.653e-05, 	6.36699518, 	0.452318%, 	0.190000%, 	0.262318%
2020-04-08 12:59:56, 	Poloniex    , 	Binance     , 	BNT/BTC, 	2.665e-05, 	1155.1756299, 	2.653e-05, 	6.36699518, 	0.452318%, 	0.190000%, 	0.262318%
2020-04-08 13:00:11, 	Poloniex    , 	Binance     , 	BNT/BTC, 	2.665e-05, 	1155.1756299, 	2.653e-05, 	6.36699518, 	0.452318%, 	0.190000%, 	0.262318%
2020-04-08 13:00:26, 	Poloniex    , 	Binance     , 	BNT/BTC, 	2.665e-05, 	1155.1756299, 	2.653e-05, 	6.36699518, 	0.452318%, 	0.190000%, 	0.262318%
2020-04-08 13:00:41, 	Poloniex    , 	Binance     , 	BNT/BTC, 	2.665e-05, 	1155.1756299, 	2.653e-05, 	6.36699518, 	0.452318%, 	0.190000%, 	0.262318%
2020-04-08 13:00:56, 	Poloniex    , 	Binance     , 	BNT/BTC, 	2.665e-05, 	1155.1756299, 	2.653e-05, 	6.36699518, 	0.452318%, 	0.190000%, 	0.262318%
2020-04-08 13:01:11, 	Poloniex    , 	Binance     , 	BNT/BTC, 	2.665e-05, 	1155.1756299, 	2.651e-05, 	6.36699518, 	0.528103%, 	0.190000%, 	0.338103%
2020-04-08 13:01:26, 	Poloniex    , 	Binance     , 	BNT/BTC, 	2.665e-05, 	1155.1756299, 	2.651e-05, 	6.36699518, 	0.528103%, 	0.190000%, 	0.338103%
2020-04-08 13:01:41, 	Poloniex    , 	Binance     , 	BNT/BTC, 	2.665e-05, 	1155.1756299, 	2.651e-05, 	6.36699518, 	0.528103%, 	0.190000%, 	0.338103%
2020-04-08 13:01:56, 	Poloniex    , 	Binance     , 	BNT/BTC, 	2.665e-05, 	1155.1756299, 	2.651e-05, 	6.36699518, 	0.528103%, 	0.190000%, 	0.338103%
2020-04-08 13:02:11, 	Poloniex    , 	Binance     , 	BNT/BTC, 	2.665e-05, 	1155.1756299, 	2.651e-05, 	6.36699518, 	0.528103%, 	0.190000%, 	0.338103%
2020-04-08 13:02:26, 	Poloniex    , 	Binance     , 	BNT/BTC, 	2.665e-05, 	1155.1756299, 	2.649e-05, 	6.36699518, 	0.604002%, 	0.190000%, 	0.414002%
2020-04-08 13:02:41, 	Poloniex    , 	Binance     , 	BNT/BTC, 	2.665e-05, 	1155.1756299, 	2.65e-05, 	6.36699518, 	0.566038%, 	0.190000%, 	0.376038%
2020-04-08 13:02:56, 	Poloniex    , 	Binance     , 	BNT/BTC, 	2.665e-05, 	1155.1756299, 	2.648e-05, 	6.36699518, 	0.641994%, 	0.190000%, 	0.451994%
2020-04-08 13:03:11, 	Poloniex    , 	Binance     , 	BNT/BTC, 	2.665e-05, 	1155.1756299, 	2.649e-05, 	6.36699518, 	0.604002%, 	0.190000%, 	0.414002%
2020-04-08 13:03:26, 	Poloniex    , 	Binance     , 	BNT/BTC, 	2.665e-05, 	1155.1756299, 	2.652e-05, 	6.36699518, 	0.490196%, 	0.190000%, 	0.300196%
2020-04-08 13:03:41, 	Poloniex    , 	Binance     , 	BNT/BTC, 	2.665e-05, 	1155.1756299, 	2.65e-05, 	6.36699518, 	0.566038%, 	0.190000%, 	0.376038%
2020-04-08 13:03:56, 	Poloniex    , 	Binance     , 	BNT/BTC, 	2.665e-05, 	1155.1756299, 	2.652e-05, 	6.36699518, 	0.490196%, 	0.190000%, 	0.300196%
2020-04-08 13:04:11, 	Poloniex    , 	Binance     , 	BNT/BTC, 	2.665e-05, 	1155.1756299, 	2.65e-05, 	6.36699518, 	0.566038%, 	0.190000%, 	0.376038%
2020-04-08 13:04:26, 	Poloniex    , 	Binance     , 	BNT/BTC, 	2.665e-05, 	1155.1756299, 	2.652e-05, 	6.36699518, 	0.490196%, 	0.190000%, 	0.300196%
2020-04-08 13:04:41, 	Poloniex    , 	Binance     , 	BNT/BTC, 	2.665e-05, 	1155.1756299, 	2.652e-05, 	6.36699518, 	0.490196%, 	0.190000%, 	0.300196%
2020-04-08 13:04:56, 	Poloniex    , 	Binance     , 	BNT/BTC, 	2.665e-05, 	1155.1756299, 	2.652e-05, 	6.36699518, 	0.490196%, 	0.190000%, 	0.300196%
2020-04-08 13:05:11, 	Poloniex    , 	Binance     , 	BNT/BTC, 	2.665e-05, 	1155.1756299, 	2.652e-05, 	6.36699518, 	0.490196%, 	0.190000%, 	0.300196%
2020-04-08 13:05:26, 	Poloniex    , 	Binance     , 	BNT/BTC, 	2.665e-05, 	1155.1756299, 	2.652e-05, 	6.36699518, 	0.490196%, 	0.190000%, 	0.300196%
2020-04-08 13:05:41, 	Poloniex    , 	Binance     , 	BNT/BTC, 	2.665e-05, 	1155.1756299, 	2.652e-05, 	6.36699518, 	0.490196%, 	0.190000%, 	0.300196%
2020-04-08 13:05:56, 	Poloniex    , 	Binance     , 	BNT/BTC, 	2.665e-05, 	1155.1756299, 	2.652e-05, 	6.36699518, 	0.490196%, 	0.190000%, 	0.300196%
2020-04-08 13:06:11, 	Poloniex    , 	Binance     , 	BNT/BTC, 	2.665e-05, 	1155.1756299, 	2.652e-05, 	6.36699518, 	0.490196%, 	0.190000%, 	0.300196%
2020-04-08 13:06:26, 	Poloniex    , 	Binance     , 	BNT/BTC, 	2.665e-05, 	1155.1756299, 	2.651e-05, 	6.36699518, 	0.528103%, 	0.190000%, 	0.338103%
2020-04-08 13:06:41, 	Poloniex    , 	Binance     , 	BNT/BTC, 	2.665e-05, 	1155.1756299, 	2.649e-05, 	6.36699518, 	0.604002%, 	0.190000%, 	0.414002%
2020-04-08 13:06:56, 	Poloniex    , 	Binance     , 	BNT/BTC, 	2.665e-05, 	1155.1756299, 	2.652e-05, 	6.36699518, 	0.490196%, 	0.190000%, 	0.300196%
2020-04-08 13:07:11, 	Poloniex    , 	Binance     , 	BNT/BTC, 	2.665e-05, 	1155.1756299, 	2.652e-05, 	6.36699518, 	0.490196%, 	0.190000%, 	0.300196%
2020-04-08 13:07:26, 	Poloniex    , 	Binance     , 	BNT/BTC, 	2.665e-05, 	1155.1756299, 	2.652e-05, 	6.36699518, 	0.490196%, 	0.190000%, 	0.300196%
2020-04-08 13:07:41, 	Poloniex    , 	Binance     , 	BNT/BTC, 	2.665e-05, 	1155.1756299, 	2.652e-05, 	6.36699518, 	0.490196%, 	0.190000%, 	0.300196%
2020-04-08 13:07:56, 	Poloniex    , 	Binance     , 	BNT/BTC, 	2.665e-05, 	1155.1756299, 	2.652e-05, 	6.36699518, 	0.490196%, 	0.190000%, 	0.300196%
2020-04-08 13:08:11, 	Poloniex    , 	Binance     , 	BNT/BTC, 	2.665e-05, 	1155.1756299, 	2.652e-05, 	6.36699518, 	0.490196%, 	0.190000%, 	0.300196%
2020-04-08 13:08:26, 	Poloniex    , 	Binance     , 	BNT/BTC, 	2.665e-05, 	1155.1756299, 	2.652e-05, 	6.36699518, 	0.490196%, 	0.190000%, 	0.300196%
2020-04-08 13:08:41, 	Poloniex    , 	Binance     , 	BNT/BTC, 	2.665e-05, 	1155.1756299, 	2.652e-05, 	6.36699518, 	0.490196%, 	0.190000%, 	0.300196%
2020-04-08 13:08:56, 	Poloniex    , 	Binance     , 	BNT/BTC, 	2.665e-05, 	1155.1756299, 	2.652e-05, 	6.36699518, 	0.490196%, 	0.190000%, 	0.300196%
2020-04-08 13:09:11, 	Poloniex    , 	Binance     , 	BNT/BTC, 	2.665e-05, 	1155.1756299, 	2.652e-05, 	6.36699518, 	0.490196%, 	0.190000%, 	0.300196%
2020-04-08 13:09:26, 	Poloniex    , 	Binance     , 	BNT/BTC, 	2.665e-05, 	1155.1756299, 	2.652e-05, 	6.36699518, 	0.490196%, 	0.190000%, 	0.300196%
2020-04-08 13:09:41, 	Poloniex    , 	Binance     , 	BNT/BTC, 	2.665e-05, 	1155.1756299, 	2.651e-05, 	6.36699518, 	0.528103%, 	0.190000%, 	0.338103%
2020-04-08 13:09:56, 	Poloniex    , 	Binance     , 	BNT/BTC, 	2.665e-05, 	1155.1756299, 	2.649e-05, 	6.36699518, 	0.604002%, 	0.190000%, 	0.414002%
2020-04-08 13:10:11, 	Poloniex    , 	Binance     , 	BNT/BTC, 	2.665e-05, 	1155.1756299, 	2.649e-05, 	6.36699518, 	0.604002%, 	0.190000%, 	0.414002%
2020-04-08 13:10:26, 	Poloniex    , 	Binance     , 	BNT/BTC, 	2.665e-05, 	1155.1756299, 	2.649e-05, 	6.36699518, 	0.604002%, 	0.190000%, 	0.414002%
2020-04-08 13:10:41, 	Poloniex    , 	Binance     , 	BNT/BTC, 	2.665e-05, 	1155.1756299, 	2.649e-05, 	6.36699518, 	0.604002%, 	0.190000%, 	0.414002%
2020-04-08 13:10:56, 	Poloniex    , 	Binance     , 	BNT/BTC, 	2.665e-05, 	1155.1756299, 	2.651e-05, 	6.36699518, 	0.528103%, 	0.190000%, 	0.338103%
2020-04-08 13:11:11, 	Poloniex    , 	Binance     , 	BNT/BTC, 	2.665e-05, 	1155.1756299, 	2.651e-05, 	6.36699518, 	0.528103%, 	0.190000%, 	0.338103%
2020-04-08 13:11:26, 	Poloniex    , 	Binance     , 	BNT/BTC, 	2.665e-05, 	1155.1756299, 	2.651e-05, 	6.36699518, 	0.528103%, 	0.190000%, 	0.338103%
2020-04-08 13:11:41, 	Poloniex    , 	Binance     , 	BNT/BTC, 	2.665e-05, 	1155.1756299, 	2.652e-05, 	6.36699518, 	0.490196%, 	0.190000%, 	0.300196%
2020-04-08 13:11:56, 	Poloniex    , 	Binance     , 	BNT/BTC, 	2.665e-05, 	1155.1756299, 	2.652e-05, 	6.36699518, 	0.490196%, 	0.190000%, 	0.300196%
2020-04-08 13:12:11, 	Poloniex    , 	Binance     , 	BNT/BTC, 	2.665e-05, 	1155.1756299, 	2.652e-05, 	6.36699518, 	0.490196%, 	0.190000%, 	0.300196%
2020-04-08 13:12:26, 	Poloniex    , 	Binance     , 	BNT/BTC, 	2.665e-05, 	1155.1756299, 	2.652e-05, 	6.36699518, 	0.490196%, 	0.190000%, 	0.300196%
2020-04-08 13:12:41, 	Poloniex    , 	Binance     , 	BNT/BTC, 	2.665e-05, 	1155.1756299, 	2.652e-05, 	6.36699518, 	0.490196%, 	0.190000%, 	0.300196%
2020-04-08 13:12:56, 	Poloniex    , 	Binance     , 	BNT/BTC, 	2.665e-05, 	1155.1756299, 	2.652e-05, 	6.36699518, 	0.490196%, 	0.190000%, 	0.300196%
2020-04-08 13:13:11, 	Poloniex    , 	Binance     , 	BNT/BTC, 	2.665e-05, 	1155.1756299, 	2.652e-05, 	6.36699518, 	0.490196%, 	0.190000%, 	0.300196%
2020-04-08 13:13:26, 	Poloniex    , 	Binance     , 	BNT/BTC, 	2.665e-05, 	1155.1756299, 	2.652e-05, 	6.36699518, 	0.490196%, 	0.190000%, 	0.300196%
2020-04-08 13:13:41, 	Poloniex    , 	Binance     , 	BNT/BTC, 	2.665e-05, 	1155.1756299, 	2.652e-05, 	6.36699518, 	0.490196%, 	0.190000%, 	0.300196%
2020-04-08 13:13:56, 	Poloniex    , 	Binance     , 	BNT/BTC, 	2.665e-05, 	1155.1756299, 	2.652e-05, 	6.36699518, 	0.490196%, 	0.190000%, 	0.300196%
2020-04-08 13:14:11, 	Poloniex    , 	Binance     , 	BNT/BTC, 	2.665e-05, 	1155.1756299, 	2.652e-05, 	6.36699518, 	0.490196%, 	0.190000%, 	0.300196%
2020-04-08 13:14:26, 	Poloniex    , 	Binance     , 	BNT/BTC, 	2.665e-05, 	1155.1756299, 	2.652e-05, 	6.36699518, 	0.490196%, 	0.190000%, 	0.300196%
2020-04-08 13:14:41, 	Poloniex    , 	Binance     , 	BNT/BTC, 	2.665e-05, 	1155.1756299, 	2.652e-05, 	6.36699518, 	0.490196%, 	0.190000%, 	0.300196%
2020-04-08 13:14:56, 	Poloniex    , 	Binance     , 	BNT/BTC, 	2.665e-05, 	1155.1756299, 	2.652e-05, 	6.36699518, 	0.490196%, 	0.190000%, 	0.300196%
2020-04-08 13:15:11, 	Poloniex    , 	Binance     , 	BNT/BTC, 	2.665e-05, 	1155.1756299, 	2.652e-05, 	6.36699518, 	0.490196%, 	0.190000%, 	0.300196%
2020-04-08 13:15:26, 	Poloniex    , 	Binance     , 	BNT/BTC, 	2.665e-05, 	1155.1756299, 	2.652e-05, 	6.36699518, 	0.490196%, 	0.190000%, 	0.300196%
2020-04-08 13:15:41, 	Poloniex    , 	Binance     , 	BNT/BTC, 	2.665e-05, 	1155.1756299, 	2.652e-05, 	6.36699518, 	0.490196%, 	0.190000%, 	0.300196%
2020-04-08 13:15:56, 	Poloniex    , 	Binance     , 	BNT/BTC, 	2.665e-05, 	1155.1756299, 	2.652e-05, 	6.36699518, 	0.490196%, 	0.190000%, 	0.300196%
2020-04-08 13:16:11, 	Poloniex    , 	Binance     , 	BNT/BTC, 	2.665e-05, 	1155.1756299, 	2.652e-05, 	6.36699518, 	0.490196%, 	0.190000%, 	0.300196%
2020-04-08 13:16:26, 	Poloniex    , 	Binance     , 	BNT/BTC, 	2.665e-05, 	1155.1756299, 	2.652e-05, 	6.36699518, 	0.490196%, 	0.190000%, 	0.300196%
2020-04-08 13:16:41, 	Poloniex    , 	Binance     , 	BNT/BTC, 	2.665e-05, 	1155.1756299, 	2.652e-05, 	6.36699518, 	0.490196%, 	0.190000%, 	0.300196%
2020-04-08 13:16:56, 	Poloniex    , 	Binance     , 	BNT/BTC, 	2.665e-05, 	1150.6787799, 	2.65e-05, 	6.36699518, 	0.566038%, 	0.190000%, 	0.376038%
2020-04-08 13:17:11, 	Poloniex    , 	Binance     , 	BNT/BTC, 	2.665e-05, 	1150.6787799, 	2.649e-05, 	6.36699518, 	0.604002%, 	0.190000%, 	0.414002%
2020-04-08 13:17:26, 	Poloniex    , 	Binance     , 	BNT/BTC, 	2.665e-05, 	1150.6787799, 	2.649e-05, 	6.36699518, 	0.604002%, 	0.190000%, 	0.414002%
2020-04-08 13:17:41, 	Poloniex    , 	Binance     , 	BNT/BTC, 	2.665e-05, 	1150.6787799, 	2.649e-05, 	6.36699518, 	0.604002%, 	0.190000%, 	0.414002%
2020-04-08 13:17:56, 	Poloniex    , 	Binance     , 	BNT/BTC, 	2.665e-05, 	1150.6787799, 	2.649e-05, 	6.36699518, 	0.604002%, 	0.190000%, 	0.414002%
2020-04-08 13:18:11, 	Poloniex    , 	Binance     , 	BNT/BTC, 	2.665e-05, 	1150.6787799, 	2.649e-05, 	6.36699518, 	0.604002%, 	0.190000%, 	0.414002%
2020-04-08 13:18:26, 	Poloniex    , 	Binance     , 	BNT/BTC, 	2.665e-05, 	1150.6787799, 	2.649e-05, 	6.36699518, 	0.604002%, 	0.190000%, 	0.414002%
2020-04-08 13:18:41, 	Poloniex    , 	Binance     , 	BNT/BTC, 	2.665e-05, 	1150.6787799, 	2.649e-05, 	6.36699518, 	0.604002%, 	0.190000%, 	0.414002%
2020-04-08 13:18:56, 	Poloniex    , 	Binance     , 	BNT/BTC, 	2.665e-05, 	1150.6787799, 	2.652e-05, 	6.36699518, 	0.490196%, 	0.190000%, 	0.300196%
2020-04-08 13:19:11, 	Poloniex    , 	Binance     , 	BNT/BTC, 	2.665e-05, 	1150.6787799, 	2.652e-05, 	6.36699518, 	0.490196%, 	0.190000%, 	0.300196%
2020-04-08 13:19:26, 	Poloniex    , 	Binance     , 	BNT/BTC, 	2.665e-05, 	1150.6787799, 	2.652e-05, 	6.36699518, 	0.490196%, 	0.190000%, 	0.300196%
2020-04-08 13:19:41, 	Poloniex    , 	Binance     , 	BNT/BTC, 	2.665e-05, 	1150.6787799, 	2.652e-05, 	6.36699518, 	0.490196%, 	0.190000%, 	0.300196%
2020-04-08 13:19:56, 	Poloniex    , 	Binance     , 	BNT/BTC, 	2.665e-05, 	1150.6787799, 	2.652e-05, 	6.36699518, 	0.490196%, 	0.190000%, 	0.300196%
2020-04-08 13:20:11, 	Poloniex    , 	Binance     , 	BNT/BTC, 	2.665e-05, 	1150.6787799, 	2.652e-05, 	6.36699518, 	0.490196%, 	0.190000%, 	0.300196%
2020-04-08 13:20:26, 	Poloniex    , 	Binance     , 	BNT/BTC, 	2.665e-05, 	1150.6787799, 	2.652e-05, 	6.36699518, 	0.490196%, 	0.190000%, 	0.300196%
2020-04-08 13:20:41, 	Poloniex    , 	Binance     , 	BNT/BTC, 	2.665e-05, 	1150.6787799, 	2.652e-05, 	6.36699518, 	0.490196%, 	0.190000%, 	0.300196%
2020-04-08 13:20:56, 	Poloniex    , 	Binance     , 	BNT/BTC, 	2.665e-05, 	1150.6787799, 	2.652e-05, 	6.36699518, 	0.490196%, 	0.190000%, 	0.300196%
2020-04-08 13:21:11, 	Poloniex    , 	Binance     , 	BNT/BTC, 	2.665e-05, 	1150.6787799, 	2.652e-05, 	6.36699518, 	0.490196%, 	0.190000%, 	0.300196%
2020-04-08 13:21:26, 	Poloniex    , 	Binance     , 	BNT/BTC, 	2.665e-05, 	1150.6787799, 	2.652e-05, 	6.36699518, 	0.490196%, 	0.190000%, 	0.300196%
2020-04-08 13:21:41, 	Poloniex    , 	Binance     , 	BNT/BTC, 	2.665e-05, 	1150.6787799, 	2.652e-05, 	6.36699518, 	0.490196%, 	0.190000%, 	0.300196%
2020-04-08 13:21:56, 	Poloniex    , 	Binance     , 	BNT/BTC, 	2.665e-05, 	1150.6787799, 	2.655e-05, 	6.36699518, 	0.376648%, 	0.190000%, 	0.186648%
2020-04-08 13:22:11, 	Poloniex    , 	Binance     , 	BNT/BTC, 	2.665e-05, 	1150.6787799, 	2.655e-05, 	6.36699518, 	0.376648%, 	0.190000%, 	0.186648%
2020-04-08 13:22:26, 	Poloniex    , 	Binance     , 	BNT/BTC, 	2.665e-05, 	1150.6787799, 	2.655e-05, 	6.36699518, 	0.376648%, 	0.190000%, 	0.186648%
2020-04-08 13:22:41, 	Poloniex    , 	Binance     , 	BNT/BTC, 	2.665e-05, 	1150.6787799, 	2.655e-05, 	6.36699518, 	0.376648%, 	0.190000%, 	0.186648%
2020-04-08 13:22:56, 	Poloniex    , 	Binance     , 	BNT/BTC, 	2.665e-05, 	1150.6787799, 	2.655e-05, 	6.36699518, 	0.376648%, 	0.190000%, 	0.186648%
2020-04-08 13:23:11, 	Poloniex    , 	Binance     , 	BNT/BTC, 	2.665e-05, 	1150.6787799, 	2.655e-05, 	6.36699518, 	0.376648%, 	0.190000%, 	0.186648%
2020-04-08 13:23:26, 	Poloniex    , 	Binance     , 	BNT/BTC, 	2.665e-05, 	1150.6787799, 	2.655e-05, 	6.36699518, 	0.376648%, 	0.190000%, 	0.186648%
2020-04-08 13:23:41, 	Poloniex    , 	Binance     , 	BNT/BTC, 	2.665e-05, 	1150.6787799, 	2.655e-05, 	6.36699518, 	0.376648%, 	0.190000%, 	0.186648%
2020-04-08 13:23:56, 	Poloniex    , 	Binance     , 	BNT/BTC, 	2.665e-05, 	1150.6787799, 	2.655e-05, 	6.36699518, 	0.376648%, 	0.190000%, 	0.186648%
2020-04-08 13:24:11, 	Poloniex    , 	Binance     , 	BNT/BTC, 	2.665e-05, 	1150.6787799, 	2.655e-05, 	6.36699518, 	0.376648%, 	0.190000%, 	0.186648%
2020-04-08 13:24:26, 	Poloniex    , 	Binance     , 	BNT/BTC, 	2.665e-05, 	1150.6787799, 	2.655e-05, 	6.36699518, 	0.376648%, 	0.190000%, 	0.186648%
2020-04-08 13:24:41, 	Poloniex    , 	Binance     , 	BNT/BTC, 	2.665e-05, 	1150.6787799, 	2.655e-05, 	6.36699518, 	0.376648%, 	0.190000%, 	0.186648%
2020-04-08 13:24:56, 	Poloniex    , 	Binance     , 	BNT/BTC, 	2.665e-05, 	1150.6787799, 	2.655e-05, 	6.36699518, 	0.376648%, 	0.190000%, 	0.186648%
2020-04-08 13:25:11, 	Poloniex    , 	Binance     , 	BNT/BTC, 	2.665e-05, 	1150.6787799, 	2.655e-05, 	6.36699518, 	0.376648%, 	0.190000%, 	0.186648%
2020-04-08 13:25:26, 	Poloniex    , 	Binance     , 	BNT/BTC, 	2.665e-05, 	1150.6787799, 	2.655e-05, 	6.36699518, 	0.376648%, 	0.190000%, 	0.186648%
2020-04-08 13:25:41, 	Poloniex    , 	Binance     , 	BNT/BTC, 	2.665e-05, 	1150.6787799, 	2.655e-05, 	6.36699518, 	0.376648%, 	0.190000%, 	0.186648%
2020-04-08 13:25:56, 	Poloniex    , 	Binance     , 	BNT/BTC, 	2.665e-05, 	1150.6787799, 	2.655e-05, 	6.36699518, 	0.376648%, 	0.190000%, 	0.186648%
2020-04-08 13:26:11, 	Poloniex    , 	Binance     , 	BNT/BTC, 	2.665e-05, 	1150.6787799, 	2.655e-05, 	6.36699518, 	0.376648%, 	0.190000%, 	0.186648%
2020-04-08 13:26:26, 	Poloniex    , 	Binance     , 	BNT/BTC, 	2.665e-05, 	1150.6787799, 	2.655e-05, 	6.36699518, 	0.376648%, 	0.190000%, 	0.186648%
2020-04-08 13:26:41, 	Poloniex    , 	Binance     , 	BNT/BTC, 	2.665e-05, 	1150.6787799, 	2.655e-05, 	6.36699518, 	0.376648%, 	0.190000%, 	0.186648%
2020-04-08 13:26:56, 	Poloniex    , 	Binance     , 	BNT/BTC, 	2.665e-05, 	1150.6787799, 	2.655e-05, 	6.36699518, 	0.376648%, 	0.190000%, 	0.186648%
2020-04-08 13:27:11, 	Poloniex    , 	Binance     , 	BNT/BTC, 	2.665e-05, 	1150.6787799, 	2.655e-05, 	6.36699518, 	0.376648%, 	0.190000%, 	0.186648%
2020-04-08 13:27:26, 	Poloniex    , 	Binance     , 	BNT/BTC, 	2.665e-05, 	1150.6787799, 	2.655e-05, 	6.36699518, 	0.376648%, 	0.190000%, 	0.186648%
2020-04-08 13:27:41, 	Poloniex    , 	Binance     , 	BNT/BTC, 	2.665e-05, 	1150.6787799, 	2.655e-05, 	6.36699518, 	0.376648%, 	0.190000%, 	0.186648%
2020-04-08 13:27:56, 	Poloniex    , 	Binance     , 	BNT/BTC, 	2.665e-05, 	1150.6787799, 	2.655e-05, 	6.36699518, 	0.376648%, 	0.190000%, 	0.186648%
2020-04-08 13:28:11, 	Poloniex    , 	Binance     , 	BNT/BTC, 	2.665e-05, 	1150.6787799, 	2.655e-05, 	6.36699518, 	0.376648%, 	0.190000%, 	0.186648%
2020-04-08 13:28:26, 	Poloniex    , 	Binance     , 	BNT/BTC, 	2.665e-05, 	1150.6787799, 	2.655e-05, 	6.36699518, 	0.376648%, 	0.190000%, 	0.186648%
2020-04-08 13:28:41, 	Poloniex    , 	Binance     , 	BNT/BTC, 	2.665e-05, 	1150.6787799, 	2.655e-05, 	6.36699518, 	0.376648%, 	0.190000%, 	0.186648%
2020-04-08 13:28:56, 	Poloniex    , 	Binance     , 	BNT/BTC, 	2.665e-05, 	1150.6787799, 	2.655e-05, 	6.36699518, 	0.376648%, 	0.190000%, 	0.186648%
2020-04-08 13:29:11, 	Poloniex    , 	Binance     , 	BNT/BTC, 	2.665e-05, 	1150.6787799, 	2.655e-05, 	6.36699518, 	0.376648%, 	0.190000%, 	0.186648%
2020-04-08 13:29:26, 	Poloniex    , 	Binance     , 	BNT/BTC, 	2.665e-05, 	1150.6787799, 	2.655e-05, 	6.36699518, 	0.376648%, 	0.190000%, 	0.186648%
2020-04-08 13:29:41, 	Poloniex    , 	Binance     , 	BNT/BTC, 	2.665e-05, 	1150.6787799, 	2.655e-05, 	6.36699518, 	0.376648%, 	0.190000%, 	0.186648%
2020-04-08 13:29:56, 	Poloniex    , 	Binance     , 	BNT/BTC, 	2.665e-05, 	1150.6787799, 	2.655e-05, 	6.36699518, 	0.376648%, 	0.190000%, 	0.186648%
2020-04-08 13:30:11, 	Poloniex    , 	Binance     , 	BNT/BTC, 	2.665e-05, 	1150.6787799, 	2.655e-05, 	6.36699518, 	0.376648%, 	0.190000%, 	0.186648%
2020-04-08 13:30:26, 	Poloniex    , 	Binance     , 	BNT/BTC, 	2.665e-05, 	1150.6787799, 	2.655e-05, 	6.36699518, 	0.376648%, 	0.190000%, 	0.186648%
2020-04-08 13:30:41, 	Poloniex    , 	Binance     , 	BNT/BTC, 	2.665e-05, 	1150.6787799, 	2.655e-05, 	6.36699518, 	0.376648%, 	0.190000%, 	0.186648%
2020-04-08 13:30:56, 	Poloniex    , 	Binance     , 	BNT/BTC, 	2.665e-05, 	1150.6787799, 	2.655e-05, 	6.36699518, 	0.376648%, 	0.190000%, 	0.186648%
2020-04-08 13:31:11, 	Poloniex    , 	Binance     , 	BNT/BTC, 	2.665e-05, 	1150.6787799, 	2.655e-05, 	6.36699518, 	0.376648%, 	0.190000%, 	0.186648%
2020-04-08 13:31:26, 	Poloniex    , 	Binance     , 	BNT/BTC, 	2.665e-05, 	1150.6787799, 	2.655e-05, 	6.36699518, 	0.376648%, 	0.190000%, 	0.186648%
2020-04-08 13:31:41, 	Poloniex    , 	Binance     , 	BNT/BTC, 	2.665e-05, 	1150.6787799, 	2.655e-05, 	6.36699518, 	0.376648%, 	0.190000%, 	0.186648%
2020-04-08 13:31:56, 	Poloniex    , 	Binance     , 	BNT/BTC, 	2.665e-05, 	1150.6787799, 	2.655e-05, 	6.36699518, 	0.376648%, 	0.190000%, 	0.186648%
2020-04-08 13:32:11, 	Poloniex    , 	Binance     , 	BNT/BTC, 	2.665e-05, 	1150.6787799, 	2.655e-05, 	6.36699518, 	0.376648%, 	0.190000%, 	0.186648%
2020-04-08 13:32:26, 	Poloniex    , 	Binance     , 	BNT/BTC, 	2.665e-05, 	1150.6787799, 	2.655e-05, 	6.36699518, 	0.376648%, 	0.190000%, 	0.186648%
2020-04-08 13:32:41, 	Poloniex    , 	Binance     , 	BNT/BTC, 	2.665e-05, 	1150.6787799, 	2.655e-05, 	6.36699518, 	0.376648%, 	0.190000%, 	0.186648%
2020-04-08 13:32:56, 	Poloniex    , 	Binance     , 	BNT/BTC, 	2.665e-05, 	1150.6787799, 	2.655e-05, 	6.36699518, 	0.376648%, 	0.190000%, 	0.186648%
2020-04-08 13:33:11, 	Poloniex    , 	Binance     , 	BNT/BTC, 	2.665e-05, 	1150.6787799, 	2.655e-05, 	6.36699518, 	0.376648%, 	0.190000%, 	0.186648%
2020-04-08 13:33:26, 	Poloniex    , 	Binance     , 	BNT/BTC, 	2.665e-05, 	1150.6787799, 	2.655e-05, 	6.36699518, 	0.376648%, 	0.190000%, 	0.186648%
2020-04-08 13:33:41, 	Poloniex    , 	Binance     , 	BNT/BTC, 	2.665e-05, 	1150.6787799, 	2.655e-05, 	6.36699518, 	0.376648%, 	0.190000%, 	0.186648%
2020-04-08 13:33:57, 	Poloniex    , 	Binance     , 	BNT/BTC, 	2.665e-05, 	1150.6787799, 	2.655e-05, 	6.36699518, 	0.376648%, 	0.190000%, 	0.186648%
2020-04-08 13:34:12, 	Poloniex    , 	Binance     , 	BNT/BTC, 	2.665e-05, 	1150.6787799, 	2.655e-05, 	6.36699518, 	0.376648%, 	0.190000%, 	0.186648%
2020-04-08 13:34:27, 	Poloniex    , 	Binance     , 	BNT/BTC, 	2.665e-05, 	1150.6787799, 	2.655e-05, 	6.36699518, 	0.376648%, 	0.190000%, 	0.186648%
2020-04-08 13:34:42, 	Poloniex    , 	Binance     , 	BNT/BTC, 	2.665e-05, 	1150.6787799, 	2.655e-05, 	6.36699518, 	0.376648%, 	0.190000%, 	0.186648%
2020-04-08 13:34:57, 	Poloniex    , 	Binance     , 	BNT/BTC, 	2.665e-05, 	1150.6787799, 	2.655e-05, 	6.36699518, 	0.376648%, 	0.190000%, 	0.186648%
2020-04-08 13:35:12, 	Poloniex    , 	Binance     , 	BNT/BTC, 	2.665e-05, 	1150.6787799, 	2.655e-05, 	6.36699518, 	0.376648%, 	0.190000%, 	0.186648%
2020-04-08 13:35:27, 	Poloniex    , 	Binance     , 	BNT/BTC, 	2.665e-05, 	1150.6787799, 	2.655e-05, 	6.36699518, 	0.376648%, 	0.190000%, 	0.186648%
2020-04-08 13:35:42, 	Poloniex    , 	Binance     , 	BNT/BTC, 	2.665e-05, 	1150.6787799, 	2.655e-05, 	6.36699518, 	0.376648%, 	0.190000%, 	0.186648%
2020-04-08 13:35:57, 	Poloniex    , 	Binance     , 	BNT/BTC, 	2.665e-05, 	1150.6787799, 	2.655e-05, 	6.36699518, 	0.376648%, 	0.190000%, 	0.186648%
2020-04-08 13:36:12, 	Poloniex    , 	Binance     , 	BNT/BTC, 	2.665e-05, 	1150.6787799, 	2.655e-05, 	6.36699518, 	0.376648%, 	0.190000%, 	0.186648%
2020-04-08 13:36:27, 	Poloniex    , 	Binance     , 	BNT/BTC, 	2.665e-05, 	1150.6787799, 	2.655e-05, 	6.36699518, 	0.376648%, 	0.190000%, 	0.186648%
2020-04-08 13:36:42, 	Poloniex    , 	Binance     , 	BNT/BTC, 	2.665e-05, 	1150.6787799, 	2.655e-05, 	6.36699518, 	0.376648%, 	0.190000%, 	0.186648%
2020-04-08 13:36:57, 	Poloniex    , 	Binance     , 	BNT/BTC, 	2.665e-05, 	1150.6787799, 	2.655e-05, 	6.36699518, 	0.376648%, 	0.190000%, 	0.186648%
2020-04-08 13:37:12, 	Poloniex    , 	Binance     , 	BNT/BTC, 	2.665e-05, 	1150.6787799, 	2.655e-05, 	6.36699518, 	0.376648%, 	0.190000%, 	0.186648%
2020-04-08 13:37:27, 	Poloniex    , 	Binance     , 	BNT/BTC, 	2.665e-05, 	1150.6787799, 	2.655e-05, 	6.36699518, 	0.376648%, 	0.190000%, 	0.186648%
2020-04-08 13:37:42, 	Poloniex    , 	Binance     , 	BNT/BTC, 	2.665e-05, 	1150.6787799, 	2.655e-05, 	6.36699518, 	0.376648%, 	0.190000%, 	0.186648%
2020-04-08 13:37:57, 	Poloniex    , 	Binance     , 	BNT/BTC, 	2.665e-05, 	1150.6787799, 	2.655e-05, 	6.36699518, 	0.376648%, 	0.190000%, 	0.186648%
2020-04-08 13:38:12, 	Poloniex    , 	Binance     , 	BNT/BTC, 	2.665e-05, 	1150.6787799, 	2.655e-05, 	6.36699518, 	0.376648%, 	0.190000%, 	0.186648%
2020-04-08 13:38:27, 	Poloniex    , 	Binance     , 	BNT/BTC, 	2.665e-05, 	1150.6787799, 	2.655e-05, 	6.36699518, 	0.376648%, 	0.190000%, 	0.186648%
2020-04-08 13:38:42, 	Poloniex    , 	Binance     , 	BNT/BTC, 	2.665e-05, 	1150.6787799, 	2.655e-05, 	6.36699518, 	0.376648%, 	0.190000%, 	0.186648%
2020-04-08 13:38:57, 	Poloniex    , 	Binance     , 	BNT/BTC, 	2.665e-05, 	1150.6787799, 	2.655e-05, 	6.36699518, 	0.376648%, 	0.190000%, 	0.186648%
2020-04-08 13:39:12, 	Poloniex    , 	Binance     , 	BNT/BTC, 	2.665e-05, 	1150.6787799, 	2.655e-05, 	6.36699518, 	0.376648%, 	0.190000%, 	0.186648%
2020-04-08 13:39:27, 	Poloniex    , 	Binance     , 	BNT/BTC, 	2.665e-05, 	1150.6787799, 	2.655e-05, 	6.36699518, 	0.376648%, 	0.190000%, 	0.186648%
2020-04-08 13:39:42, 	Poloniex    , 	Binance     , 	BNT/BTC, 	2.665e-05, 	1150.6787799, 	2.655e-05, 	6.36699518, 	0.376648%, 	0.190000%, 	0.186648%
2020-04-08 13:39:57, 	Poloniex    , 	Binance     , 	BNT/BTC, 	2.665e-05, 	1150.6787799, 	2.655e-05, 	6.36699518, 	0.376648%, 	0.190000%, 	0.186648%
2020-04-08 13:40:12, 	Poloniex    , 	Binance     , 	BNT/BTC, 	2.665e-05, 	1150.6787799, 	2.655e-05, 	6.36699518, 	0.376648%, 	0.190000%, 	0.186648%
2020-04-08 13:40:27, 	Poloniex    , 	Binance     , 	BNT/BTC, 	2.665e-05, 	1150.6787799, 	2.655e-05, 	6.36699518, 	0.376648%, 	0.190000%, 	0.186648%
2020-04-08 13:40:42, 	Poloniex    , 	Binance     , 	BNT/BTC, 	2.665e-05, 	1150.6787799, 	2.655e-05, 	6.36699518, 	0.376648%, 	0.190000%, 	0.186648%
2020-04-08 13:40:57, 	Poloniex    , 	Binance     , 	BNT/BTC, 	2.665e-05, 	1150.6787799, 	2.655e-05, 	6.36699518, 	0.376648%, 	0.190000%, 	0.186648%
2020-04-08 13:41:12, 	Poloniex    , 	Binance     , 	BNT/BTC, 	2.665e-05, 	1150.6787799, 	2.655e-05, 	6.36699518, 	0.376648%, 	0.190000%, 	0.186648%
2020-04-08 13:41:27, 	Poloniex    , 	Binance     , 	BNT/BTC, 	2.665e-05, 	1150.6787799, 	2.655e-05, 	6.36699518, 	0.376648%, 	0.190000%, 	0.186648%
2020-04-08 13:41:42, 	Poloniex    , 	Binance     , 	BNT/BTC, 	2.665e-05, 	1150.6787799, 	2.655e-05, 	6.36699518, 	0.376648%, 	0.190000%, 	0.186648%
2020-04-08 13:41:57, 	Poloniex    , 	Binance     , 	BNT/BTC, 	2.665e-05, 	1150.6787799, 	2.655e-05, 	6.36699518, 	0.376648%, 	0.190000%, 	0.186648%
2020-04-08 13:42:12, 	Poloniex    , 	Binance     , 	BNT/BTC, 	2.665e-05, 	1150.6787799, 	2.655e-05, 	6.36699518, 	0.376648%, 	0.190000%, 	0.186648%
2020-04-08 13:42:27, 	Poloniex    , 	Binance     , 	BNT/BTC, 	2.665e-05, 	1150.6787799, 	2.655e-05, 	6.36699518, 	0.376648%, 	0.190000%, 	0.186648%
2020-04-08 13:42:42, 	Poloniex    , 	Binance     , 	BNT/BTC, 	2.665e-05, 	1150.6787799, 	2.655e-05, 	6.36699518, 	0.376648%, 	0.190000%, 	0.186648%
2020-04-08 13:42:57, 	Poloniex    , 	Binance     , 	BNT/BTC, 	2.665e-05, 	1150.6787799, 	2.655e-05, 	6.36699518, 	0.376648%, 	0.190000%, 	0.186648%
2020-04-08 13:43:12, 	Poloniex    , 	Binance     , 	BNT/BTC, 	2.665e-05, 	1150.6787799, 	2.655e-05, 	6.36699518, 	0.376648%, 	0.190000%, 	0.186648%
2020-04-08 13:43:27, 	Poloniex    , 	Binance     , 	BNT/BTC, 	2.665e-05, 	1150.6787799, 	2.655e-05, 	6.36699518, 	0.376648%, 	0.190000%, 	0.186648%
2020-04-08 13:43:42, 	Poloniex    , 	Binance     , 	BNT/BTC, 	2.665e-05, 	1150.6787799, 	2.655e-05, 	6.36699518, 	0.376648%, 	0.190000%, 	0.186648%
2020-04-08 13:43:57, 	Poloniex    , 	Binance     , 	BNT/BTC, 	2.665e-05, 	1150.6787799, 	2.655e-05, 	6.36699518, 	0.376648%, 	0.190000%, 	0.186648%
2020-04-08 13:44:12, 	Poloniex    , 	Binance     , 	BNT/BTC, 	2.665e-05, 	1150.6787799, 	2.655e-05, 	6.36699518, 	0.376648%, 	0.190000%, 	0.186648%
2020-04-08 13:44:27, 	Poloniex    , 	Binance     , 	BNT/BTC, 	2.665e-05, 	1150.6787799, 	2.655e-05, 	6.36699518, 	0.376648%, 	0.190000%, 	0.186648%
2020-04-08 13:44:42, 	Poloniex    , 	Binance     , 	BNT/BTC, 	2.665e-05, 	1150.6787799, 	2.655e-05, 	6.36699518, 	0.376648%, 	0.190000%, 	0.186648%
2020-04-08 13:44:57, 	Poloniex    , 	Binance     , 	BNT/BTC, 	2.665e-05, 	1150.6787799, 	2.655e-05, 	6.36699518, 	0.376648%, 	0.190000%, 	0.186648%
2020-04-08 13:45:12, 	Poloniex    , 	Binance     , 	BNT/BTC, 	2.665e-05, 	1150.6787799, 	2.655e-05, 	6.36699518, 	0.376648%, 	0.190000%, 	0.186648%
2020-04-08 13:45:27, 	Poloniex    , 	Binance     , 	BNT/BTC, 	2.665e-05, 	1150.6787799, 	2.655e-05, 	6.36699518, 	0.376648%, 	0.190000%, 	0.186648%
2020-04-08 13:45:42, 	Poloniex    , 	Binance     , 	BNT/BTC, 	2.665e-05, 	1150.6787799, 	2.655e-05, 	6.36699518, 	0.376648%, 	0.190000%, 	0.186648%
2020-04-08 13:45:57, 	Poloniex    , 	Binance     , 	BNT/BTC, 	2.665e-05, 	1150.6787799, 	2.655e-05, 	6.36699518, 	0.376648%, 	0.190000%, 	0.186648%
2020-04-08 13:46:12, 	Poloniex    , 	Binance     , 	BNT/BTC, 	2.665e-05, 	1150.6787799, 	2.655e-05, 	6.36699518, 	0.376648%, 	0.190000%, 	0.186648%
2020-04-08 13:46:27, 	Poloniex    , 	Binance     , 	BNT/BTC, 	2.665e-05, 	1150.6787799, 	2.655e-05, 	6.36699518, 	0.376648%, 	0.190000%, 	0.186648%
2020-04-08 13:46:42, 	Poloniex    , 	Binance     , 	BNT/BTC, 	2.665e-05, 	1150.6787799, 	2.655e-05, 	6.36699518, 	0.376648%, 	0.190000%, 	0.186648%
2020-04-08 13:46:57, 	Poloniex    , 	Binance     , 	BNT/BTC, 	2.665e-05, 	1150.6787799, 	2.655e-05, 	6.36699518, 	0.376648%, 	0.190000%, 	0.186648%
2020-04-08 13:47:12, 	Poloniex    , 	Binance     , 	BNT/BTC, 	2.665e-05, 	1150.6787799, 	2.655e-05, 	6.36699518, 	0.376648%, 	0.190000%, 	0.186648%
2020-04-08 13:47:27, 	Poloniex    , 	Binance     , 	BNT/BTC, 	2.665e-05, 	1150.6787799, 	2.655e-05, 	6.36699518, 	0.376648%, 	0.190000%, 	0.186648%
2020-04-08 13:47:42, 	Poloniex    , 	Binance     , 	BNT/BTC, 	2.665e-05, 	1150.6787799, 	2.655e-05, 	6.36699518, 	0.376648%, 	0.190000%, 	0.186648%
2020-04-08 13:47:57, 	Poloniex    , 	Binance     , 	BNT/BTC, 	2.665e-05, 	1150.6787799, 	2.655e-05, 	6.36699518, 	0.376648%, 	0.190000%, 	0.186648%
2020-04-08 13:48:12, 	Poloniex    , 	Binance     , 	BNT/BTC, 	2.665e-05, 	1150.6787799, 	2.655e-05, 	6.36699518, 	0.376648%, 	0.190000%, 	0.186648%
2020-04-08 13:48:27, 	Poloniex    , 	Binance     , 	BNT/BTC, 	2.665e-05, 	1150.6787799, 	2.655e-05, 	6.36699518, 	0.376648%, 	0.190000%, 	0.186648%
2020-04-08 13:48:42, 	Poloniex    , 	Binance     , 	BNT/BTC, 	2.665e-05, 	1150.6787799, 	2.655e-05, 	6.36699518, 	0.376648%, 	0.190000%, 	0.186648%
2020-04-08 13:48:57, 	Poloniex    , 	Binance     , 	BNT/BTC, 	2.665e-05, 	1150.6787799, 	2.655e-05, 	6.36699518, 	0.376648%, 	0.190000%, 	0.186648%
2020-04-08 13:49:12, 	Poloniex    , 	Binance     , 	BNT/BTC, 	2.665e-05, 	1150.6787799, 	2.655e-05, 	6.36699518, 	0.376648%, 	0.190000%, 	0.186648%
2020-04-08 13:49:27, 	Poloniex    , 	Binance     , 	BNT/BTC, 	2.665e-05, 	1150.6787799, 	2.655e-05, 	6.36699518, 	0.376648%, 	0.190000%, 	0.186648%
2020-04-08 13:49:42, 	Poloniex    , 	Binance     , 	BNT/BTC, 	2.665e-05, 	1150.6787799, 	2.655e-05, 	6.36699518, 	0.376648%, 	0.190000%, 	0.186648%
2020-04-08 13:49:57, 	Poloniex    , 	Binance     , 	BNT/BTC, 	2.665e-05, 	1150.6787799, 	2.655e-05, 	6.36699518, 	0.376648%, 	0.190000%, 	0.186648%
2020-04-08 13:50:12, 	Poloniex    , 	Binance     , 	BNT/BTC, 	2.665e-05, 	1150.6787799, 	2.655e-05, 	6.36699518, 	0.376648%, 	0.190000%, 	0.186648%
2020-04-08 13:50:27, 	Poloniex    , 	Binance     , 	BNT/BTC, 	2.665e-05, 	1150.6787799, 	2.655e-05, 	6.36699518, 	0.376648%, 	0.190000%, 	0.186648%
2020-04-08 13:50:42, 	Poloniex    , 	Binance     , 	BNT/BTC, 	2.665e-05, 	1150.6787799, 	2.655e-05, 	6.36699518, 	0.376648%, 	0.190000%, 	0.186648%
2020-04-08 13:50:57, 	Poloniex    , 	Binance     , 	BNT/BTC, 	2.665e-05, 	1150.6787799, 	2.655e-05, 	6.36699518, 	0.376648%, 	0.190000%, 	0.186648%
2020-04-08 13:51:12, 	Poloniex    , 	Binance     , 	BNT/BTC, 	2.665e-05, 	1150.6787799, 	2.655e-05, 	6.36699518, 	0.376648%, 	0.190000%, 	0.186648%
2020-04-08 13:51:27, 	Poloniex    , 	Binance     , 	BNT/BTC, 	2.665e-05, 	1150.6787799, 	2.655e-05, 	6.36699518, 	0.376648%, 	0.190000%, 	0.186648%
2020-04-08 13:51:42, 	Poloniex    , 	Binance     , 	BNT/BTC, 	2.665e-05, 	1150.6787799, 	2.655e-05, 	6.36699518, 	0.376648%, 	0.190000%, 	0.186648%
2020-04-08 13:51:57, 	Poloniex    , 	Binance     , 	BNT/BTC, 	2.665e-05, 	1150.6787799, 	2.655e-05, 	6.36699518, 	0.376648%, 	0.190000%, 	0.186648%
2020-04-08 13:52:12, 	Poloniex    , 	Binance     , 	BNT/BTC, 	2.665e-05, 	1150.6787799, 	2.655e-05, 	6.36699518, 	0.376648%, 	0.190000%, 	0.186648%
2020-04-08 13:52:27, 	Poloniex    , 	Binance     , 	BNT/BTC, 	2.665e-05, 	1150.6787799, 	2.655e-05, 	6.36699518, 	0.376648%, 	0.190000%, 	0.186648%
2020-04-08 13:52:42, 	Poloniex    , 	Binance     , 	BNT/BTC, 	2.665e-05, 	1150.6787799, 	2.655e-05, 	6.36699518, 	0.376648%, 	0.190000%, 	0.186648%
2020-04-08 13:52:57, 	Poloniex    , 	Binance     , 	BNT/BTC, 	2.665e-05, 	1150.6787799, 	2.655e-05, 	6.36699518, 	0.376648%, 	0.190000%, 	0.186648%
2020-04-08 13:53:12, 	Poloniex    , 	Binance     , 	BNT/BTC, 	2.665e-05, 	1150.6787799, 	2.655e-05, 	6.36699518, 	0.376648%, 	0.190000%, 	0.186648%
2020-04-08 13:53:27, 	Poloniex    , 	Binance     , 	BNT/BTC, 	2.665e-05, 	1150.6787799, 	2.655e-05, 	6.36699518, 	0.376648%, 	0.190000%, 	0.186648%
2020-04-08 13:53:42, 	Poloniex    , 	Binance     , 	BNT/BTC, 	2.665e-05, 	1150.6787799, 	2.655e-05, 	6.36699518, 	0.376648%, 	0.190000%, 	0.186648%
2020-04-08 13:53:57, 	Poloniex    , 	Binance     , 	BNT/BTC, 	2.665e-05, 	1150.6787799, 	2.655e-05, 	6.36699518, 	0.376648%, 	0.190000%, 	0.186648%
2020-04-08 13:54:12, 	Poloniex    , 	Binance     , 	BNT/BTC, 	2.665e-05, 	1150.6787799, 	2.655e-05, 	6.36699518, 	0.376648%, 	0.190000%, 	0.186648%
2020-04-08 13:54:27, 	Poloniex    , 	Binance     , 	BNT/BTC, 	2.665e-05, 	1150.6787799, 	2.655e-05, 	6.36699518, 	0.376648%, 	0.190000%, 	0.186648%
2020-04-08 13:54:42, 	Poloniex    , 	Binance     , 	BNT/BTC, 	2.665e-05, 	1150.6787799, 	2.655e-05, 	6.36699518, 	0.376648%, 	0.190000%, 	0.186648%
2020-04-08 13:54:57, 	Poloniex    , 	Binance     , 	BNT/BTC, 	2.665e-05, 	1150.6787799, 	2.655e-05, 	6.36699518, 	0.376648%, 	0.190000%, 	0.186648%
2020-04-08 13:55:12, 	Poloniex    , 	Binance     , 	BNT/BTC, 	2.665e-05, 	1150.6787799, 	2.655e-05, 	6.36699518, 	0.376648%, 	0.190000%, 	0.186648%
2020-04-08 13:55:27, 	Poloniex    , 	Binance     , 	BNT/BTC, 	2.665e-05, 	1150.6787799, 	2.655e-05, 	6.36699518, 	0.376648%, 	0.190000%, 	0.186648%
2020-04-08 13:55:42, 	Poloniex    , 	Binance     , 	BNT/BTC, 	2.665e-05, 	1150.6787799, 	2.655e-05, 	6.36699518, 	0.376648%, 	0.190000%, 	0.186648%
2020-04-08 13:55:57, 	Poloniex    , 	Binance     , 	BNT/BTC, 	2.665e-05, 	1150.6787799, 	2.654e-05, 	6.36699518, 	0.414469%, 	0.190000%, 	0.224469%
2020-04-08 13:56:12, 	Poloniex    , 	Binance     , 	BNT/BTC, 	2.665e-05, 	1150.6787799, 	2.654e-05, 	6.36699518, 	0.414469%, 	0.190000%, 	0.224469%
2020-04-08 13:56:27, 	Poloniex    , 	Binance     , 	BNT/BTC, 	2.665e-05, 	1150.6787799, 	2.654e-05, 	6.36699518, 	0.414469%, 	0.190000%, 	0.224469%
2020-04-08 13:56:42, 	Poloniex    , 	Binance     , 	BNT/BTC, 	2.665e-05, 	1150.6787799, 	2.655e-05, 	6.36699518, 	0.376648%, 	0.190000%, 	0.186648%
2020-04-08 13:56:57, 	Poloniex    , 	Binance     , 	BNT/BTC, 	2.665e-05, 	1150.6787799, 	2.655e-05, 	6.36699518, 	0.376648%, 	0.190000%, 	0.186648%
2020-04-08 13:57:12, 	Poloniex    , 	Binance     , 	BNT/BTC, 	2.665e-05, 	1150.6787799, 	2.655e-05, 	6.36699518, 	0.376648%, 	0.190000%, 	0.186648%
2020-04-08 13:57:27, 	Poloniex    , 	Binance     , 	BNT/BTC, 	2.665e-05, 	1150.6787799, 	2.654e-05, 	6.36699518, 	0.414469%, 	0.190000%, 	0.224469%
2020-04-08 13:57:42, 	Poloniex    , 	Binance     , 	BNT/BTC, 	2.665e-05, 	1150.6787799, 	2.655e-05, 	6.36699518, 	0.376648%, 	0.190000%, 	0.186648%
2020-04-08 13:57:57, 	Poloniex    , 	Binance     , 	BNT/BTC, 	2.665e-05, 	1150.6787799, 	2.655e-05, 	6.36699518, 	0.376648%, 	0.190000%, 	0.186648%
2020-04-08 13:58:12, 	Poloniex    , 	Binance     , 	BNT/BTC, 	2.665e-05, 	1150.6787799, 	2.655e-05, 	6.36699518, 	0.376648%, 	0.190000%, 	0.186648%
2020-04-08 13:58:27, 	Poloniex    , 	Binance     , 	BNT/BTC, 	2.665e-05, 	1150.6787799, 	2.655e-05, 	6.36699518, 	0.376648%, 	0.190000%, 	0.186648%
2020-04-08 13:58:42, 	Poloniex    , 	Binance     , 	BNT/BTC, 	2.665e-05, 	1150.6787799, 	2.655e-05, 	6.36699518, 	0.376648%, 	0.190000%, 	0.186648%
2020-04-08 13:58:57, 	Poloniex    , 	Binance     , 	BNT/BTC, 	2.665e-05, 	1150.6787799, 	2.655e-05, 	6.36699518, 	0.376648%, 	0.190000%, 	0.186648%
2020-04-08 13:59:12, 	Poloniex    , 	Binance     , 	BNT/BTC, 	2.665e-05, 	1150.6787799, 	2.655e-05, 	6.36699518, 	0.376648%, 	0.190000%, 	0.186648%
2020-04-08 13:59:27, 	Poloniex    , 	Binance     , 	BNT/BTC, 	2.665e-05, 	1150.6787799, 	2.655e-05, 	6.36699518, 	0.376648%, 	0.190000%, 	0.186648%
2020-04-08 13:59:42, 	Poloniex    , 	Binance     , 	BNT/BTC, 	2.665e-05, 	1150.6787799, 	2.655e-05, 	6.36699518, 	0.376648%, 	0.190000%, 	0.186648%
2020-04-08 13:59:57, 	Poloniex    , 	Binance     , 	BNT/BTC, 	2.665e-05, 	1150.6787799, 	2.655e-05, 	6.36699518, 	0.376648%, 	0.190000%, 	0.186648%
2020-04-08 14:00:12, 	Poloniex    , 	Binance     , 	BNT/BTC, 	2.665e-05, 	1150.6787799, 	2.655e-05, 	6.36699518, 	0.376648%, 	0.190000%, 	0.186648%
2020-04-08 14:00:27, 	Poloniex    , 	Binance     , 	BNT/BTC, 	2.665e-05, 	1150.6787799, 	2.655e-05, 	6.36699518, 	0.376648%, 	0.190000%, 	0.186648%
2020-04-08 14:00:42, 	Poloniex    , 	Binance     , 	BNT/BTC, 	2.665e-05, 	1150.6787799, 	2.655e-05, 	6.36699518, 	0.376648%, 	0.190000%, 	0.186648%
2020-04-08 14:00:57, 	Poloniex    , 	Binance     , 	BNT/BTC, 	2.665e-05, 	1150.6787799, 	2.655e-05, 	6.36699518, 	0.376648%, 	0.190000%, 	0.186648%
2020-04-08 14:01:12, 	Poloniex    , 	Binance     , 	BNT/BTC, 	2.665e-05, 	1150.6787799, 	2.655e-05, 	6.36699518, 	0.376648%, 	0.190000%, 	0.186648%
2020-04-08 14:01:27, 	Poloniex    , 	Binance     , 	BNT/BTC, 	2.665e-05, 	1150.6787799, 	2.655e-05, 	6.36699518, 	0.376648%, 	0.190000%, 	0.186648%
2020-04-08 14:01:42, 	Poloniex    , 	Binance     , 	BNT/BTC, 	2.665e-05, 	1150.6787799, 	2.655e-05, 	6.36699518, 	0.376648%, 	0.190000%, 	0.186648%
2020-04-08 14:01:57, 	Poloniex    , 	Binance     , 	BNT/BTC, 	2.665e-05, 	1150.6787799, 	2.655e-05, 	6.36699518, 	0.376648%, 	0.190000%, 	0.186648%
2020-04-08 14:02:12, 	Poloniex    , 	Binance     , 	BNT/BTC, 	2.665e-05, 	1150.6787799, 	2.655e-05, 	6.36699518, 	0.376648%, 	0.190000%, 	0.186648%
2020-04-08 14:02:27, 	Poloniex    , 	Binance     , 	BNT/BTC, 	2.665e-05, 	1150.6787799, 	2.655e-05, 	6.36699518, 	0.376648%, 	0.190000%, 	0.186648%
2020-04-08 14:02:42, 	Poloniex    , 	Binance     , 	BNT/BTC, 	2.665e-05, 	1150.6787799, 	2.65e-05, 	6.36699518, 	0.566038%, 	0.190000%, 	0.376038%
2020-04-08 14:02:57, 	Poloniex    , 	Binance     , 	BNT/BTC, 	2.665e-05, 	1150.6787799, 	2.65e-05, 	6.36699518, 	0.566038%, 	0.190000%, 	0.376038%
2020-04-08 14:03:12, 	Poloniex    , 	Binance     , 	BNT/BTC, 	2.665e-05, 	1150.6787799, 	2.65e-05, 	6.36699518, 	0.566038%, 	0.190000%, 	0.376038%
2020-04-08 14:03:27, 	Poloniex    , 	Binance     , 	BNT/BTC, 	2.665e-05, 	1150.6787799, 	2.651e-05, 	6.36699518, 	0.528103%, 	0.190000%, 	0.338103%
2020-04-08 14:03:42, 	Poloniex    , 	Binance     , 	BNT/BTC, 	2.665e-05, 	1150.6787799, 	2.651e-05, 	6.36699518, 	0.528103%, 	0.190000%, 	0.338103%
2020-04-08 14:03:57, 	Poloniex    , 	Binance     , 	BNT/BTC, 	2.665e-05, 	1150.6787799, 	2.651e-05, 	6.36699518, 	0.528103%, 	0.190000%, 	0.338103%
2020-04-08 14:04:12, 	Poloniex    , 	Binance     , 	BNT/BTC, 	2.665e-05, 	1150.6787799, 	2.651e-05, 	6.36699518, 	0.528103%, 	0.190000%, 	0.338103%
2020-04-08 14:04:27, 	Poloniex    , 	Binance     , 	BNT/BTC, 	2.665e-05, 	1150.6787799, 	2.651e-05, 	6.36699518, 	0.528103%, 	0.190000%, 	0.338103%
2020-04-08 14:04:42, 	Poloniex    , 	Binance     , 	BNT/BTC, 	2.665e-05, 	1150.6787799, 	2.651e-05, 	6.36699518, 	0.528103%, 	0.190000%, 	0.338103%
2020-04-08 14:04:57, 	Poloniex    , 	Binance     , 	BNT/BTC, 	2.665e-05, 	1150.6787799, 	2.651e-05, 	6.36699518, 	0.528103%, 	0.190000%, 	0.338103%
2020-04-08 14:05:12, 	Poloniex    , 	Binance     , 	BNT/BTC, 	2.665e-05, 	1150.6787799, 	2.651e-05, 	6.36699518, 	0.528103%, 	0.190000%, 	0.338103%
2020-04-08 14:05:27, 	Poloniex    , 	Binance     , 	BNT/BTC, 	2.665e-05, 	1150.6787799, 	2.651e-05, 	6.36699518, 	0.528103%, 	0.190000%, 	0.338103%
2020-04-08 14:05:42, 	Poloniex    , 	Binance     , 	BNT/BTC, 	2.665e-05, 	1150.6787799, 	2.651e-05, 	6.36699518, 	0.528103%, 	0.190000%, 	0.338103%
2020-04-08 14:05:57, 	Poloniex    , 	Binance     , 	BNT/BTC, 	2.665e-05, 	1150.6787799, 	2.651e-05, 	6.36699518, 	0.528103%, 	0.190000%, 	0.338103%
2020-04-08 14:06:12, 	Poloniex    , 	Binance     , 	BNT/BTC, 	2.665e-05, 	1150.6787799, 	2.651e-05, 	6.36699518, 	0.528103%, 	0.190000%, 	0.338103%
2020-04-08 14:06:27, 	Poloniex    , 	Binance     , 	BNT/BTC, 	2.665e-05, 	1150.6787799, 	2.65e-05, 	6.36699518, 	0.566038%, 	0.190000%, 	0.376038%
2020-04-08 14:06:42, 	Poloniex    , 	Binance     , 	BNT/BTC, 	2.665e-05, 	1150.6787799, 	2.65e-05, 	6.36699518, 	0.566038%, 	0.190000%, 	0.376038%
2020-04-08 14:06:57, 	Poloniex    , 	Binance     , 	BNT/BTC, 	2.665e-05, 	1150.6787799, 	2.651e-05, 	6.36699518, 	0.528103%, 	0.190000%, 	0.338103%
2020-04-08 14:07:12, 	Poloniex    , 	Binance     , 	BNT/BTC, 	2.665e-05, 	1150.6787799, 	2.651e-05, 	6.36699518, 	0.528103%, 	0.190000%, 	0.338103%
2020-04-08 14:07:27, 	Poloniex    , 	Binance     , 	BNT/BTC, 	2.665e-05, 	1150.6787799, 	2.65e-05, 	6.36699518, 	0.566038%, 	0.190000%, 	0.376038%
2020-04-08 14:07:42, 	Poloniex    , 	Binance     , 	BNT/BTC, 	2.665e-05, 	1150.6787799, 	2.65e-05, 	6.36699518, 	0.566038%, 	0.190000%, 	0.376038%
2020-04-08 14:07:57, 	Poloniex    , 	Binance     , 	BNT/BTC, 	2.665e-05, 	1150.6787799, 	2.651e-05, 	6.36699518, 	0.528103%, 	0.190000%, 	0.338103%
2020-04-08 14:08:12, 	Poloniex    , 	Binance     , 	BNT/BTC, 	2.665e-05, 	1150.6787799, 	2.651e-05, 	6.36699518, 	0.528103%, 	0.190000%, 	0.338103%
2020-04-08 14:08:27, 	Poloniex    , 	Binance     , 	BNT/BTC, 	2.665e-05, 	1150.6787799, 	2.65e-05, 	6.36699518, 	0.566038%, 	0.190000%, 	0.376038%
2020-04-08 14:08:42, 	Poloniex    , 	Binance     , 	BNT/BTC, 	2.665e-05, 	1150.6787799, 	2.65e-05, 	6.36699518, 	0.566038%, 	0.190000%, 	0.376038%
2020-04-08 14:08:57, 	Poloniex    , 	Binance     , 	BNT/BTC, 	2.665e-05, 	1150.6787799, 	2.651e-05, 	6.36699518, 	0.528103%, 	0.190000%, 	0.338103%
2020-04-08 14:09:12, 	Poloniex    , 	Binance     , 	BNT/BTC, 	2.665e-05, 	1150.6787799, 	2.651e-05, 	6.36699518, 	0.528103%, 	0.190000%, 	0.338103%
2020-04-08 14:09:27, 	Poloniex    , 	Binance     , 	BNT/BTC, 	2.665e-05, 	1150.6787799, 	2.65e-05, 	6.36699518, 	0.566038%, 	0.190000%, 	0.376038%
2020-04-08 14:09:42, 	Poloniex    , 	Binance     , 	BNT/BTC, 	2.665e-05, 	1150.6787799, 	2.651e-05, 	6.36699518, 	0.528103%, 	0.190000%, 	0.338103%
2020-04-08 14:09:57, 	Poloniex    , 	Binance     , 	BNT/BTC, 	2.665e-05, 	1150.6787799, 	2.651e-05, 	6.36699518, 	0.528103%, 	0.190000%, 	0.338103%
2020-04-08 14:10:12, 	Poloniex    , 	Binance     , 	BNT/BTC, 	2.665e-05, 	1150.6787799, 	2.651e-05, 	6.36699518, 	0.528103%, 	0.190000%, 	0.338103%
2020-04-08 14:10:27, 	Poloniex    , 	Binance     , 	BNT/BTC, 	2.665e-05, 	1150.6787799, 	2.65e-05, 	6.36699518, 	0.566038%, 	0.190000%, 	0.376038%
2020-04-08 14:10:42, 	Poloniex    , 	Binance     , 	BNT/BTC, 	2.665e-05, 	1150.6787799, 	2.65e-05, 	6.36699518, 	0.566038%, 	0.190000%, 	0.376038%
2020-04-08 14:10:57, 	Poloniex    , 	Binance     , 	BNT/BTC, 	2.665e-05, 	1150.6787799, 	2.651e-05, 	6.36699518, 	0.528103%, 	0.190000%, 	0.338103%
2020-04-08 14:11:12, 	Poloniex    , 	Binance     , 	BNT/BTC, 	2.665e-05, 	1150.6787799, 	2.651e-05, 	6.36699518, 	0.528103%, 	0.190000%, 	0.338103%
2020-04-08 14:11:27, 	Poloniex    , 	Binance     , 	BNT/BTC, 	2.665e-05, 	1150.6787799, 	2.65e-05, 	6.36699518, 	0.566038%, 	0.190000%, 	0.376038%
2020-04-08 14:11:42, 	Poloniex    , 	Binance     , 	BNT/BTC, 	2.665e-05, 	1150.6787799, 	2.651e-05, 	6.36699518, 	0.528103%, 	0.190000%, 	0.338103%
2020-04-08 14:11:57, 	Poloniex    , 	Binance     , 	BNT/BTC, 	2.665e-05, 	1150.6787799, 	2.651e-05, 	6.36699518, 	0.528103%, 	0.190000%, 	0.338103%
2020-04-08 14:12:12, 	Poloniex    , 	Binance     , 	BNT/BTC, 	2.665e-05, 	1150.6787799, 	2.651e-05, 	6.36699518, 	0.528103%, 	0.190000%, 	0.338103%
2020-04-08 14:12:27, 	Poloniex    , 	Binance     , 	BNT/BTC, 	2.665e-05, 	1150.6787799, 	2.651e-05, 	6.36699518, 	0.528103%, 	0.190000%, 	0.338103%
2020-04-08 14:12:42, 	Poloniex    , 	Binance     , 	BNT/BTC, 	2.665e-05, 	1150.6787799, 	2.651e-05, 	6.36699518, 	0.528103%, 	0.190000%, 	0.338103%
2020-04-08 14:12:57, 	Poloniex    , 	Binance     , 	BNT/BTC, 	2.665e-05, 	1150.6787799, 	2.651e-05, 	6.36699518, 	0.528103%, 	0.190000%, 	0.338103%
2020-04-08 14:13:12, 	Poloniex    , 	Binance     , 	BNT/BTC, 	2.665e-05, 	1150.6787799, 	2.651e-05, 	6.36699518, 	0.528103%, 	0.190000%, 	0.338103%
2020-04-08 14:13:27, 	Poloniex    , 	Binance     , 	BNT/BTC, 	2.665e-05, 	1150.6787799, 	2.651e-05, 	6.36699518, 	0.528103%, 	0.190000%, 	0.338103%
2020-04-08 14:13:42, 	Poloniex    , 	Binance     , 	BNT/BTC, 	2.665e-05, 	1150.6787799, 	2.651e-05, 	6.36699518, 	0.528103%, 	0.190000%, 	0.338103%
2020-04-08 14:13:57, 	Poloniex    , 	Binance     , 	BNT/BTC, 	2.665e-05, 	1150.6787799, 	2.651e-05, 	6.36699518, 	0.528103%, 	0.190000%, 	0.338103%
2020-04-08 14:14:12, 	Poloniex    , 	Binance     , 	BNT/BTC, 	2.665e-05, 	1150.6787799, 	2.651e-05, 	6.36699518, 	0.528103%, 	0.190000%, 	0.338103%
2020-04-08 14:14:27, 	Poloniex    , 	Binance     , 	BNT/BTC, 	2.665e-05, 	1150.6787799, 	2.651e-05, 	6.36699518, 	0.528103%, 	0.190000%, 	0.338103%
2020-04-08 14:14:42, 	Poloniex    , 	Binance     , 	BNT/BTC, 	2.665e-05, 	1150.6787799, 	2.651e-05, 	6.36699518, 	0.528103%, 	0.190000%, 	0.338103%
2020-04-08 14:14:57, 	Poloniex    , 	Binance     , 	BNT/BTC, 	2.665e-05, 	1150.6787799, 	2.651e-05, 	6.36699518, 	0.528103%, 	0.190000%, 	0.338103%
2020-04-08 14:15:12, 	Poloniex    , 	Binance     , 	BNT/BTC, 	2.665e-05, 	1150.6787799, 	2.651e-05, 	6.36699518, 	0.528103%, 	0.190000%, 	0.338103%
2020-04-08 14:15:27, 	Poloniex    , 	Binance     , 	BNT/BTC, 	2.665e-05, 	1150.6787799, 	2.651e-05, 	6.36699518, 	0.528103%, 	0.190000%, 	0.338103%
2020-04-08 14:15:42, 	Poloniex    , 	Binance     , 	BNT/BTC, 	2.665e-05, 	1150.6787799, 	2.651e-05, 	6.36699518, 	0.528103%, 	0.190000%, 	0.338103%
2020-04-08 14:15:57, 	Poloniex    , 	Binance     , 	BNT/BTC, 	2.665e-05, 	1150.6787799, 	2.651e-05, 	6.36699518, 	0.528103%, 	0.190000%, 	0.338103%
2020-04-08 14:16:12, 	Poloniex    , 	Binance     , 	BNT/BTC, 	2.665e-05, 	1150.6787799, 	2.651e-05, 	6.36699518, 	0.528103%, 	0.190000%, 	0.338103%
2020-04-08 14:16:27, 	Poloniex    , 	Binance     , 	BNT/BTC, 	2.665e-05, 	1150.6787799, 	2.651e-05, 	6.36699518, 	0.528103%, 	0.190000%, 	0.338103%
2020-04-08 14:16:42, 	Poloniex    , 	Binance     , 	BNT/BTC, 	2.665e-05, 	1150.6787799, 	2.651e-05, 	6.36699518, 	0.528103%, 	0.190000%, 	0.338103%
2020-04-08 14:16:57, 	Poloniex    , 	Binance     , 	BNT/BTC, 	2.665e-05, 	1150.6787799, 	2.651e-05, 	6.36699518, 	0.528103%, 	0.190000%, 	0.338103%
2020-04-08 14:17:12, 	Poloniex    , 	Binance     , 	BNT/BTC, 	2.665e-05, 	1150.6787799, 	2.652e-05, 	6.36699518, 	0.490196%, 	0.190000%, 	0.300196%
2020-04-08 14:17:27, 	Poloniex    , 	Binance     , 	BNT/BTC, 	2.665e-05, 	1150.6787799, 	2.653e-05, 	6.36699518, 	0.452318%, 	0.190000%, 	0.262318%
2020-04-08 14:17:42, 	Poloniex    , 	Binance     , 	BNT/BTC, 	2.665e-05, 	1150.6787799, 	2.651e-05, 	6.36699518, 	0.528103%, 	0.190000%, 	0.338103%
2020-04-08 14:17:57, 	Poloniex    , 	Binance     , 	BNT/BTC, 	2.665e-05, 	1150.6787799, 	2.651e-05, 	6.36699518, 	0.528103%, 	0.190000%, 	0.338103%
2020-04-08 14:18:12, 	Poloniex    , 	Binance     , 	BNT/BTC, 	2.665e-05, 	1150.6787799, 	2.651e-05, 	6.36699518, 	0.528103%, 	0.190000%, 	0.338103%
2020-04-08 14:18:27, 	Poloniex    , 	Binance     , 	BNT/BTC, 	2.665e-05, 	1150.6787799, 	2.652e-05, 	6.36699518, 	0.490196%, 	0.190000%, 	0.300196%
2020-04-08 14:18:42, 	Poloniex    , 	Binance     , 	BNT/BTC, 	2.665e-05, 	1150.6787799, 	2.651e-05, 	6.36699518, 	0.528103%, 	0.190000%, 	0.338103%
2020-04-08 14:18:57, 	Poloniex    , 	Binance     , 	BNT/BTC, 	2.665e-05, 	1150.6787799, 	2.65e-05, 	6.36699518, 	0.566038%, 	0.190000%, 	0.376038%
2020-04-08 14:19:12, 	Poloniex    , 	Binance     , 	BNT/BTC, 	2.665e-05, 	1150.6787799, 	2.65e-05, 	6.36699518, 	0.566038%, 	0.190000%, 	0.376038%
2020-04-08 14:19:27, 	Poloniex    , 	Binance     , 	BNT/BTC, 	2.665e-05, 	1150.6787799, 	2.652e-05, 	6.36699518, 	0.490196%, 	0.190000%, 	0.300196%
2020-04-08 14:19:42, 	Poloniex    , 	Binance     , 	BNT/BTC, 	2.665e-05, 	1150.6787799, 	2.652e-05, 	6.36699518, 	0.490196%, 	0.190000%, 	0.300196%
2020-04-08 14:19:57, 	Poloniex    , 	Binance     , 	BNT/BTC, 	2.665e-05, 	1150.6787799, 	2.652e-05, 	6.36699518, 	0.490196%, 	0.190000%, 	0.300196%
2020-04-08 14:20:12, 	Poloniex    , 	Binance     , 	BNT/BTC, 	2.665e-05, 	1150.6787799, 	2.652e-05, 	6.36699518, 	0.490196%, 	0.190000%, 	0.300196%
2020-04-08 14:20:27, 	Poloniex    , 	Binance     , 	BNT/BTC, 	2.665e-05, 	1150.6787799, 	2.651e-05, 	6.36699518, 	0.528103%, 	0.190000%, 	0.338103%
2020-04-08 14:20:42, 	Poloniex    , 	Binance     , 	BNT/BTC, 	2.665e-05, 	1150.6787799, 	2.652e-05, 	6.36699518, 	0.490196%, 	0.190000%, 	0.300196%
2020-04-08 14:20:57, 	Poloniex    , 	Binance     , 	BNT/BTC, 	2.665e-05, 	1150.6787799, 	2.651e-05, 	6.36699518, 	0.528103%, 	0.190000%, 	0.338103%
2020-04-08 14:21:12, 	Poloniex    , 	Binance     , 	BNT/BTC, 	2.665e-05, 	1150.6787799, 	2.652e-05, 	6.36699518, 	0.490196%, 	0.190000%, 	0.300196%
2020-04-08 14:21:27, 	Poloniex    , 	Binance     , 	BNT/BTC, 	2.665e-05, 	1150.6787799, 	2.652e-05, 	6.36699518, 	0.490196%, 	0.190000%, 	0.300196%
2020-04-08 14:21:42, 	Poloniex    , 	Binance     , 	BNT/BTC, 	2.665e-05, 	1150.6787799, 	2.651e-05, 	6.36699518, 	0.528103%, 	0.190000%, 	0.338103%
2020-04-08 14:21:57, 	Poloniex    , 	Binance     , 	BNT/BTC, 	2.665e-05, 	1150.6787799, 	2.652e-05, 	6.36699518, 	0.490196%, 	0.190000%, 	0.300196%
2020-04-08 14:22:12, 	Poloniex    , 	Binance     , 	BNT/BTC, 	2.665e-05, 	1150.6787799, 	2.652e-05, 	6.36699518, 	0.490196%, 	0.190000%, 	0.300196%
2020-04-08 14:22:27, 	Poloniex    , 	Binance     , 	BNT/BTC, 	2.665e-05, 	1150.6787799, 	2.651e-05, 	6.36699518, 	0.528103%, 	0.190000%, 	0.338103%
2020-04-08 14:22:42, 	Poloniex    , 	Binance     , 	BNT/BTC, 	2.665e-05, 	1150.6787799, 	2.651e-05, 	6.36699518, 	0.528103%, 	0.190000%, 	0.338103%
2020-04-08 14:22:57, 	Poloniex    , 	Binance     , 	BNT/BTC, 	2.665e-05, 	1150.6787799, 	2.652e-05, 	6.36699518, 	0.490196%, 	0.190000%, 	0.300196%
2020-04-08 14:23:12, 	Poloniex    , 	Binance     , 	BNT/BTC, 	2.665e-05, 	1150.6787799, 	2.652e-05, 	6.36699518, 	0.490196%, 	0.190000%, 	0.300196%
2020-04-08 14:23:27, 	Poloniex    , 	Binance     , 	BNT/BTC, 	2.665e-05, 	1150.6787799, 	2.651e-05, 	6.36699518, 	0.528103%, 	0.190000%, 	0.338103%
2020-04-08 14:23:42, 	Poloniex    , 	Binance     , 	BNT/BTC, 	2.665e-05, 	1150.6787799, 	2.652e-05, 	6.36699518, 	0.490196%, 	0.190000%, 	0.300196%
2020-04-08 14:23:57, 	Poloniex    , 	Binance     , 	BNT/BTC, 	2.665e-05, 	1150.6787799, 	2.651e-05, 	6.36699518, 	0.528103%, 	0.190000%, 	0.338103%
2020-04-08 14:24:12, 	Poloniex    , 	Binance     , 	BNT/BTC, 	2.665e-05, 	1150.6787799, 	2.652e-05, 	6.36699518, 	0.490196%, 	0.190000%, 	0.300196%
2020-04-08 14:24:27, 	Poloniex    , 	Binance     , 	BNT/BTC, 	2.665e-05, 	1150.6787799, 	2.652e-05, 	6.36699518, 	0.490196%, 	0.190000%, 	0.300196%
2020-04-08 14:24:42, 	Poloniex    , 	Binance     , 	BNT/BTC, 	2.665e-05, 	1150.6787799, 	2.652e-05, 	6.36699518, 	0.490196%, 	0.190000%, 	0.300196%
2020-04-08 14:24:57, 	Poloniex    , 	Binance     , 	BNT/BTC, 	2.665e-05, 	1150.6787799, 	2.652e-05, 	6.36699518, 	0.490196%, 	0.190000%, 	0.300196%
2020-04-08 14:25:12, 	Poloniex    , 	Binance     , 	BNT/BTC, 	2.665e-05, 	1150.6787799, 	2.653e-05, 	6.36699518, 	0.452318%, 	0.190000%, 	0.262318%
2020-04-08 14:25:27, 	Poloniex    , 	Binance     , 	BNT/BTC, 	2.665e-05, 	1150.6787799, 	2.653e-05, 	6.36699518, 	0.452318%, 	0.190000%, 	0.262318%
2020-04-08 14:25:42, 	Poloniex    , 	Binance     , 	BNT/BTC, 	2.665e-05, 	1150.6787799, 	2.653e-05, 	6.36699518, 	0.452318%, 	0.190000%, 	0.262318%
2020-04-08 14:25:57, 	Poloniex    , 	Binance     , 	BNT/BTC, 	2.665e-05, 	1150.6787799, 	2.653e-05, 	6.36699518, 	0.452318%, 	0.190000%, 	0.262318%
2020-04-08 14:26:12, 	Poloniex    , 	Binance     , 	BNT/BTC, 	2.665e-05, 	1150.6787799, 	2.653e-05, 	6.36699518, 	0.452318%, 	0.190000%, 	0.262318%
2020-04-08 14:26:27, 	Poloniex    , 	Binance     , 	BNT/BTC, 	2.665e-05, 	1150.6787799, 	2.653e-05, 	6.36699518, 	0.452318%, 	0.190000%, 	0.262318%
2020-04-08 14:26:42, 	Poloniex    , 	Binance     , 	BNT/BTC, 	2.665e-05, 	1150.6787799, 	2.653e-05, 	6.36699518, 	0.452318%, 	0.190000%, 	0.262318%
2020-04-08 14:26:57, 	Poloniex    , 	Binance     , 	BNT/BTC, 	2.665e-05, 	1150.6787799, 	2.653e-05, 	6.36699518, 	0.452318%, 	0.190000%, 	0.262318%
2020-04-08 14:27:12, 	Poloniex    , 	Binance     , 	BNT/BTC, 	2.665e-05, 	1150.6787799, 	2.653e-05, 	6.36699518, 	0.452318%, 	0.190000%, 	0.262318%
2020-04-08 14:27:27, 	Poloniex    , 	Binance     , 	BNT/BTC, 	2.665e-05, 	1150.6787799, 	2.653e-05, 	6.36699518, 	0.452318%, 	0.190000%, 	0.262318%
2020-04-08 14:27:42, 	Poloniex    , 	Binance     , 	BNT/BTC, 	2.665e-05, 	1150.6787799, 	2.653e-05, 	6.36699518, 	0.452318%, 	0.190000%, 	0.262318%
2020-04-08 14:27:57, 	Poloniex    , 	Binance     , 	BNT/BTC, 	2.665e-05, 	1150.6787799, 	2.653e-05, 	6.36699518, 	0.452318%, 	0.190000%, 	0.262318%
2020-04-08 14:28:12, 	Poloniex    , 	Binance     , 	BNT/BTC, 	2.665e-05, 	1150.6787799, 	2.653e-05, 	6.36699518, 	0.452318%, 	0.190000%, 	0.262318%
2020-04-08 14:28:27, 	Poloniex    , 	Binance     , 	BNT/BTC, 	2.665e-05, 	1150.6787799, 	2.653e-05, 	6.36699518, 	0.452318%, 	0.190000%, 	0.262318%
2020-04-08 14:28:42, 	Poloniex    , 	Binance     , 	BNT/BTC, 	2.665e-05, 	1150.6787799, 	2.653e-05, 	6.36699518, 	0.452318%, 	0.190000%, 	0.262318%
2020-04-08 14:28:57, 	Poloniex    , 	Binance     , 	BNT/BTC, 	2.665e-05, 	1150.6787799, 	2.653e-05, 	6.36699518, 	0.452318%, 	0.190000%, 	0.262318%
2020-04-08 14:29:12, 	Poloniex    , 	Binance     , 	BNT/BTC, 	2.665e-05, 	1150.6787799, 	2.653e-05, 	6.36699518, 	0.452318%, 	0.190000%, 	0.262318%
2020-04-08 14:29:27, 	Poloniex    , 	Binance     , 	BNT/BTC, 	2.665e-05, 	1150.6787799, 	2.653e-05, 	6.36699518, 	0.452318%, 	0.190000%, 	0.262318%
2020-04-08 14:29:42, 	Poloniex    , 	Binance     , 	BNT/BTC, 	2.665e-05, 	1150.6787799, 	2.653e-05, 	6.36699518, 	0.452318%, 	0.190000%, 	0.262318%
2020-04-08 14:29:57, 	Poloniex    , 	Binance     , 	BNT/BTC, 	2.665e-05, 	1150.6787799, 	2.653e-05, 	6.36699518, 	0.452318%, 	0.190000%, 	0.262318%
2020-04-08 14:30:12, 	Poloniex    , 	Binance     , 	BNT/BTC, 	2.665e-05, 	1150.6787799, 	2.653e-05, 	6.36699518, 	0.452318%, 	0.190000%, 	0.262318%
2020-04-08 14:30:27, 	Poloniex    , 	Binance     , 	BNT/BTC, 	2.665e-05, 	1150.6787799, 	2.653e-05, 	6.36699518, 	0.452318%, 	0.190000%, 	0.262318%
2020-04-08 14:30:42, 	Poloniex    , 	Binance     , 	BNT/BTC, 	2.665e-05, 	1150.6787799, 	2.653e-05, 	6.36699518, 	0.452318%, 	0.190000%, 	0.262318%
2020-04-08 14:30:57, 	Poloniex    , 	Binance     , 	BNT/BTC, 	2.665e-05, 	1150.6787799, 	2.653e-05, 	6.36699518, 	0.452318%, 	0.190000%, 	0.262318%
2020-04-08 14:31:12, 	Poloniex    , 	Binance     , 	BNT/BTC, 	2.665e-05, 	1150.6787799, 	2.653e-05, 	6.36699518, 	0.452318%, 	0.190000%, 	0.262318%
2020-04-08 14:31:27, 	Poloniex    , 	Binance     , 	BNT/BTC, 	2.665e-05, 	1150.6787799, 	2.653e-05, 	6.36699518, 	0.452318%, 	0.190000%, 	0.262318%
2020-04-08 14:31:42, 	Poloniex    , 	Binance     , 	BNT/BTC, 	2.665e-05, 	1150.6787799, 	2.653e-05, 	6.36699518, 	0.452318%, 	0.190000%, 	0.262318%
2020-04-08 14:31:57, 	Poloniex    , 	Binance     , 	BNT/BTC, 	2.665e-05, 	1150.6787799, 	2.653e-05, 	6.36699518, 	0.452318%, 	0.190000%, 	0.262318%
2020-04-08 14:32:12, 	Poloniex    , 	Binance     , 	BNT/BTC, 	2.665e-05, 	1150.6787799, 	2.653e-05, 	6.36699518, 	0.452318%, 	0.190000%, 	0.262318%
2020-04-08 14:32:27, 	Poloniex    , 	Binance     , 	BNT/BTC, 	2.665e-05, 	1150.6787799, 	2.653e-05, 	6.36699518, 	0.452318%, 	0.190000%, 	0.262318%
2020-04-08 14:32:42, 	Poloniex    , 	Binance     , 	BNT/BTC, 	2.665e-05, 	1150.6787799, 	2.653e-05, 	6.36699518, 	0.452318%, 	0.190000%, 	0.262318%
2020-04-08 14:32:57, 	Poloniex    , 	Binance     , 	BNT/BTC, 	2.665e-05, 	1150.6787799, 	2.653e-05, 	6.36699518, 	0.452318%, 	0.190000%, 	0.262318%
2020-04-08 14:33:12, 	Poloniex    , 	Binance     , 	BNT/BTC, 	2.665e-05, 	1150.6787799, 	2.653e-05, 	6.36699518, 	0.452318%, 	0.190000%, 	0.262318%
2020-04-08 14:33:27, 	Poloniex    , 	Binance     , 	BNT/BTC, 	2.665e-05, 	1150.6787799, 	2.653e-05, 	6.36699518, 	0.452318%, 	0.190000%, 	0.262318%
2020-04-08 14:33:42, 	Poloniex    , 	Binance     , 	BNT/BTC, 	2.665e-05, 	1150.6787799, 	2.653e-05, 	6.36699518, 	0.452318%, 	0.190000%, 	0.262318%
2020-04-08 14:33:57, 	Poloniex    , 	Binance     , 	BNT/BTC, 	2.665e-05, 	1150.6787799, 	2.653e-05, 	6.36699518, 	0.452318%, 	0.190000%, 	0.262318%
2020-04-08 14:34:12, 	Poloniex    , 	Binance     , 	BNT/BTC, 	2.665e-05, 	1150.6787799, 	2.653e-05, 	6.36699518, 	0.452318%, 	0.190000%, 	0.262318%
2020-04-08 14:34:27, 	Poloniex    , 	Binance     , 	BNT/BTC, 	2.665e-05, 	1150.6787799, 	2.653e-05, 	6.36699518, 	0.452318%, 	0.190000%, 	0.262318%
2020-04-08 14:34:42, 	Poloniex    , 	Binance     , 	BNT/BTC, 	2.665e-05, 	1150.6787799, 	2.653e-05, 	6.36699518, 	0.452318%, 	0.190000%, 	0.262318%
2020-04-08 14:34:57, 	Poloniex    , 	Binance     , 	BNT/BTC, 	2.665e-05, 	1150.6787799, 	2.653e-05, 	6.36699518, 	0.452318%, 	0.190000%, 	0.262318%
2020-04-08 14:35:12, 	Poloniex    , 	Binance     , 	BNT/BTC, 	2.665e-05, 	1150.6787799, 	2.653e-05, 	6.36699518, 	0.452318%, 	0.190000%, 	0.262318%
2020-04-08 14:35:27, 	Poloniex    , 	Binance     , 	BNT/BTC, 	2.665e-05, 	1150.6787799, 	2.653e-05, 	6.36699518, 	0.452318%, 	0.190000%, 	0.262318%
2020-04-08 14:35:42, 	Poloniex    , 	Binance     , 	BNT/BTC, 	2.665e-05, 	1150.6787799, 	2.653e-05, 	6.36699518, 	0.452318%, 	0.190000%, 	0.262318%
2020-04-08 14:35:57, 	Poloniex    , 	Binance     , 	BNT/BTC, 	2.665e-05, 	1150.6787799, 	2.653e-05, 	6.36699518, 	0.452318%, 	0.190000%, 	0.262318%
2020-04-08 14:36:12, 	Poloniex    , 	Binance     , 	BNT/BTC, 	2.665e-05, 	1150.6787799, 	2.653e-05, 	6.36699518, 	0.452318%, 	0.190000%, 	0.262318%
2020-04-08 14:36:27, 	Poloniex    , 	Binance     , 	BNT/BTC, 	2.665e-05, 	1150.6787799, 	2.653e-05, 	6.36699518, 	0.452318%, 	0.190000%, 	0.262318%
2020-04-08 14:36:42, 	Poloniex    , 	Binance     , 	BNT/BTC, 	2.665e-05, 	1150.6787799, 	2.653e-05, 	6.36699518, 	0.452318%, 	0.190000%, 	0.262318%
2020-04-08 14:36:57, 	Poloniex    , 	Binance     , 	BNT/BTC, 	2.665e-05, 	1150.6787799, 	2.653e-05, 	6.36699518, 	0.452318%, 	0.190000%, 	0.262318%
2020-04-08 14:37:12, 	Poloniex    , 	Binance     , 	BNT/BTC, 	2.665e-05, 	1150.6787799, 	2.653e-05, 	6.36699518, 	0.452318%, 	0.190000%, 	0.262318%
2020-04-08 14:37:27, 	Poloniex    , 	Binance     , 	BNT/BTC, 	2.665e-05, 	1150.6787799, 	2.653e-05, 	6.36699518, 	0.452318%, 	0.190000%, 	0.262318%
2020-04-08 14:37:42, 	Poloniex    , 	Binance     , 	BNT/BTC, 	2.665e-05, 	1150.6787799, 	2.653e-05, 	6.36699518, 	0.452318%, 	0.190000%, 	0.262318%
2020-04-08 14:37:57, 	Poloniex    , 	Binance     , 	BNT/BTC, 	2.665e-05, 	1150.6787799, 	2.653e-05, 	6.36699518, 	0.452318%, 	0.190000%, 	0.262318%
2020-04-08 14:38:12, 	Poloniex    , 	Binance     , 	BNT/BTC, 	2.665e-05, 	1150.6787799, 	2.653e-05, 	6.36699518, 	0.452318%, 	0.190000%, 	0.262318%
2020-04-08 14:38:27, 	Poloniex    , 	Binance     , 	BNT/BTC, 	2.665e-05, 	1150.6787799, 	2.653e-05, 	6.36699518, 	0.452318%, 	0.190000%, 	0.262318%
2020-04-08 14:38:42, 	Poloniex    , 	Binance     , 	BNT/BTC, 	2.665e-05, 	1150.6787799, 	2.653e-05, 	6.36699518, 	0.452318%, 	0.190000%, 	0.262318%
2020-04-08 14:38:57, 	Poloniex    , 	Binance     , 	BNT/BTC, 	2.665e-05, 	1150.6787799, 	2.653e-05, 	6.36699518, 	0.452318%, 	0.190000%, 	0.262318%
2020-04-08 14:39:12, 	Poloniex    , 	Binance     , 	BNT/BTC, 	2.665e-05, 	1150.6787799, 	2.653e-05, 	6.36699518, 	0.452318%, 	0.190000%, 	0.262318%
2020-04-08 14:39:27, 	Poloniex    , 	Binance     , 	BNT/BTC, 	2.665e-05, 	1150.6787799, 	2.653e-05, 	6.36699518, 	0.452318%, 	0.190000%, 	0.262318%
2020-04-08 14:39:42, 	Poloniex    , 	Binance     , 	BNT/BTC, 	2.665e-05, 	1150.6787799, 	2.653e-05, 	6.36699518, 	0.452318%, 	0.190000%, 	0.262318%
2020-04-08 14:39:57, 	Poloniex    , 	Binance     , 	BNT/BTC, 	2.665e-05, 	1150.6787799, 	2.653e-05, 	6.36699518, 	0.452318%, 	0.190000%, 	0.262318%
2020-04-08 14:40:13, 	Poloniex    , 	Binance     , 	BNT/BTC, 	2.665e-05, 	1150.6787799, 	2.653e-05, 	6.36699518, 	0.452318%, 	0.190000%, 	0.262318%
2020-04-08 14:40:28, 	Poloniex    , 	Binance     , 	BNT/BTC, 	2.665e-05, 	1150.6787799, 	2.653e-05, 	6.36699518, 	0.452318%, 	0.190000%, 	0.262318%
2020-04-08 14:40:43, 	Poloniex    , 	Binance     , 	BNT/BTC, 	2.665e-05, 	1150.6787799, 	2.653e-05, 	6.36699518, 	0.452318%, 	0.190000%, 	0.262318%
2020-04-08 14:40:58, 	Poloniex    , 	Binance     , 	BNT/BTC, 	2.665e-05, 	1150.6787799, 	2.653e-05, 	6.36699518, 	0.452318%, 	0.190000%, 	0.262318%
2020-04-08 14:41:13, 	Poloniex    , 	Binance     , 	BNT/BTC, 	2.665e-05, 	1150.6787799, 	2.653e-05, 	6.36699518, 	0.452318%, 	0.190000%, 	0.262318%
2020-04-08 14:41:28, 	Poloniex    , 	Binance     , 	BNT/BTC, 	2.665e-05, 	1150.6787799, 	2.653e-05, 	6.36699518, 	0.452318%, 	0.190000%, 	0.262318%
2020-04-08 14:41:43, 	Poloniex    , 	Binance     , 	BNT/BTC, 	2.665e-05, 	1150.6787799, 	2.653e-05, 	6.36699518, 	0.452318%, 	0.190000%, 	0.262318%
2020-04-08 14:41:58, 	Poloniex    , 	Binance     , 	BNT/BTC, 	2.665e-05, 	1150.6787799, 	2.653e-05, 	6.36699518, 	0.452318%, 	0.190000%, 	0.262318%
2020-04-08 14:42:13, 	Poloniex    , 	Binance     , 	BNT/BTC, 	2.665e-05, 	1150.6787799, 	2.653e-05, 	6.36699518, 	0.452318%, 	0.190000%, 	0.262318%
2020-04-08 14:42:28, 	Poloniex    , 	Binance     , 	BNT/BTC, 	2.665e-05, 	1150.6787799, 	2.653e-05, 	6.36699518, 	0.452318%, 	0.190000%, 	0.262318%
2020-04-08 14:42:43, 	Poloniex    , 	Binance     , 	BNT/BTC, 	2.665e-05, 	1150.6787799, 	2.653e-05, 	6.36699518, 	0.452318%, 	0.190000%, 	0.262318%
2020-04-08 14:42:58, 	Poloniex    , 	Binance     , 	BNT/BTC, 	2.665e-05, 	1150.6787799, 	2.653e-05, 	6.36699518, 	0.452318%, 	0.190000%, 	0.262318%
2020-04-08 14:43:13, 	Poloniex    , 	Binance     , 	BNT/BTC, 	2.665e-05, 	1150.6787799, 	2.653e-05, 	6.36699518, 	0.452318%, 	0.190000%, 	0.262318%
2020-04-08 14:43:28, 	Poloniex    , 	Binance     , 	BNT/BTC, 	2.665e-05, 	1150.6787799, 	2.653e-05, 	6.36699518, 	0.452318%, 	0.190000%, 	0.262318%
2020-04-08 14:43:43, 	Poloniex    , 	Binance     , 	BNT/BTC, 	2.665e-05, 	1150.6787799, 	2.653e-05, 	6.36699518, 	0.452318%, 	0.190000%, 	0.262318%
2020-04-08 14:43:58, 	Poloniex    , 	Binance     , 	BNT/BTC, 	2.665e-05, 	1150.6787799, 	2.653e-05, 	6.36699518, 	0.452318%, 	0.190000%, 	0.262318%
2020-04-08 14:44:13, 	Poloniex    , 	Binance     , 	BNT/BTC, 	2.665e-05, 	1150.6787799, 	2.65e-05, 	6.36699518, 	0.566038%, 	0.190000%, 	0.376038%
2020-04-08 14:44:28, 	Poloniex    , 	Binance     , 	BNT/BTC, 	2.665e-05, 	1150.6787799, 	2.65e-05, 	6.36699518, 	0.566038%, 	0.190000%, 	0.376038%
2020-04-08 14:44:43, 	Poloniex    , 	Binance     , 	BNT/BTC, 	2.665e-05, 	1150.6787799, 	2.65e-05, 	6.36699518, 	0.566038%, 	0.190000%, 	0.376038%
2020-04-08 14:44:58, 	Poloniex    , 	Binance     , 	BNT/BTC, 	2.665e-05, 	1150.6787799, 	2.653e-05, 	6.36699518, 	0.452318%, 	0.190000%, 	0.262318%
2020-04-08 14:45:13, 	Poloniex    , 	Binance     , 	BNT/BTC, 	2.665e-05, 	1150.6787799, 	2.653e-05, 	6.36699518, 	0.452318%, 	0.190000%, 	0.262318%
2020-04-08 14:45:28, 	Poloniex    , 	Binance     , 	BNT/BTC, 	2.665e-05, 	1150.6787799, 	2.653e-05, 	6.36699518, 	0.452318%, 	0.190000%, 	0.262318%
2020-04-08 14:45:43, 	Poloniex    , 	Binance     , 	BNT/BTC, 	2.665e-05, 	1150.6787799, 	2.653e-05, 	6.36699518, 	0.452318%, 	0.190000%, 	0.262318%
2020-04-08 14:45:58, 	Poloniex    , 	Binance     , 	BNT/BTC, 	2.665e-05, 	1150.6787799, 	2.653e-05, 	6.36699518, 	0.452318%, 	0.190000%, 	0.262318%
2020-04-08 14:46:13, 	Poloniex    , 	Binance     , 	BNT/BTC, 	2.665e-05, 	1150.6787799, 	2.653e-05, 	6.36699518, 	0.452318%, 	0.190000%, 	0.262318%
2020-04-08 14:46:28, 	Poloniex    , 	Binance     , 	BNT/BTC, 	2.665e-05, 	1150.6787799, 	2.653e-05, 	6.36699518, 	0.452318%, 	0.190000%, 	0.262318%
2020-04-08 14:46:43, 	Poloniex    , 	Binance     , 	BNT/BTC, 	2.665e-05, 	1150.6787799, 	2.653e-05, 	6.36699518, 	0.452318%, 	0.190000%, 	0.262318%
2020-04-08 14:46:58, 	Poloniex    , 	Binance     , 	BNT/BTC, 	2.665e-05, 	1150.6787799, 	2.653e-05, 	6.36699518, 	0.452318%, 	0.190000%, 	0.262318%
2020-04-08 14:47:13, 	Poloniex    , 	Binance     , 	BNT/BTC, 	2.665e-05, 	1150.6787799, 	2.653e-05, 	6.36699518, 	0.452318%, 	0.190000%, 	0.262318%
2020-04-08 14:47:28, 	Poloniex    , 	Binance     , 	BNT/BTC, 	2.665e-05, 	1150.6787799, 	2.653e-05, 	6.36699518, 	0.452318%, 	0.190000%, 	0.262318%
2020-04-08 14:47:43, 	Poloniex    , 	Binance     , 	BNT/BTC, 	2.665e-05, 	1150.6787799, 	2.653e-05, 	6.36699518, 	0.452318%, 	0.190000%, 	0.262318%
2020-04-08 14:47:58, 	Poloniex    , 	Binance     , 	BNT/BTC, 	2.665e-05, 	1150.6787799, 	2.653e-05, 	6.36699518, 	0.452318%, 	0.190000%, 	0.262318%
2020-04-08 14:48:13, 	Poloniex    , 	Binance     , 	BNT/BTC, 	2.665e-05, 	1150.6787799, 	2.653e-05, 	6.36699518, 	0.452318%, 	0.190000%, 	0.262318%
2020-04-08 14:48:28, 	Poloniex    , 	Binance     , 	BNT/BTC, 	2.665e-05, 	1150.6787799, 	2.653e-05, 	6.36699518, 	0.452318%, 	0.190000%, 	0.262318%
2020-04-08 14:48:43, 	Poloniex    , 	Binance     , 	BNT/BTC, 	2.665e-05, 	1150.6787799, 	2.653e-05, 	6.36699518, 	0.452318%, 	0.190000%, 	0.262318%
2020-04-08 14:48:58, 	Poloniex    , 	Binance     , 	BNT/BTC, 	2.665e-05, 	1150.6787799, 	2.653e-05, 	6.36699518, 	0.452318%, 	0.190000%, 	0.262318%
2020-04-08 14:49:13, 	Poloniex    , 	Binance     , 	BNT/BTC, 	2.665e-05, 	1150.6787799, 	2.653e-05, 	6.36699518, 	0.452318%, 	0.190000%, 	0.262318%
2020-04-08 14:49:28, 	Poloniex    , 	Binance     , 	BNT/BTC, 	2.665e-05, 	1150.6787799, 	2.653e-05, 	6.36699518, 	0.452318%, 	0.190000%, 	0.262318%
2020-04-08 14:49:43, 	Poloniex    , 	Binance     , 	BNT/BTC, 	2.665e-05, 	1150.6787799, 	2.653e-05, 	6.36699518, 	0.452318%, 	0.190000%, 	0.262318%
2020-04-08 14:49:58, 	Poloniex    , 	Binance     , 	BNT/BTC, 	2.665e-05, 	1150.6787799, 	2.653e-05, 	6.36699518, 	0.452318%, 	0.190000%, 	0.262318%
2020-04-08 14:50:13, 	Poloniex    , 	Binance     , 	BNT/BTC, 	2.665e-05, 	1150.6787799, 	2.653e-05, 	6.36699518, 	0.452318%, 	0.190000%, 	0.262318%
2020-04-08 14:50:28, 	Poloniex    , 	Binance     , 	BNT/BTC, 	2.665e-05, 	1150.6787799, 	2.653e-05, 	6.36699518, 	0.452318%, 	0.190000%, 	0.262318%
2020-04-08 14:50:43, 	Poloniex    , 	Binance     , 	BNT/BTC, 	2.665e-05, 	1150.6787799, 	2.653e-05, 	6.36699518, 	0.452318%, 	0.190000%, 	0.262318%
2020-04-08 14:50:58, 	Poloniex    , 	Binance     , 	BNT/BTC, 	2.665e-05, 	1150.6787799, 	2.653e-05, 	6.36699518, 	0.452318%, 	0.190000%, 	0.262318%
2020-04-08 14:51:13, 	Poloniex    , 	Binance     , 	BNT/BTC, 	2.665e-05, 	1150.6787799, 	2.653e-05, 	6.36699518, 	0.452318%, 	0.190000%, 	0.262318%
2020-04-08 14:51:28, 	Poloniex    , 	Binance     , 	BNT/BTC, 	2.665e-05, 	1150.6787799, 	2.653e-05, 	6.36699518, 	0.452318%, 	0.190000%, 	0.262318%
2020-04-08 14:51:43, 	Poloniex    , 	Binance     , 	BNT/BTC, 	2.665e-05, 	1150.6787799, 	2.653e-05, 	6.36699518, 	0.452318%, 	0.190000%, 	0.262318%
2020-04-08 14:51:58, 	Poloniex    , 	Binance     , 	BNT/BTC, 	2.665e-05, 	1150.6787799, 	2.653e-05, 	6.36699518, 	0.452318%, 	0.190000%, 	0.262318%
2020-04-08 14:52:13, 	Poloniex    , 	Binance     , 	BNT/BTC, 	2.665e-05, 	1150.6787799, 	2.653e-05, 	6.36699518, 	0.452318%, 	0.190000%, 	0.262318%
2020-04-08 14:52:28, 	Poloniex    , 	Binance     , 	BNT/BTC, 	2.665e-05, 	1150.6787799, 	2.653e-05, 	6.36699518, 	0.452318%, 	0.190000%, 	0.262318%
2020-04-08 14:52:43, 	Poloniex    , 	Binance     , 	BNT/BTC, 	2.665e-05, 	1150.6787799, 	2.653e-05, 	6.36699518, 	0.452318%, 	0.190000%, 	0.262318%
2020-04-08 14:52:58, 	Poloniex    , 	Binance     , 	BNT/BTC, 	2.665e-05, 	1150.6787799, 	2.653e-05, 	6.36699518, 	0.452318%, 	0.190000%, 	0.262318%
2020-04-08 14:53:13, 	Poloniex    , 	Binance     , 	BNT/BTC, 	2.665e-05, 	1150.6787799, 	2.653e-05, 	6.36699518, 	0.452318%, 	0.190000%, 	0.262318%
2020-04-08 14:53:28, 	Poloniex    , 	Binance     , 	BNT/BTC, 	2.665e-05, 	1150.6787799, 	2.653e-05, 	6.36699518, 	0.452318%, 	0.190000%, 	0.262318%
2020-04-08 14:53:43, 	Poloniex    , 	Binance     , 	BNT/BTC, 	2.665e-05, 	1150.6787799, 	2.653e-05, 	6.36699518, 	0.452318%, 	0.190000%, 	0.262318%
2020-04-08 14:53:58, 	Poloniex    , 	Binance     , 	BNT/BTC, 	2.665e-05, 	1150.6787799, 	2.653e-05, 	6.36699518, 	0.452318%, 	0.190000%, 	0.262318%
2020-04-08 14:54:13, 	Poloniex    , 	Binance     , 	BNT/BTC, 	2.665e-05, 	1150.6787799, 	2.653e-05, 	6.36699518, 	0.452318%, 	0.190000%, 	0.262318%
2020-04-08 14:54:28, 	Poloniex    , 	Binance     , 	BNT/BTC, 	2.665e-05, 	1150.6787799, 	2.653e-05, 	6.36699518, 	0.452318%, 	0.190000%, 	0.262318%
2020-04-08 14:54:43, 	Poloniex    , 	Binance     , 	BNT/BTC, 	2.665e-05, 	1150.6787799, 	2.653e-05, 	6.36699518, 	0.452318%, 	0.190000%, 	0.262318%
2020-04-08 14:54:58, 	Poloniex    , 	Binance     , 	BNT/BTC, 	2.665e-05, 	1150.6787799, 	2.653e-05, 	6.36699518, 	0.452318%, 	0.190000%, 	0.262318%
2020-04-08 14:55:13, 	Poloniex    , 	Binance     , 	BNT/BTC, 	2.665e-05, 	1150.6787799, 	2.653e-05, 	6.36699518, 	0.452318%, 	0.190000%, 	0.262318%
2020-04-08 14:55:28, 	Poloniex    , 	Binance     , 	BNT/BTC, 	2.665e-05, 	1150.6787799, 	2.653e-05, 	6.36699518, 	0.452318%, 	0.190000%, 	0.262318%
2020-04-08 14:55:43, 	Poloniex    , 	Binance     , 	BNT/BTC, 	2.665e-05, 	1150.6787799, 	2.653e-05, 	6.36699518, 	0.452318%, 	0.190000%, 	0.262318%
2020-04-08 14:55:58, 	Poloniex    , 	Binance     , 	BNT/BTC, 	2.665e-05, 	1150.6787799, 	2.653e-05, 	6.36699518, 	0.452318%, 	0.190000%, 	0.262318%
2020-04-08 14:56:13, 	Poloniex    , 	Binance     , 	BNT/BTC, 	2.665e-05, 	1150.6787799, 	2.653e-05, 	6.36699518, 	0.452318%, 	0.190000%, 	0.262318%
2020-04-08 14:56:28, 	Poloniex    , 	Binance     , 	BNT/BTC, 	2.665e-05, 	1150.6787799, 	2.653e-05, 	6.36699518, 	0.452318%, 	0.190000%, 	0.262318%
2020-04-08 14:56:43, 	Poloniex    , 	Binance     , 	BNT/BTC, 	2.665e-05, 	1150.6787799, 	2.653e-05, 	6.36699518, 	0.452318%, 	0.190000%, 	0.262318%
2020-04-08 14:56:58, 	Poloniex    , 	Binance     , 	BNT/BTC, 	2.665e-05, 	1150.6787799, 	2.653e-05, 	6.36699518, 	0.452318%, 	0.190000%, 	0.262318%
2020-04-08 14:57:13, 	Poloniex    , 	Binance     , 	BNT/BTC, 	2.665e-05, 	1150.6787799, 	2.653e-05, 	6.36699518, 	0.452318%, 	0.190000%, 	0.262318%
2020-04-08 14:57:28, 	Poloniex    , 	Binance     , 	BNT/BTC, 	2.665e-05, 	1150.6787799, 	2.653e-05, 	6.36699518, 	0.452318%, 	0.190000%, 	0.262318%
2020-04-08 14:57:43, 	Poloniex    , 	Binance     , 	BNT/BTC, 	2.665e-05, 	1150.6787799, 	2.653e-05, 	6.36699518, 	0.452318%, 	0.190000%, 	0.262318%
2020-04-08 14:57:58, 	Poloniex    , 	Binance     , 	BNT/BTC, 	2.665e-05, 	1150.6787799, 	2.653e-05, 	6.36699518, 	0.452318%, 	0.190000%, 	0.262318%
2020-04-08 14:58:13, 	Poloniex    , 	Binance     , 	BNT/BTC, 	2.665e-05, 	1150.6787799, 	2.653e-05, 	6.36699518, 	0.452318%, 	0.190000%, 	0.262318%
2020-04-08 14:58:28, 	Poloniex    , 	Binance     , 	BNT/BTC, 	2.665e-05, 	1150.6787799, 	2.653e-05, 	6.36699518, 	0.452318%, 	0.190000%, 	0.262318%
2020-04-08 14:58:43, 	Poloniex    , 	Binance     , 	BNT/BTC, 	2.665e-05, 	1150.6787799, 	2.653e-05, 	6.36699518, 	0.452318%, 	0.190000%, 	0.262318%
2020-04-08 14:58:58, 	Poloniex    , 	Binance     , 	BNT/BTC, 	2.665e-05, 	1150.6787799, 	2.653e-05, 	6.36699518, 	0.452318%, 	0.190000%, 	0.262318%
2020-04-08 14:59:13, 	Poloniex    , 	Binance     , 	BNT/BTC, 	2.665e-05, 	1150.6787799, 	2.653e-05, 	6.36699518, 	0.452318%, 	0.190000%, 	0.262318%
2020-04-08 14:59:28, 	Poloniex    , 	Binance     , 	BNT/BTC, 	2.665e-05, 	1150.6787799, 	2.653e-05, 	6.36699518, 	0.452318%, 	0.190000%, 	0.262318%
2020-04-08 14:59:43, 	Poloniex    , 	Binance     , 	BNT/BTC, 	2.665e-05, 	1150.6787799, 	2.653e-05, 	6.36699518, 	0.452318%, 	0.190000%, 	0.262318%
2020-04-08 14:59:58, 	Poloniex    , 	Binance     , 	BNT/BTC, 	2.665e-05, 	1150.6787799, 	2.653e-05, 	6.36699518, 	0.452318%, 	0.190000%, 	0.262318%
2020-04-08 15:00:13, 	Poloniex    , 	Binance     , 	BNT/BTC, 	2.665e-05, 	1150.6787799, 	2.653e-05, 	6.36699518, 	0.452318%, 	0.190000%, 	0.262318%
2020-04-08 15:00:28, 	Poloniex    , 	Binance     , 	BNT/BTC, 	2.665e-05, 	1150.6787799, 	2.653e-05, 	6.36699518, 	0.452318%, 	0.190000%, 	0.262318%
2020-04-08 15:00:43, 	Poloniex    , 	Binance     , 	BNT/BTC, 	2.665e-05, 	1150.6787799, 	2.653e-05, 	6.36699518, 	0.452318%, 	0.190000%, 	0.262318%
2020-04-08 15:00:58, 	Poloniex    , 	Binance     , 	BNT/BTC, 	2.665e-05, 	1150.6787799, 	2.653e-05, 	6.36699518, 	0.452318%, 	0.190000%, 	0.262318%
2020-04-08 15:01:13, 	Poloniex    , 	Binance     , 	BNT/BTC, 	2.665e-05, 	1150.6787799, 	2.653e-05, 	6.36699518, 	0.452318%, 	0.190000%, 	0.262318%
2020-04-08 15:01:28, 	Poloniex    , 	Binance     , 	BNT/BTC, 	2.665e-05, 	1150.6787799, 	2.653e-05, 	6.36699518, 	0.452318%, 	0.190000%, 	0.262318%
2020-04-08 15:01:43, 	Poloniex    , 	Binance     , 	BNT/BTC, 	2.665e-05, 	1150.6787799, 	2.653e-05, 	6.36699518, 	0.452318%, 	0.190000%, 	0.262318%
2020-04-08 15:01:58, 	Poloniex    , 	Binance     , 	BNT/BTC, 	2.665e-05, 	1150.6787799, 	2.653e-05, 	6.36699518, 	0.452318%, 	0.190000%, 	0.262318%
2020-04-08 15:02:13, 	Poloniex    , 	Binance     , 	BNT/BTC, 	2.665e-05, 	1150.6787799, 	2.653e-05, 	6.36699518, 	0.452318%, 	0.190000%, 	0.262318%
2020-04-08 15:02:28, 	Poloniex    , 	Binance     , 	BNT/BTC, 	2.665e-05, 	1150.6787799, 	2.653e-05, 	6.36699518, 	0.452318%, 	0.190000%, 	0.262318%
2020-04-08 15:02:43, 	Poloniex    , 	Binance     , 	BNT/BTC, 	2.665e-05, 	1150.6787799, 	2.653e-05, 	6.36699518, 	0.452318%, 	0.190000%, 	0.262318%
2020-04-08 15:02:58, 	Poloniex    , 	Binance     , 	BNT/BTC, 	2.665e-05, 	1150.6787799, 	2.653e-05, 	6.36699518, 	0.452318%, 	0.190000%, 	0.262318%
2020-04-08 15:03:13, 	Poloniex    , 	Binance     , 	BNT/BTC, 	2.665e-05, 	1150.6787799, 	2.653e-05, 	6.36699518, 	0.452318%, 	0.190000%, 	0.262318%
2020-04-08 15:03:28, 	Poloniex    , 	Binance     , 	BNT/BTC, 	2.665e-05, 	1150.6787799, 	2.653e-05, 	6.36699518, 	0.452318%, 	0.190000%, 	0.262318%
2020-04-08 15:03:43, 	Poloniex    , 	Binance     , 	BNT/BTC, 	2.665e-05, 	1150.6787799, 	2.653e-05, 	6.36699518, 	0.452318%, 	0.190000%, 	0.262318%
2020-04-08 15:03:58, 	Poloniex    , 	Binance     , 	BNT/BTC, 	2.665e-05, 	1150.6787799, 	2.653e-05, 	6.36699518, 	0.452318%, 	0.190000%, 	0.262318%
2020-04-08 15:04:13, 	Poloniex    , 	Binance     , 	BNT/BTC, 	2.665e-05, 	1150.6787799, 	2.653e-05, 	6.36699518, 	0.452318%, 	0.190000%, 	0.262318%
2020-04-08 15:04:28, 	Poloniex    , 	Binance     , 	BNT/BTC, 	2.665e-05, 	1150.6787799, 	2.653e-05, 	6.36699518, 	0.452318%, 	0.190000%, 	0.262318%
2020-04-08 15:04:43, 	Poloniex    , 	Binance     , 	BNT/BTC, 	2.665e-05, 	1150.6787799, 	2.653e-05, 	6.36699518, 	0.452318%, 	0.190000%, 	0.262318%
2020-04-08 15:04:58, 	Poloniex    , 	Binance     , 	BNT/BTC, 	2.665e-05, 	1150.6787799, 	2.653e-05, 	6.36699518, 	0.452318%, 	0.190000%, 	0.262318%
2020-04-08 15:05:13, 	Poloniex    , 	Binance     , 	BNT/BTC, 	2.665e-05, 	1150.6787799, 	2.653e-05, 	6.36699518, 	0.452318%, 	0.190000%, 	0.262318%
2020-04-08 15:05:28, 	Poloniex    , 	Binance     , 	BNT/BTC, 	2.665e-05, 	1150.6787799, 	2.653e-05, 	6.36699518, 	0.452318%, 	0.190000%, 	0.262318%
2020-04-08 15:05:43, 	Poloniex    , 	Binance     , 	BNT/BTC, 	2.665e-05, 	1150.6787799, 	2.653e-05, 	6.36699518, 	0.452318%, 	0.190000%, 	0.262318%
2020-04-08 15:05:58, 	Poloniex    , 	Binance     , 	BNT/BTC, 	2.665e-05, 	1150.6787799, 	2.645e-05, 	6.36699518, 	0.756144%, 	0.190000%, 	0.566144%
2020-04-08 15:06:13, 	Poloniex    , 	Binance     , 	BNT/BTC, 	2.665e-05, 	1150.6787799, 	2.645e-05, 	6.36699518, 	0.756144%, 	0.190000%, 	0.566144%
2020-04-08 15:06:28, 	Poloniex    , 	Binance     , 	BNT/BTC, 	2.665e-05, 	1150.6787799, 	2.644e-05, 	6.36699518, 	0.794251%, 	0.190000%, 	0.604251%
2020-04-08 15:06:43, 	Poloniex    , 	Binance     , 	BNT/BTC, 	2.665e-05, 	1150.6787799, 	2.644e-05, 	6.36699518, 	0.794251%, 	0.190000%, 	0.604251%
2020-04-08 15:06:58, 	Poloniex    , 	Binance     , 	BNT/BTC, 	2.665e-05, 	1150.6787799, 	2.644e-05, 	6.36699518, 	0.794251%, 	0.190000%, 	0.604251%
2020-04-08 15:07:13, 	Poloniex    , 	Binance     , 	BNT/BTC, 	2.665e-05, 	1150.6787799, 	2.645e-05, 	6.36699518, 	0.756144%, 	0.190000%, 	0.566144%
2020-04-08 15:07:28, 	Poloniex    , 	Binance     , 	BNT/BTC, 	2.665e-05, 	1150.6787799, 	2.645e-05, 	6.36699518, 	0.756144%, 	0.190000%, 	0.566144%
2020-04-08 15:07:43, 	Poloniex    , 	Binance     , 	BNT/BTC, 	2.665e-05, 	1150.6787799, 	2.645e-05, 	6.36699518, 	0.756144%, 	0.190000%, 	0.566144%
2020-04-08 15:07:58, 	Poloniex    , 	Binance     , 	BNT/BTC, 	2.665e-05, 	1150.6787799, 	2.645e-05, 	6.36699518, 	0.756144%, 	0.190000%, 	0.566144%
2020-04-08 15:08:13, 	Poloniex    , 	Binance     , 	BNT/BTC, 	2.665e-05, 	1150.6787799, 	2.645e-05, 	6.36699518, 	0.756144%, 	0.190000%, 	0.566144%
2020-04-08 15:08:28, 	Poloniex    , 	Binance     , 	BNT/BTC, 	2.665e-05, 	1150.6787799, 	2.645e-05, 	6.36699518, 	0.756144%, 	0.190000%, 	0.566144%
2020-04-08 15:08:43, 	Poloniex    , 	Binance     , 	BNT/BTC, 	2.665e-05, 	1150.6787799, 	2.645e-05, 	6.36699518, 	0.756144%, 	0.190000%, 	0.566144%
2020-04-08 15:08:58, 	Poloniex    , 	Binance     , 	BNT/BTC, 	2.665e-05, 	1150.6787799, 	2.645e-05, 	6.36699518, 	0.756144%, 	0.190000%, 	0.566144%
2020-04-08 15:09:13, 	Poloniex    , 	Binance     , 	BNT/BTC, 	2.665e-05, 	1150.6787799, 	2.645e-05, 	6.36699518, 	0.756144%, 	0.190000%, 	0.566144%
2020-04-08 15:09:28, 	Poloniex    , 	Binance     , 	BNT/BTC, 	2.665e-05, 	1150.6787799, 	2.645e-05, 	6.36699518, 	0.756144%, 	0.190000%, 	0.566144%
2020-04-08 15:09:43, 	Poloniex    , 	Binance     , 	BNT/BTC, 	2.665e-05, 	1150.6787799, 	2.645e-05, 	6.36699518, 	0.756144%, 	0.190000%, 	0.566144%
2020-04-08 15:09:58, 	Poloniex    , 	Binance     , 	BNT/BTC, 	2.665e-05, 	1150.6787799, 	2.645e-05, 	6.36699518, 	0.756144%, 	0.190000%, 	0.566144%
2020-04-08 15:10:13, 	Poloniex    , 	Binance     , 	BNT/BTC, 	2.665e-05, 	1150.6787799, 	2.66e-05, 	6.36699518, 	0.187970%, 	0.190000%, 	-0.002030%
2020-04-08 15:21:16, 	Poloniex    , 	Binance     , 	BNT/BTC, 	2.665e-05, 	1150.6787799, 	2.659e-05, 	6.36699518, 	0.225649%, 	0.190000%, 	0.035649%
2020-04-08 15:21:31, 	Poloniex    , 	Binance     , 	BNT/BTC, 	2.665e-05, 	1150.6787799, 	2.659e-05, 	6.36699518, 	0.225649%, 	0.190000%, 	0.035649%
2020-04-08 15:21:46, 	Poloniex    , 	Binance     , 	BNT/BTC, 	2.665e-05, 	1150.6787799, 	2.659e-05, 	6.36699518, 	0.225649%, 	0.190000%, 	0.035649%
2020-04-08 15:22:01, 	Poloniex    , 	Binance     , 	BNT/BTC, 	2.665e-05, 	1150.6787799, 	2.66e-05, 	6.36699518, 	0.187970%, 	0.190000%, 	-0.002030%
