2020-04-09 09:20:59, 	Poloniex    , 	Binance     , 	PAX/USDT, 	1.00078015, 	68.06091136, 	0.9987, 	6923.77, 	0.208286%, 	0.190000%, 	0.018286%
2020-04-09 09:21:14, 	Poloniex    , 	Binance     , 	PAX/USDT, 	1.00078015, 	68.06091136, 	0.9987, 	6923.77, 	0.208286%, 	0.190000%, 	0.018286%
2020-04-09 09:21:29, 	Poloniex    , 	Binance     , 	PAX/USDT, 	1.00078015, 	68.06091136, 	0.9987, 	6923.77, 	0.208286%, 	0.190000%, 	0.018286%
2020-04-09 09:21:44, 	Poloniex    , 	Binance     , 	PAX/USDT, 	1.00078015, 	68.06091136, 	0.9987, 	6923.77, 	0.208286%, 	0.190000%, 	0.018286%
2020-04-09 09:21:59, 	Poloniex    , 	Binance     , 	PAX/USDT, 	1.00078015, 	68.06091136, 	0.9987, 	6923.77, 	0.208286%, 	0.190000%, 	0.018286%
2020-04-09 09:22:15, 	Poloniex    , 	Binance     , 	PAX/USDT, 	1.00078015, 	68.06091136, 	0.9987, 	6923.77, 	0.208286%, 	0.190000%, 	0.018286%
2020-04-09 09:22:30, 	Poloniex    , 	Binance     , 	PAX/USDT, 	1.00078015, 	68.06091136, 	0.9987, 	6923.77, 	0.208286%, 	0.190000%, 	0.018286%
2020-04-09 09:22:45, 	Poloniex    , 	Binance     , 	PAX/USDT, 	1.00078015, 	68.06091136, 	0.9987, 	6923.77, 	0.208286%, 	0.190000%, 	0.018286%
2020-04-09 09:23:00, 	Poloniex    , 	Binance     , 	PAX/USDT, 	1.00078015, 	68.06091136, 	0.9987, 	6923.77, 	0.208286%, 	0.190000%, 	0.018286%
2020-04-09 09:23:15, 	Poloniex    , 	Binance     , 	PAX/USDT, 	1.00078015, 	68.06091136, 	0.9987, 	6923.77, 	0.208286%, 	0.190000%, 	0.018286%
2020-04-09 09:23:30, 	Poloniex    , 	Binance     , 	PAX/USDT, 	1.00078015, 	68.06091136, 	0.9987, 	6923.77, 	0.208286%, 	0.190000%, 	0.018286%
2020-04-09 09:23:45, 	Poloniex    , 	Binance     , 	PAX/USDT, 	1.00078015, 	68.06091136, 	0.9987, 	6923.77, 	0.208286%, 	0.190000%, 	0.018286%
2020-04-09 09:24:00, 	Poloniex    , 	Binance     , 	PAX/USDT, 	1.00078015, 	68.06091136, 	0.9987, 	6923.77, 	0.208286%, 	0.190000%, 	0.018286%
2020-04-09 09:24:15, 	Poloniex    , 	Binance     , 	PAX/USDT, 	1.00078015, 	68.06091136, 	0.9987, 	5789.28, 	0.208286%, 	0.190000%, 	0.018286%
2020-04-09 09:24:30, 	Poloniex    , 	Binance     , 	PAX/USDT, 	1.00078015, 	68.06091136, 	0.9987, 	5789.28, 	0.208286%, 	0.190000%, 	0.018286%
2020-04-09 09:24:45, 	Poloniex    , 	Binance     , 	PAX/USDT, 	1.00078015, 	68.06091136, 	0.9987, 	7239.28, 	0.208286%, 	0.190000%, 	0.018286%
2020-04-09 09:25:00, 	Poloniex    , 	Binance     , 	PAX/USDT, 	1.00078015, 	68.06091136, 	0.9985, 	5000.0, 	0.228358%, 	0.190000%, 	0.038358%
2020-04-09 09:25:15, 	Poloniex    , 	Binance     , 	PAX/USDT, 	1.00078015, 	68.06091136, 	0.9985, 	5000.0, 	0.228358%, 	0.190000%, 	0.038358%
2020-04-09 09:25:30, 	Poloniex    , 	Binance     , 	PAX/USDT, 	1.00078015, 	68.06091136, 	0.9985, 	6999.8, 	0.228358%, 	0.190000%, 	0.038358%
2020-04-09 09:25:45, 	Poloniex    , 	Binance     , 	PAX/USDT, 	1.00078015, 	68.06091136, 	0.9985, 	5000.0, 	0.228358%, 	0.190000%, 	0.038358%
2020-04-09 09:26:00, 	Poloniex    , 	Binance     , 	PAX/USDT, 	1.00078015, 	68.06091136, 	0.9985, 	5000.0, 	0.228358%, 	0.190000%, 	0.038358%
2020-04-09 09:26:15, 	Poloniex    , 	Binance     , 	PAX/USDT, 	1.00078015, 	68.06091136, 	0.9985, 	6999.8, 	0.228358%, 	0.190000%, 	0.038358%
2020-04-09 09:26:30, 	Poloniex    , 	Binance     , 	PAX/USDT, 	1.00078015, 	68.06091136, 	0.9985, 	6999.8, 	0.228358%, 	0.190000%, 	0.038358%
2020-04-09 09:26:45, 	Poloniex    , 	Binance     , 	PAX/USDT, 	1.00078015, 	68.06091136, 	0.9985, 	5000.0, 	0.228358%, 	0.190000%, 	0.038358%
2020-04-09 09:27:00, 	Poloniex    , 	Binance     , 	PAX/USDT, 	1.00078015, 	68.06091136, 	0.9985, 	5000.0, 	0.228358%, 	0.190000%, 	0.038358%
2020-04-09 09:27:15, 	Poloniex    , 	Binance     , 	PAX/USDT, 	1.00078015, 	68.06091136, 	0.9985, 	5000.0, 	0.228358%, 	0.190000%, 	0.038358%
2020-04-09 09:27:30, 	Poloniex    , 	Binance     , 	PAX/USDT, 	1.00078015, 	68.06091136, 	0.9985, 	5000.0, 	0.228358%, 	0.190000%, 	0.038358%
2020-04-09 09:27:45, 	Poloniex    , 	Binance     , 	PAX/USDT, 	1.00078015, 	68.06091136, 	0.9985, 	5000.0, 	0.228358%, 	0.190000%, 	0.038358%
2020-04-09 09:28:00, 	Poloniex    , 	Binance     , 	PAX/USDT, 	1.00078015, 	68.06091136, 	0.9985, 	6999.8, 	0.228358%, 	0.190000%, 	0.038358%
2020-04-09 09:28:15, 	Poloniex    , 	Binance     , 	PAX/USDT, 	1.00078015, 	68.06091136, 	0.9985, 	6999.8, 	0.228358%, 	0.190000%, 	0.038358%
2020-04-09 09:28:30, 	Poloniex    , 	Binance     , 	PAX/USDT, 	1.00078015, 	68.06091136, 	0.9985, 	5000.0, 	0.228358%, 	0.190000%, 	0.038358%
2020-04-09 09:28:45, 	Poloniex    , 	Binance     , 	PAX/USDT, 	1.00078015, 	68.06091136, 	0.9985, 	5000.0, 	0.228358%, 	0.190000%, 	0.038358%
2020-04-09 09:29:00, 	Poloniex    , 	Binance     , 	PAX/USDT, 	1.00078015, 	68.06091136, 	0.9985, 	5000.0, 	0.228358%, 	0.190000%, 	0.038358%
2020-04-09 09:29:15, 	Poloniex    , 	Binance     , 	PAX/USDT, 	1.00078015, 	68.06091136, 	0.9985, 	4786.45, 	0.228358%, 	0.190000%, 	0.038358%
2020-04-09 09:29:30, 	Poloniex    , 	Binance     , 	PAX/USDT, 	1.00078015, 	68.06091136, 	0.9986, 	1450.0, 	0.218321%, 	0.190000%, 	0.028321%
2020-04-09 09:29:45, 	Poloniex    , 	Binance     , 	PAX/USDT, 	1.00078015, 	68.06091136, 	0.9986, 	1450.0, 	0.218321%, 	0.190000%, 	0.028321%
2020-04-09 09:30:00, 	Poloniex    , 	Binance     , 	PAX/USDT, 	1.00078015, 	68.06091136, 	0.9986, 	14336.28, 	0.218321%, 	0.190000%, 	0.028321%
2020-04-09 09:30:15, 	Poloniex    , 	Binance     , 	PAX/USDT, 	1.00078015, 	68.06091136, 	0.9986, 	14336.28, 	0.218321%, 	0.190000%, 	0.028321%
2020-04-09 09:30:30, 	Poloniex    , 	Binance     , 	PAX/USDT, 	1.00078015, 	68.06091136, 	0.9986, 	14336.28, 	0.218321%, 	0.190000%, 	0.028321%
2020-04-09 09:30:45, 	Poloniex    , 	Binance     , 	PAX/USDT, 	1.00078015, 	68.06091136, 	0.9986, 	14336.28, 	0.218321%, 	0.190000%, 	0.028321%
2020-04-09 09:31:00, 	Poloniex    , 	Binance     , 	PAX/USDT, 	1.00078015, 	68.06091136, 	0.9986, 	14336.28, 	0.218321%, 	0.190000%, 	0.028321%
2020-04-09 09:31:15, 	Poloniex    , 	Binance     , 	PAX/USDT, 	1.00078015, 	68.06091136, 	0.9986, 	14336.28, 	0.218321%, 	0.190000%, 	0.028321%
2020-04-09 09:31:30, 	Poloniex    , 	Binance     , 	PAX/USDT, 	1.00078015, 	68.06091136, 	0.9986, 	14336.28, 	0.218321%, 	0.190000%, 	0.028321%
2020-04-09 09:31:45, 	Poloniex    , 	Binance     , 	PAX/USDT, 	1.00078015, 	68.06091136, 	0.9986, 	14336.28, 	0.218321%, 	0.190000%, 	0.028321%
2020-04-09 09:32:00, 	Poloniex    , 	Binance     , 	PAX/USDT, 	1.00078015, 	68.06091136, 	0.9986, 	14336.28, 	0.218321%, 	0.190000%, 	0.028321%
2020-04-09 09:32:15, 	Poloniex    , 	Binance     , 	PAX/USDT, 	1.00078015, 	68.06091136, 	0.9986, 	14336.28, 	0.218321%, 	0.190000%, 	0.028321%
2020-04-09 09:32:30, 	Poloniex    , 	Binance     , 	PAX/USDT, 	1.00078015, 	68.06091136, 	0.9986, 	14336.28, 	0.218321%, 	0.190000%, 	0.028321%
2020-04-09 09:32:45, 	Poloniex    , 	Binance     , 	PAX/USDT, 	1.00078015, 	68.06091136, 	0.9986, 	5882.93, 	0.218321%, 	0.190000%, 	0.028321%
2020-04-09 09:33:00, 	Poloniex    , 	Binance     , 	PAX/USDT, 	1.00078015, 	68.06091136, 	0.9986, 	5882.93, 	0.218321%, 	0.190000%, 	0.028321%
2020-04-09 09:33:15, 	Poloniex    , 	Binance     , 	PAX/USDT, 	1.00078015, 	68.06091136, 	0.9986, 	5833.97, 	0.218321%, 	0.190000%, 	0.028321%
2020-04-09 09:33:30, 	Poloniex    , 	Binance     , 	PAX/USDT, 	1.00078015, 	68.06091136, 	0.9986, 	4454.81, 	0.218321%, 	0.190000%, 	0.028321%
2020-04-09 09:33:45, 	Poloniex    , 	Binance     , 	PAX/USDT, 	1.00078015, 	68.06091136, 	0.9986, 	5904.81, 	0.218321%, 	0.190000%, 	0.028321%
2020-04-09 09:34:00, 	Poloniex    , 	Binance     , 	PAX/USDT, 	1.00078015, 	68.06091136, 	0.9986, 	5904.81, 	0.218321%, 	0.190000%, 	0.028321%
2020-04-09 09:34:15, 	Poloniex    , 	Binance     , 	PAX/USDT, 	1.00078015, 	68.06091136, 	0.9986, 	5904.81, 	0.218321%, 	0.190000%, 	0.028321%
2020-04-09 09:34:30, 	Poloniex    , 	Binance     , 	PAX/USDT, 	1.00078015, 	68.06091136, 	0.9986, 	5904.81, 	0.218321%, 	0.190000%, 	0.028321%
2020-04-09 09:34:45, 	Poloniex    , 	Binance     , 	PAX/USDT, 	1.00078015, 	68.06091136, 	0.9986, 	5904.81, 	0.218321%, 	0.190000%, 	0.028321%
2020-04-09 09:35:00, 	Poloniex    , 	Binance     , 	PAX/USDT, 	1.00078015, 	68.06091136, 	0.9986, 	5904.81, 	0.218321%, 	0.190000%, 	0.028321%
2020-04-09 09:35:15, 	Poloniex    , 	Binance     , 	PAX/USDT, 	1.00078015, 	68.06091136, 	0.9986, 	5904.81, 	0.218321%, 	0.190000%, 	0.028321%
2020-04-09 09:35:30, 	Poloniex    , 	Binance     , 	PAX/USDT, 	1.00078015, 	68.06091136, 	0.9986, 	5904.81, 	0.218321%, 	0.190000%, 	0.028321%
2020-04-09 09:35:45, 	Poloniex    , 	Binance     , 	PAX/USDT, 	1.00078015, 	68.06091136, 	0.9986, 	5904.81, 	0.218321%, 	0.190000%, 	0.028321%
2020-04-09 09:36:00, 	Poloniex    , 	Binance     , 	PAX/USDT, 	1.00078015, 	68.06091136, 	0.9986, 	5904.81, 	0.218321%, 	0.190000%, 	0.028321%
2020-04-09 09:36:15, 	Poloniex    , 	Binance     , 	PAX/USDT, 	1.00078015, 	68.06091136, 	0.9986, 	5215.29, 	0.218321%, 	0.190000%, 	0.028321%
2020-04-09 09:36:30, 	Poloniex    , 	Binance     , 	PAX/USDT, 	1.00078015, 	68.06091136, 	0.9986, 	5215.29, 	0.218321%, 	0.190000%, 	0.028321%
2020-04-09 09:36:45, 	Poloniex    , 	Binance     , 	PAX/USDT, 	1.00078015, 	68.06091136, 	0.9986, 	5215.29, 	0.218321%, 	0.190000%, 	0.028321%
2020-04-09 09:37:00, 	Poloniex    , 	Binance     , 	PAX/USDT, 	1.00078015, 	68.06091136, 	0.9986, 	5215.29, 	0.218321%, 	0.190000%, 	0.028321%
2020-04-09 09:37:15, 	Poloniex    , 	Binance     , 	PAX/USDT, 	1.00078015, 	68.06091136, 	0.9986, 	5042.34, 	0.218321%, 	0.190000%, 	0.028321%
2020-04-09 09:37:30, 	Poloniex    , 	Binance     , 	PAX/USDT, 	1.00078015, 	68.06091136, 	0.9986, 	5031.32, 	0.218321%, 	0.190000%, 	0.028321%
2020-04-09 09:37:45, 	Poloniex    , 	Binance     , 	PAX/USDT, 	1.00078015, 	68.06091136, 	0.9986, 	5031.32, 	0.218321%, 	0.190000%, 	0.028321%
2020-04-09 09:38:00, 	Poloniex    , 	Binance     , 	PAX/USDT, 	1.00078015, 	68.06091136, 	0.9986, 	5031.32, 	0.218321%, 	0.190000%, 	0.028321%
2020-04-09 09:38:15, 	Poloniex    , 	Binance     , 	PAX/USDT, 	1.00078015, 	68.06091136, 	0.9986, 	5031.32, 	0.218321%, 	0.190000%, 	0.028321%
2020-04-09 09:38:30, 	Poloniex    , 	Binance     , 	PAX/USDT, 	1.00078015, 	68.06091136, 	0.9986, 	5031.32, 	0.218321%, 	0.190000%, 	0.028321%
2020-04-09 09:38:45, 	Poloniex    , 	Binance     , 	PAX/USDT, 	1.00078015, 	68.06091136, 	0.9986, 	5026.5, 	0.218321%, 	0.190000%, 	0.028321%
2020-04-09 09:39:00, 	Poloniex    , 	Binance     , 	PAX/USDT, 	1.00078015, 	68.06091136, 	0.9986, 	12913.14, 	0.218321%, 	0.190000%, 	0.028321%
2020-04-09 09:39:15, 	Poloniex    , 	Binance     , 	PAX/USDT, 	1.00078015, 	68.06091136, 	0.9986, 	12913.14, 	0.218321%, 	0.190000%, 	0.028321%
2020-04-09 09:39:30, 	Poloniex    , 	Binance     , 	PAX/USDT, 	1.00078015, 	68.06091136, 	0.9986, 	12913.14, 	0.218321%, 	0.190000%, 	0.028321%
2020-04-09 09:39:45, 	Poloniex    , 	Binance     , 	PAX/USDT, 	1.00078015, 	68.06091136, 	0.9984, 	1504.48, 	0.238396%, 	0.190000%, 	0.048396%
2020-04-09 09:40:00, 	Poloniex    , 	Binance     , 	PAX/USDT, 	1.00078015, 	68.06091136, 	0.9985, 	11004.2, 	0.228358%, 	0.190000%, 	0.038358%
2020-04-09 09:40:15, 	Poloniex    , 	Binance     , 	PAX/USDT, 	1.00078015, 	68.06091136, 	0.9985, 	11004.2, 	0.228358%, 	0.190000%, 	0.038358%
2020-04-09 09:40:30, 	Poloniex    , 	Binance     , 	PAX/USDT, 	1.00078015, 	68.06091136, 	0.9985, 	11020.68, 	0.228358%, 	0.190000%, 	0.038358%
2020-04-09 09:40:45, 	Poloniex    , 	Binance     , 	PAX/USDT, 	1.00078015, 	68.06091136, 	0.9985, 	11020.68, 	0.228358%, 	0.190000%, 	0.038358%
2020-04-09 09:41:00, 	Poloniex    , 	Binance     , 	PAX/USDT, 	1.00078015, 	68.06091136, 	0.9985, 	11020.68, 	0.228358%, 	0.190000%, 	0.038358%
2020-04-09 09:41:15, 	Poloniex    , 	Binance     , 	PAX/USDT, 	1.00078015, 	68.06091136, 	0.9985, 	11020.68, 	0.228358%, 	0.190000%, 	0.038358%
2020-04-09 09:41:30, 	Poloniex    , 	Binance     , 	PAX/USDT, 	1.00078015, 	68.06091136, 	0.9985, 	8784.35, 	0.228358%, 	0.190000%, 	0.038358%
2020-04-09 09:41:45, 	Poloniex    , 	Binance     , 	PAX/USDT, 	1.00078015, 	68.06091136, 	0.9985, 	8176.22, 	0.228358%, 	0.190000%, 	0.038358%
2020-04-09 09:42:00, 	Poloniex    , 	Binance     , 	PAX/USDT, 	1.00078015, 	68.06091136, 	0.9985, 	7905.95, 	0.228358%, 	0.190000%, 	0.038358%
2020-04-09 09:42:15, 	Poloniex    , 	Binance     , 	PAX/USDT, 	1.00078015, 	68.06091136, 	0.9985, 	6657.99, 	0.228358%, 	0.190000%, 	0.038358%
2020-04-09 09:42:30, 	Poloniex    , 	Binance     , 	PAX/USDT, 	1.00078015, 	68.06091136, 	0.9985, 	6196.6, 	0.228358%, 	0.190000%, 	0.038358%
2020-04-09 09:42:45, 	Poloniex    , 	Binance     , 	PAX/USDT, 	1.00078015, 	68.06091136, 	0.9986, 	3576.5, 	0.218321%, 	0.190000%, 	0.028321%
2020-04-09 09:43:00, 	Poloniex    , 	Binance     , 	PAX/USDT, 	1.00078015, 	68.06091136, 	0.9986, 	5026.5, 	0.218321%, 	0.190000%, 	0.028321%
2020-04-09 09:43:15, 	Poloniex    , 	Binance     , 	PAX/USDT, 	1.00078015, 	68.06091136, 	0.9986, 	6476.5, 	0.218321%, 	0.190000%, 	0.028321%
2020-04-09 09:43:30, 	Poloniex    , 	Binance     , 	PAX/USDT, 	1.00078015, 	68.06091136, 	0.9986, 	7237.34, 	0.218321%, 	0.190000%, 	0.028321%
2020-04-09 09:43:45, 	Poloniex    , 	Binance     , 	PAX/USDT, 	1.00078015, 	68.06091136, 	0.9986, 	7237.34, 	0.218321%, 	0.190000%, 	0.028321%
2020-04-09 09:44:00, 	Poloniex    , 	Binance     , 	PAX/USDT, 	1.00078015, 	68.06091136, 	0.9986, 	6547.98, 	0.218321%, 	0.190000%, 	0.028321%
2020-04-09 09:44:15, 	Poloniex    , 	Binance     , 	PAX/USDT, 	1.00078015, 	68.06091136, 	0.9986, 	6547.98, 	0.218321%, 	0.190000%, 	0.028321%
2020-04-09 09:44:30, 	Poloniex    , 	Binance     , 	PAX/USDT, 	1.00078015, 	68.06091136, 	0.9986, 	6547.98, 	0.218321%, 	0.190000%, 	0.028321%
2020-04-09 09:44:45, 	Poloniex    , 	Binance     , 	PAX/USDT, 	1.00078015, 	68.06091136, 	0.9986, 	6547.98, 	0.218321%, 	0.190000%, 	0.028321%
2020-04-09 09:45:00, 	Poloniex    , 	Binance     , 	PAX/USDT, 	1.00078015, 	68.06091136, 	0.9986, 	6547.98, 	0.218321%, 	0.190000%, 	0.028321%
2020-04-09 09:45:15, 	Poloniex    , 	Binance     , 	PAX/USDT, 	1.00078015, 	68.06091136, 	0.9986, 	6547.98, 	0.218321%, 	0.190000%, 	0.028321%
2020-04-09 09:45:30, 	Poloniex    , 	Binance     , 	PAX/USDT, 	1.00078015, 	68.06091136, 	0.9986, 	6547.98, 	0.218321%, 	0.190000%, 	0.028321%
2020-04-09 09:45:45, 	Poloniex    , 	Binance     , 	PAX/USDT, 	1.00078015, 	68.06091136, 	0.9986, 	4479.5, 	0.218321%, 	0.190000%, 	0.028321%
2020-04-09 09:46:00, 	Poloniex    , 	Binance     , 	PAX/USDT, 	1.00078015, 	68.06091136, 	0.9986, 	4479.5, 	0.218321%, 	0.190000%, 	0.028321%
2020-04-09 09:46:15, 	Poloniex    , 	Binance     , 	PAX/USDT, 	1.00078015, 	68.06091136, 	0.9986, 	3789.86, 	0.218321%, 	0.190000%, 	0.028321%
2020-04-09 09:46:30, 	Poloniex    , 	Binance     , 	PAX/USDT, 	1.00078015, 	68.06091136, 	0.9986, 	3789.86, 	0.218321%, 	0.190000%, 	0.028321%
2020-04-09 09:46:45, 	Poloniex    , 	Binance     , 	PAX/USDT, 	1.00078015, 	68.06091136, 	0.9986, 	7408.48, 	0.218321%, 	0.190000%, 	0.028321%
2020-04-09 09:47:00, 	Poloniex    , 	Binance     , 	PAX/USDT, 	1.00078015, 	68.06091136, 	0.9986, 	7408.48, 	0.218321%, 	0.190000%, 	0.028321%
2020-04-09 09:47:15, 	Poloniex    , 	Binance     , 	PAX/USDT, 	1.00078015, 	68.06091136, 	0.9986, 	7357.88, 	0.218321%, 	0.190000%, 	0.028321%
2020-04-09 09:47:30, 	Poloniex    , 	Binance     , 	PAX/USDT, 	1.00078015, 	68.06091136, 	0.9986, 	4289.38, 	0.218321%, 	0.190000%, 	0.028321%
2020-04-09 09:47:45, 	Poloniex    , 	Binance     , 	PAX/USDT, 	1.00078015, 	68.06091136, 	0.9986, 	4289.38, 	0.218321%, 	0.190000%, 	0.028321%
2020-04-09 09:48:00, 	Poloniex    , 	Binance     , 	PAX/USDT, 	1.00078015, 	68.06091136, 	0.9986, 	3288.38, 	0.218321%, 	0.190000%, 	0.028321%
2020-04-09 09:48:15, 	Poloniex    , 	Binance     , 	PAX/USDT, 	1.00078015, 	68.06091136, 	0.9986, 	3288.38, 	0.218321%, 	0.190000%, 	0.028321%
2020-04-09 09:48:30, 	Poloniex    , 	Binance     , 	PAX/USDT, 	1.00078015, 	68.06091136, 	0.9986, 	3288.38, 	0.218321%, 	0.190000%, 	0.028321%
2020-04-09 09:48:45, 	Poloniex    , 	Binance     , 	PAX/USDT, 	1.00078015, 	68.06091136, 	0.9986, 	2813.64, 	0.218321%, 	0.190000%, 	0.028321%
2020-04-09 09:49:00, 	Poloniex    , 	Binance     , 	PAX/USDT, 	1.00078015, 	68.06091136, 	0.9986, 	2813.64, 	0.218321%, 	0.190000%, 	0.028321%
2020-04-09 09:49:15, 	Poloniex    , 	Binance     , 	PAX/USDT, 	1.00078015, 	68.06091136, 	0.9986, 	2800.05, 	0.218321%, 	0.190000%, 	0.028321%
2020-04-09 09:49:30, 	Poloniex    , 	Binance     , 	PAX/USDT, 	1.00078015, 	68.06091136, 	0.9986, 	2800.05, 	0.218321%, 	0.190000%, 	0.028321%
2020-04-09 09:49:45, 	Poloniex    , 	Binance     , 	PAX/USDT, 	1.00078015, 	68.06091136, 	0.9986, 	2800.05, 	0.218321%, 	0.190000%, 	0.028321%
2020-04-09 09:50:00, 	Poloniex    , 	Binance     , 	PAX/USDT, 	1.00078015, 	68.06091136, 	0.9986, 	2800.05, 	0.218321%, 	0.190000%, 	0.028321%
2020-04-09 09:50:15, 	Poloniex    , 	Binance     , 	PAX/USDT, 	1.00078015, 	68.06091136, 	0.9986, 	2800.05, 	0.218321%, 	0.190000%, 	0.028321%
2020-04-09 09:50:30, 	Poloniex    , 	Binance     , 	PAX/USDT, 	1.00078015, 	68.06091136, 	0.9986, 	2800.05, 	0.218321%, 	0.190000%, 	0.028321%
2020-04-09 09:50:45, 	Poloniex    , 	Binance     , 	PAX/USDT, 	1.00078015, 	68.06091136, 	0.9986, 	2757.09, 	0.218321%, 	0.190000%, 	0.028321%
2020-04-09 09:51:00, 	Poloniex    , 	Binance     , 	PAX/USDT, 	1.00078015, 	68.06091136, 	0.9986, 	2757.09, 	0.218321%, 	0.190000%, 	0.028321%
2020-04-09 09:51:15, 	Poloniex    , 	Binance     , 	PAX/USDT, 	1.00078015, 	68.06091136, 	0.9986, 	2663.09, 	0.218321%, 	0.190000%, 	0.028321%
2020-04-09 09:51:30, 	Poloniex    , 	Binance     , 	PAX/USDT, 	1.00078015, 	68.06091136, 	0.9987, 	45680.25, 	0.208286%, 	0.190000%, 	0.018286%
2020-04-09 09:51:45, 	Poloniex    , 	Binance     , 	PAX/USDT, 	1.00078015, 	68.06091136, 	0.9987, 	45645.76, 	0.208286%, 	0.190000%, 	0.018286%
2020-04-09 09:52:00, 	Poloniex    , 	Binance     , 	PAX/USDT, 	1.00078015, 	68.06091136, 	0.9987, 	45645.76, 	0.208286%, 	0.190000%, 	0.018286%
2020-04-09 09:52:15, 	Poloniex    , 	Binance     , 	PAX/USDT, 	1.00078015, 	68.06091136, 	0.9987, 	45645.76, 	0.208286%, 	0.190000%, 	0.018286%
2020-04-09 09:52:30, 	Poloniex    , 	Binance     , 	PAX/USDT, 	1.00078015, 	68.06091136, 	0.9987, 	45625.81, 	0.208286%, 	0.190000%, 	0.018286%
2020-04-09 09:52:45, 	Poloniex    , 	Binance     , 	PAX/USDT, 	1.00078015, 	68.06091136, 	0.9987, 	45625.81, 	0.208286%, 	0.190000%, 	0.018286%
2020-04-09 09:53:00, 	Poloniex    , 	Binance     , 	PAX/USDT, 	1.00078015, 	68.06091136, 	0.9987, 	45625.81, 	0.208286%, 	0.190000%, 	0.018286%
2020-04-09 09:53:15, 	Poloniex    , 	Binance     , 	PAX/USDT, 	1.00078015, 	68.06091136, 	0.9987, 	45625.81, 	0.208286%, 	0.190000%, 	0.018286%
2020-04-09 09:53:30, 	Poloniex    , 	Binance     , 	PAX/USDT, 	1.00078015, 	68.06091136, 	0.9987, 	8085.04, 	0.208286%, 	0.190000%, 	0.018286%
2020-04-09 10:16:25, 	Poloniex    , 	Binance     , 	PAX/USDT, 	1.00078015, 	68.06091136, 	0.9987, 	1450.0, 	0.208286%, 	0.190000%, 	0.018286%
2020-04-09 10:16:40, 	Poloniex    , 	Binance     , 	PAX/USDT, 	1.00078015, 	68.06091136, 	0.9987, 	1450.0, 	0.208286%, 	0.190000%, 	0.018286%
2020-04-09 10:16:55, 	Poloniex    , 	Binance     , 	PAX/USDT, 	1.00078015, 	68.06091136, 	0.9987, 	1450.0, 	0.208286%, 	0.190000%, 	0.018286%
2020-04-09 10:17:10, 	Poloniex    , 	Binance     , 	PAX/USDT, 	1.00078015, 	68.06091136, 	0.9987, 	1450.0, 	0.208286%, 	0.190000%, 	0.018286%
2020-04-09 10:17:25, 	Poloniex    , 	Binance     , 	PAX/USDT, 	1.00078015, 	68.06091136, 	0.9987, 	1450.0, 	0.208286%, 	0.190000%, 	0.018286%
2020-04-09 10:17:40, 	Poloniex    , 	Binance     , 	PAX/USDT, 	1.00078015, 	68.06091136, 	0.9987, 	1450.0, 	0.208286%, 	0.190000%, 	0.018286%
2020-04-09 10:17:55, 	Poloniex    , 	Binance     , 	PAX/USDT, 	1.00078015, 	68.06091136, 	0.9987, 	1450.0, 	0.208286%, 	0.190000%, 	0.018286%
2020-04-09 10:18:10, 	Poloniex    , 	Binance     , 	PAX/USDT, 	1.00078015, 	68.06091136, 	0.9987, 	1417.24, 	0.208286%, 	0.190000%, 	0.018286%
2020-04-09 10:18:25, 	Poloniex    , 	Binance     , 	PAX/USDT, 	1.00078015, 	68.06091136, 	0.9988, 	30544.07, 	0.198253%, 	0.190000%, 	0.008253%
2020-04-09 10:18:40, 	Poloniex    , 	Binance     , 	PAX/USDT, 	1.00078015, 	68.06091136, 	0.9988, 	22538.12, 	0.198253%, 	0.190000%, 	0.008253%
2020-04-09 10:18:55, 	Poloniex    , 	Binance     , 	PAX/USDT, 	1.00078015, 	68.06091136, 	0.9988, 	22538.12, 	0.198253%, 	0.190000%, 	0.008253%
2020-04-09 10:19:10, 	Poloniex    , 	Binance     , 	PAX/USDT, 	1.00078015, 	68.06091136, 	0.9988, 	22538.12, 	0.198253%, 	0.190000%, 	0.008253%
2020-04-09 10:19:25, 	Poloniex    , 	Binance     , 	PAX/USDT, 	1.00078015, 	68.06091136, 	0.9988, 	22538.12, 	0.198253%, 	0.190000%, 	0.008253%
2020-04-09 10:19:40, 	Poloniex    , 	Binance     , 	PAX/USDT, 	1.00078015, 	68.06091136, 	0.9988, 	21037.68, 	0.198253%, 	0.190000%, 	0.008253%
2020-04-09 10:19:55, 	Poloniex    , 	Binance     , 	PAX/USDT, 	1.00078015, 	68.06091136, 	0.9988, 	21037.68, 	0.198253%, 	0.190000%, 	0.008253%
2020-04-09 10:20:10, 	Poloniex    , 	Binance     , 	PAX/USDT, 	1.00078015, 	68.06091136, 	0.9988, 	21037.68, 	0.198253%, 	0.190000%, 	0.008253%
2020-04-09 10:20:25, 	Poloniex    , 	Binance     , 	PAX/USDT, 	1.00078015, 	68.06091136, 	0.9988, 	21037.68, 	0.198253%, 	0.190000%, 	0.008253%
2020-04-09 10:20:40, 	Poloniex    , 	Binance     , 	PAX/USDT, 	1.00078015, 	68.06091136, 	0.9988, 	21037.68, 	0.198253%, 	0.190000%, 	0.008253%
2020-04-09 10:20:55, 	Poloniex    , 	Binance     , 	PAX/USDT, 	1.00078015, 	68.06091136, 	0.9988, 	21037.68, 	0.198253%, 	0.190000%, 	0.008253%
2020-04-09 10:21:10, 	Poloniex    , 	Binance     , 	PAX/USDT, 	1.00078015, 	68.06091136, 	0.9988, 	26037.68, 	0.198253%, 	0.190000%, 	0.008253%
2020-04-09 10:21:25, 	Poloniex    , 	Binance     , 	PAX/USDT, 	1.00078015, 	68.06091136, 	0.9988, 	26037.68, 	0.198253%, 	0.190000%, 	0.008253%
2020-04-09 10:21:40, 	Poloniex    , 	Binance     , 	PAX/USDT, 	1.00078015, 	68.06091136, 	0.9988, 	26037.68, 	0.198253%, 	0.190000%, 	0.008253%
2020-04-09 10:21:55, 	Poloniex    , 	Binance     , 	PAX/USDT, 	1.00078015, 	68.06091136, 	0.9988, 	26037.68, 	0.198253%, 	0.190000%, 	0.008253%
2020-04-09 10:22:10, 	Poloniex    , 	Binance     , 	PAX/USDT, 	1.00078015, 	68.06091136, 	0.9988, 	26003.84, 	0.198253%, 	0.190000%, 	0.008253%
2020-04-09 10:22:25, 	Poloniex    , 	Binance     , 	PAX/USDT, 	1.00078015, 	68.06091136, 	0.9988, 	25920.59, 	0.198253%, 	0.190000%, 	0.008253%
2020-04-09 10:22:40, 	Poloniex    , 	Binance     , 	PAX/USDT, 	1.00078015, 	68.06091136, 	0.9988, 	25920.59, 	0.198253%, 	0.190000%, 	0.008253%
2020-04-09 10:22:55, 	Poloniex    , 	Binance     , 	PAX/USDT, 	1.00078015, 	68.06091136, 	0.9988, 	25920.59, 	0.198253%, 	0.190000%, 	0.008253%
2020-04-09 10:23:10, 	Poloniex    , 	Binance     , 	PAX/USDT, 	1.00078015, 	68.06091136, 	0.9988, 	25920.59, 	0.198253%, 	0.190000%, 	0.008253%
2020-04-09 10:23:25, 	Poloniex    , 	Binance     , 	PAX/USDT, 	1.00078015, 	68.06091136, 	0.9988, 	25920.59, 	0.198253%, 	0.190000%, 	0.008253%
2020-04-09 10:23:40, 	Poloniex    , 	Binance     , 	PAX/USDT, 	1.00078015, 	68.06091136, 	0.9988, 	27920.39, 	0.198253%, 	0.190000%, 	0.008253%
2020-04-09 10:23:55, 	Poloniex    , 	Binance     , 	PAX/USDT, 	1.00078015, 	68.06091136, 	0.9988, 	27920.39, 	0.198253%, 	0.190000%, 	0.008253%
2020-04-09 10:24:10, 	Poloniex    , 	Binance     , 	PAX/USDT, 	1.00078015, 	68.06091136, 	0.9988, 	27920.39, 	0.198253%, 	0.190000%, 	0.008253%
2020-04-09 10:24:25, 	Poloniex    , 	Binance     , 	PAX/USDT, 	1.00078015, 	68.06091136, 	0.9988, 	27920.39, 	0.198253%, 	0.190000%, 	0.008253%
2020-04-09 10:24:40, 	Poloniex    , 	Binance     , 	PAX/USDT, 	1.00078015, 	68.06091136, 	0.9988, 	27920.39, 	0.198253%, 	0.190000%, 	0.008253%
2020-04-09 10:24:55, 	Poloniex    , 	Binance     , 	PAX/USDT, 	1.00078015, 	68.06091136, 	0.9988, 	27920.39, 	0.198253%, 	0.190000%, 	0.008253%
2020-04-09 10:25:10, 	Poloniex    , 	Binance     , 	PAX/USDT, 	1.00078015, 	68.06091136, 	0.9988, 	27920.39, 	0.198253%, 	0.190000%, 	0.008253%
2020-04-09 10:25:25, 	Poloniex    , 	Binance     , 	PAX/USDT, 	1.00078015, 	68.06091136, 	0.9988, 	27920.39, 	0.198253%, 	0.190000%, 	0.008253%
2020-04-09 10:25:40, 	Poloniex    , 	Binance     , 	PAX/USDT, 	1.00078015, 	68.06091136, 	0.9988, 	27920.39, 	0.198253%, 	0.190000%, 	0.008253%
2020-04-09 10:25:55, 	Poloniex    , 	Binance     , 	PAX/USDT, 	1.00078015, 	68.06091136, 	0.9988, 	27920.39, 	0.198253%, 	0.190000%, 	0.008253%
2020-04-09 10:26:10, 	Poloniex    , 	Binance     , 	PAX/USDT, 	1.00078015, 	68.06091136, 	0.9988, 	27920.39, 	0.198253%, 	0.190000%, 	0.008253%
2020-04-09 10:26:25, 	Poloniex    , 	Binance     , 	PAX/USDT, 	1.00078015, 	68.06091136, 	0.9988, 	27920.39, 	0.198253%, 	0.190000%, 	0.008253%
2020-04-09 10:26:40, 	Poloniex    , 	Binance     , 	PAX/USDT, 	1.00078015, 	68.06091136, 	0.9988, 	24333.7, 	0.198253%, 	0.190000%, 	0.008253%
2020-04-09 10:26:55, 	Poloniex    , 	Binance     , 	PAX/USDT, 	1.00078015, 	68.06091136, 	0.9987, 	12502.63, 	0.208286%, 	0.190000%, 	0.018286%
2020-04-09 10:27:10, 	Poloniex    , 	Binance     , 	PAX/USDT, 	1.00078015, 	68.06091136, 	0.9987, 	12502.63, 	0.208286%, 	0.190000%, 	0.018286%
2020-04-09 10:27:25, 	Poloniex    , 	Binance     , 	PAX/USDT, 	1.00078015, 	68.06091136, 	0.9987, 	12502.63, 	0.208286%, 	0.190000%, 	0.018286%
2020-04-09 10:27:40, 	Poloniex    , 	Binance     , 	PAX/USDT, 	1.00078015, 	68.06091136, 	0.9987, 	12502.63, 	0.208286%, 	0.190000%, 	0.018286%
2020-04-09 10:27:55, 	Poloniex    , 	Binance     , 	PAX/USDT, 	1.00078015, 	68.06091136, 	0.9987, 	12502.63, 	0.208286%, 	0.190000%, 	0.018286%
2020-04-09 10:28:10, 	Poloniex    , 	Binance     , 	PAX/USDT, 	1.00078015, 	68.06091136, 	0.9987, 	12502.63, 	0.208286%, 	0.190000%, 	0.018286%
2020-04-09 10:28:25, 	Poloniex    , 	Binance     , 	PAX/USDT, 	1.00078015, 	68.06091136, 	0.9987, 	12502.63, 	0.208286%, 	0.190000%, 	0.018286%
2020-04-09 10:28:40, 	Poloniex    , 	Binance     , 	PAX/USDT, 	1.00078015, 	68.06091136, 	0.9987, 	12502.63, 	0.208286%, 	0.190000%, 	0.018286%
2020-04-09 10:28:55, 	Poloniex    , 	Binance     , 	PAX/USDT, 	1.00078015, 	68.06091136, 	0.9987, 	12502.63, 	0.208286%, 	0.190000%, 	0.018286%
2020-04-09 10:29:10, 	Poloniex    , 	Binance     , 	PAX/USDT, 	1.00078015, 	68.06091136, 	0.9987, 	12502.63, 	0.208286%, 	0.190000%, 	0.018286%
2020-04-09 10:29:25, 	Poloniex    , 	Binance     , 	PAX/USDT, 	1.00078015, 	68.06091136, 	0.9987, 	12502.63, 	0.208286%, 	0.190000%, 	0.018286%
2020-04-09 10:29:40, 	Poloniex    , 	Binance     , 	PAX/USDT, 	1.00078015, 	68.06091136, 	0.9987, 	12502.63, 	0.208286%, 	0.190000%, 	0.018286%
2020-04-09 10:29:55, 	Poloniex    , 	Binance     , 	PAX/USDT, 	1.00078015, 	68.06091136, 	0.9987, 	5000.0, 	0.208286%, 	0.190000%, 	0.018286%
2020-04-09 10:30:10, 	Poloniex    , 	Binance     , 	PAX/USDT, 	1.00078015, 	68.06091136, 	0.9985, 	1127.43, 	0.228358%, 	0.190000%, 	0.038358%
2020-04-09 10:30:25, 	Poloniex    , 	Binance     , 	PAX/USDT, 	1.00078015, 	68.06091136, 	0.9985, 	1127.43, 	0.228358%, 	0.190000%, 	0.038358%
2020-04-09 10:30:41, 	Poloniex    , 	Binance     , 	PAX/USDT, 	1.00078015, 	68.06091136, 	0.9986, 	5000.0, 	0.218321%, 	0.190000%, 	0.028321%
2020-04-09 10:30:56, 	Poloniex    , 	Binance     , 	PAX/USDT, 	1.00078015, 	68.06091136, 	0.9986, 	4960.34, 	0.218321%, 	0.190000%, 	0.028321%
2020-04-09 10:31:11, 	Poloniex    , 	Binance     , 	PAX/USDT, 	1.00078015, 	68.06091136, 	0.9986, 	4675.37, 	0.218321%, 	0.190000%, 	0.028321%
2020-04-09 10:31:26, 	Poloniex    , 	Binance     , 	PAX/USDT, 	1.00078015, 	68.06091136, 	0.9987, 	24333.7, 	0.208286%, 	0.190000%, 	0.018286%
2020-04-09 10:31:41, 	Poloniex    , 	Binance     , 	PAX/USDT, 	1.00078015, 	68.06091136, 	0.9987, 	24333.7, 	0.208286%, 	0.190000%, 	0.018286%
2020-04-09 10:31:56, 	Poloniex    , 	Binance     , 	PAX/USDT, 	1.00078015, 	68.06091136, 	0.9987, 	24333.7, 	0.208286%, 	0.190000%, 	0.018286%
2020-04-09 10:32:11, 	Poloniex    , 	Binance     , 	PAX/USDT, 	1.00078015, 	68.06091136, 	0.9987, 	24281.15, 	0.208286%, 	0.190000%, 	0.018286%
2020-04-09 10:32:26, 	Poloniex    , 	Binance     , 	PAX/USDT, 	1.00078015, 	68.06091136, 	0.9987, 	4947.45, 	0.208286%, 	0.190000%, 	0.018286%
2020-04-09 10:32:41, 	Poloniex    , 	Binance     , 	PAX/USDT, 	1.00078015, 	68.06091136, 	0.9987, 	4947.45, 	0.208286%, 	0.190000%, 	0.018286%
2020-04-09 10:32:56, 	Poloniex    , 	Binance     , 	PAX/USDT, 	1.00078015, 	68.06091136, 	0.9987, 	4947.45, 	0.208286%, 	0.190000%, 	0.018286%
2020-04-09 10:33:11, 	Poloniex    , 	Binance     , 	PAX/USDT, 	1.00078015, 	68.06091136, 	0.9986, 	16.68, 	0.218321%, 	0.190000%, 	0.028321%
2020-04-09 10:33:26, 	Poloniex    , 	Binance     , 	PAX/USDT, 	1.00078015, 	68.06091136, 	0.9986, 	16.68, 	0.218321%, 	0.190000%, 	0.028321%
2020-04-09 10:33:41, 	Poloniex    , 	Binance     , 	PAX/USDT, 	1.00078015, 	68.06091136, 	0.9986, 	16.68, 	0.218321%, 	0.190000%, 	0.028321%
2020-04-09 10:33:56, 	Poloniex    , 	Binance     , 	PAX/USDT, 	1.00078015, 	68.06091136, 	0.9986, 	16.68, 	0.218321%, 	0.190000%, 	0.028321%
2020-04-09 10:34:11, 	Poloniex    , 	Binance     , 	PAX/USDT, 	1.00078015, 	68.06091136, 	0.9986, 	16.68, 	0.218321%, 	0.190000%, 	0.028321%
2020-04-09 10:34:26, 	Poloniex    , 	Binance     , 	PAX/USDT, 	1.00078015, 	68.06091136, 	0.9986, 	16.68, 	0.218321%, 	0.190000%, 	0.028321%
2020-04-09 10:34:41, 	Poloniex    , 	Binance     , 	PAX/USDT, 	1.00078015, 	68.06091136, 	0.9986, 	16.68, 	0.218321%, 	0.190000%, 	0.028321%
2020-04-09 10:34:56, 	Poloniex    , 	Binance     , 	PAX/USDT, 	1.00078015, 	68.06091136, 	0.9986, 	16.68, 	0.218321%, 	0.190000%, 	0.028321%
2020-04-09 10:35:11, 	Poloniex    , 	Binance     , 	PAX/USDT, 	1.00078015, 	68.06091136, 	0.9986, 	16.68, 	0.218321%, 	0.190000%, 	0.028321%
2020-04-09 10:35:26, 	Poloniex    , 	Binance     , 	PAX/USDT, 	1.00078015, 	68.06091136, 	0.9987, 	4919.67, 	0.208286%, 	0.190000%, 	0.018286%
2020-04-09 10:35:41, 	Poloniex    , 	Binance     , 	PAX/USDT, 	1.00078015, 	68.06091136, 	0.9986, 	16.99, 	0.218321%, 	0.190000%, 	0.028321%
2020-04-09 10:35:56, 	Poloniex    , 	Binance     , 	PAX/USDT, 	1.00078015, 	68.06091136, 	0.9986, 	16.99, 	0.218321%, 	0.190000%, 	0.028321%
2020-04-09 10:36:11, 	Poloniex    , 	Binance     , 	PAX/USDT, 	1.00078015, 	68.06091136, 	0.9986, 	16.99, 	0.218321%, 	0.190000%, 	0.028321%
2020-04-09 10:36:26, 	Poloniex    , 	Binance     , 	PAX/USDT, 	1.00078015, 	68.06091136, 	0.9986, 	16.99, 	0.218321%, 	0.190000%, 	0.028321%
2020-04-09 10:36:41, 	Poloniex    , 	Binance     , 	PAX/USDT, 	1.00078015, 	68.06091136, 	0.9986, 	16.99, 	0.218321%, 	0.190000%, 	0.028321%
2020-04-09 10:36:56, 	Poloniex    , 	Binance     , 	PAX/USDT, 	1.00078015, 	68.06091136, 	0.9986, 	5016.99, 	0.218321%, 	0.190000%, 	0.028321%
2020-04-09 10:37:11, 	Poloniex    , 	Binance     , 	PAX/USDT, 	1.00078015, 	68.06091136, 	0.9986, 	5016.99, 	0.218321%, 	0.190000%, 	0.028321%
2020-04-09 10:37:26, 	Poloniex    , 	Binance     , 	PAX/USDT, 	1.00078015, 	68.06091136, 	0.9986, 	5016.99, 	0.218321%, 	0.190000%, 	0.028321%
2020-04-09 10:37:41, 	Poloniex    , 	Binance     , 	PAX/USDT, 	1.00078015, 	68.06091136, 	0.9986, 	5016.99, 	0.218321%, 	0.190000%, 	0.028321%
2020-04-09 10:37:56, 	Poloniex    , 	Binance     , 	PAX/USDT, 	1.00078015, 	68.06091136, 	0.9986, 	5016.99, 	0.218321%, 	0.190000%, 	0.028321%
2020-04-09 10:38:11, 	Poloniex    , 	Binance     , 	PAX/USDT, 	1.00078015, 	68.06091136, 	0.9986, 	5016.99, 	0.218321%, 	0.190000%, 	0.028321%
2020-04-09 10:38:26, 	Poloniex    , 	Binance     , 	PAX/USDT, 	1.00078015, 	68.06091136, 	0.9986, 	5016.99, 	0.218321%, 	0.190000%, 	0.028321%
2020-04-09 10:38:41, 	Poloniex    , 	Binance     , 	PAX/USDT, 	1.00078015, 	68.06091136, 	0.9986, 	5016.99, 	0.218321%, 	0.190000%, 	0.028321%
2020-04-09 10:38:56, 	Poloniex    , 	Binance     , 	PAX/USDT, 	1.00078015, 	68.06091136, 	0.9986, 	5016.99, 	0.218321%, 	0.190000%, 	0.028321%
2020-04-09 10:39:11, 	Poloniex    , 	Binance     , 	PAX/USDT, 	1.00078015, 	68.06091136, 	0.9986, 	7016.79, 	0.218321%, 	0.190000%, 	0.028321%
2020-04-09 10:39:26, 	Poloniex    , 	Binance     , 	PAX/USDT, 	1.00078015, 	68.06091136, 	0.9986, 	7016.79, 	0.218321%, 	0.190000%, 	0.028321%
2020-04-09 10:39:41, 	Poloniex    , 	Binance     , 	PAX/USDT, 	1.00078015, 	68.06091136, 	0.9986, 	7016.79, 	0.218321%, 	0.190000%, 	0.028321%
2020-04-09 10:39:56, 	Poloniex    , 	Binance     , 	PAX/USDT, 	1.00078015, 	68.06091136, 	0.9986, 	7016.79, 	0.218321%, 	0.190000%, 	0.028321%
2020-04-09 10:40:11, 	Poloniex    , 	Binance     , 	PAX/USDT, 	1.00078015, 	68.06091136, 	0.9986, 	7016.79, 	0.218321%, 	0.190000%, 	0.028321%
2020-04-09 10:40:26, 	Poloniex    , 	Binance     , 	PAX/USDT, 	1.00078015, 	68.06091136, 	0.9986, 	7016.79, 	0.218321%, 	0.190000%, 	0.028321%
2020-04-09 10:40:41, 	Poloniex    , 	Binance     , 	PAX/USDT, 	1.00078015, 	68.06091136, 	0.9986, 	7016.79, 	0.218321%, 	0.190000%, 	0.028321%
2020-04-09 10:40:56, 	Poloniex    , 	Binance     , 	PAX/USDT, 	1.00078015, 	68.06091136, 	0.9986, 	7016.79, 	0.218321%, 	0.190000%, 	0.028321%
2020-04-09 10:41:11, 	Poloniex    , 	Binance     , 	PAX/USDT, 	1.00078015, 	68.06091136, 	0.9986, 	7016.79, 	0.218321%, 	0.190000%, 	0.028321%
2020-04-09 10:41:26, 	Poloniex    , 	Binance     , 	PAX/USDT, 	1.00078015, 	68.06091136, 	0.9986, 	7016.79, 	0.218321%, 	0.190000%, 	0.028321%
2020-04-09 10:41:41, 	Poloniex    , 	Binance     , 	PAX/USDT, 	1.00078015, 	68.06091136, 	0.9986, 	7016.79, 	0.218321%, 	0.190000%, 	0.028321%
2020-04-09 10:41:56, 	Poloniex    , 	Binance     , 	PAX/USDT, 	1.00078015, 	68.06091136, 	0.9986, 	6915.79, 	0.218321%, 	0.190000%, 	0.028321%
2020-04-09 10:42:11, 	Poloniex    , 	Binance     , 	PAX/USDT, 	1.00078015, 	68.06091136, 	0.9986, 	6915.79, 	0.218321%, 	0.190000%, 	0.028321%
2020-04-09 10:42:26, 	Poloniex    , 	Binance     , 	PAX/USDT, 	1.00078015, 	68.06091136, 	0.9986, 	6915.79, 	0.218321%, 	0.190000%, 	0.028321%
2020-04-09 10:42:41, 	Poloniex    , 	Binance     , 	PAX/USDT, 	1.00078015, 	68.06091136, 	0.9986, 	6915.79, 	0.218321%, 	0.190000%, 	0.028321%
2020-04-09 10:42:56, 	Poloniex    , 	Binance     , 	PAX/USDT, 	1.00078015, 	68.06091136, 	0.9986, 	6915.79, 	0.218321%, 	0.190000%, 	0.028321%
2020-04-09 10:43:11, 	Poloniex    , 	Binance     , 	PAX/USDT, 	1.00078015, 	68.06091136, 	0.9986, 	6915.79, 	0.218321%, 	0.190000%, 	0.028321%
2020-04-09 10:43:26, 	Poloniex    , 	Binance     , 	PAX/USDT, 	1.00078015, 	68.06091136, 	0.9986, 	6915.79, 	0.218321%, 	0.190000%, 	0.028321%
2020-04-09 10:43:41, 	Poloniex    , 	Binance     , 	PAX/USDT, 	1.00078015, 	68.06091136, 	0.9986, 	6395.27, 	0.218321%, 	0.190000%, 	0.028321%
2020-04-09 10:43:56, 	Poloniex    , 	Binance     , 	PAX/USDT, 	1.00078015, 	68.06091136, 	0.9986, 	6395.27, 	0.218321%, 	0.190000%, 	0.028321%
2020-04-09 10:44:11, 	Poloniex    , 	Binance     , 	PAX/USDT, 	1.00078015, 	68.06091136, 	0.9986, 	6368.63, 	0.218321%, 	0.190000%, 	0.028321%
2020-04-09 10:44:26, 	Poloniex    , 	Binance     , 	PAX/USDT, 	1.00078015, 	68.06091136, 	0.9986, 	6368.63, 	0.218321%, 	0.190000%, 	0.028321%
2020-04-09 10:44:41, 	Poloniex    , 	Binance     , 	PAX/USDT, 	1.00078015, 	68.06091136, 	0.9986, 	6368.63, 	0.218321%, 	0.190000%, 	0.028321%
2020-04-09 10:44:56, 	Poloniex    , 	Binance     , 	PAX/USDT, 	1.00078015, 	68.06091136, 	0.9986, 	6368.63, 	0.218321%, 	0.190000%, 	0.028321%
2020-04-09 10:45:11, 	Poloniex    , 	Binance     , 	PAX/USDT, 	1.00078015, 	68.06091136, 	0.9986, 	6368.63, 	0.218321%, 	0.190000%, 	0.028321%
2020-04-09 10:45:26, 	Poloniex    , 	Binance     , 	PAX/USDT, 	1.00078015, 	68.06091136, 	0.9986, 	6368.63, 	0.218321%, 	0.190000%, 	0.028321%
2020-04-09 10:45:41, 	Poloniex    , 	Binance     , 	PAX/USDT, 	1.00078015, 	68.06091136, 	0.9986, 	6368.63, 	0.218321%, 	0.190000%, 	0.028321%
2020-04-09 10:45:56, 	Poloniex    , 	Binance     , 	PAX/USDT, 	1.00078015, 	68.06091136, 	0.9986, 	6368.63, 	0.218321%, 	0.190000%, 	0.028321%
2020-04-09 10:46:11, 	Poloniex    , 	Binance     , 	PAX/USDT, 	1.00078015, 	68.06091136, 	0.9986, 	6368.63, 	0.218321%, 	0.190000%, 	0.028321%
2020-04-09 10:46:26, 	Poloniex    , 	Binance     , 	PAX/USDT, 	1.00078015, 	68.06091136, 	0.9986, 	6368.63, 	0.218321%, 	0.190000%, 	0.028321%
2020-04-09 10:46:41, 	Poloniex    , 	Binance     , 	PAX/USDT, 	1.00078015, 	68.06091136, 	0.9986, 	6368.63, 	0.218321%, 	0.190000%, 	0.028321%
2020-04-09 10:46:56, 	Poloniex    , 	Binance     , 	PAX/USDT, 	1.00078015, 	68.06091136, 	0.9986, 	6368.63, 	0.218321%, 	0.190000%, 	0.028321%
2020-04-09 10:47:11, 	Poloniex    , 	Binance     , 	PAX/USDT, 	1.00078015, 	68.06091136, 	0.9986, 	6368.63, 	0.218321%, 	0.190000%, 	0.028321%
2020-04-09 10:47:26, 	Poloniex    , 	Binance     , 	PAX/USDT, 	1.00078015, 	68.06091136, 	0.9986, 	6368.63, 	0.218321%, 	0.190000%, 	0.028321%
2020-04-09 10:47:41, 	Poloniex    , 	Binance     , 	PAX/USDT, 	1.00078015, 	68.06091136, 	0.9986, 	6368.63, 	0.218321%, 	0.190000%, 	0.028321%
2020-04-09 10:47:56, 	Poloniex    , 	Binance     , 	PAX/USDT, 	1.00078015, 	68.06091136, 	0.9986, 	1825.03, 	0.218321%, 	0.190000%, 	0.028321%
2020-04-09 10:48:11, 	Poloniex    , 	Binance     , 	PAX/USDT, 	1.00078015, 	68.06091136, 	0.9987, 	28588.14, 	0.208286%, 	0.190000%, 	0.018286%
2020-04-09 10:48:26, 	Poloniex    , 	Binance     , 	PAX/USDT, 	1.00078015, 	68.06091136, 	0.9987, 	28588.14, 	0.208286%, 	0.190000%, 	0.018286%
2020-04-09 10:48:41, 	Poloniex    , 	Binance     , 	PAX/USDT, 	1.00078015, 	68.06091136, 	0.9987, 	28588.14, 	0.208286%, 	0.190000%, 	0.018286%
2020-04-09 10:48:56, 	Poloniex    , 	Binance     , 	PAX/USDT, 	1.00078015, 	68.06091136, 	0.9987, 	28588.14, 	0.208286%, 	0.190000%, 	0.018286%
2020-04-09 10:49:11, 	Poloniex    , 	Binance     , 	PAX/USDT, 	1.00078015, 	68.06091136, 	0.9987, 	28588.14, 	0.208286%, 	0.190000%, 	0.018286%
2020-04-09 10:49:26, 	Poloniex    , 	Binance     , 	PAX/USDT, 	1.00078015, 	68.06091136, 	0.9987, 	28588.14, 	0.208286%, 	0.190000%, 	0.018286%
2020-04-09 10:49:41, 	Poloniex    , 	Binance     , 	PAX/USDT, 	1.00078015, 	68.06091136, 	0.9987, 	28588.14, 	0.208286%, 	0.190000%, 	0.018286%
2020-04-09 10:49:56, 	Poloniex    , 	Binance     , 	PAX/USDT, 	1.00078015, 	68.06091136, 	0.9987, 	24247.18, 	0.208286%, 	0.190000%, 	0.018286%
2020-04-09 10:50:11, 	Poloniex    , 	Binance     , 	PAX/USDT, 	1.00078015, 	68.06091136, 	0.9987, 	24247.18, 	0.208286%, 	0.190000%, 	0.018286%
2020-04-09 10:50:26, 	Poloniex    , 	Binance     , 	PAX/USDT, 	1.00078015, 	68.06091136, 	0.9987, 	19087.82, 	0.208286%, 	0.190000%, 	0.018286%
2020-04-09 10:50:41, 	Poloniex    , 	Binance     , 	PAX/USDT, 	1.00078015, 	68.06091136, 	0.9987, 	4753.64, 	0.208286%, 	0.190000%, 	0.018286%
2020-04-09 10:50:56, 	Poloniex    , 	Binance     , 	PAX/USDT, 	1.00078015, 	68.06091136, 	0.9987, 	4753.64, 	0.208286%, 	0.190000%, 	0.018286%
2020-04-09 10:51:11, 	Poloniex    , 	Binance     , 	PAX/USDT, 	1.00078015, 	68.06091136, 	0.9987, 	4753.64, 	0.208286%, 	0.190000%, 	0.018286%
2020-04-09 10:51:26, 	Poloniex    , 	Binance     , 	PAX/USDT, 	1.00078015, 	68.06091136, 	0.9987, 	1407.85, 	0.208286%, 	0.190000%, 	0.018286%
2020-04-09 10:51:41, 	Poloniex    , 	Binance     , 	PAX/USDT, 	1.00078015, 	68.06091136, 	0.9987, 	1407.85, 	0.208286%, 	0.190000%, 	0.018286%
2020-04-09 10:51:56, 	Poloniex    , 	Binance     , 	PAX/USDT, 	1.00078015, 	68.06091136, 	0.9987, 	1407.85, 	0.208286%, 	0.190000%, 	0.018286%
2020-04-09 10:52:11, 	Poloniex    , 	Binance     , 	PAX/USDT, 	1.00078015, 	68.06091136, 	0.9987, 	1407.85, 	0.208286%, 	0.190000%, 	0.018286%
2020-04-09 10:52:26, 	Poloniex    , 	Binance     , 	PAX/USDT, 	1.00078015, 	68.06091136, 	0.9987, 	1407.85, 	0.208286%, 	0.190000%, 	0.018286%
2020-04-09 10:52:41, 	Poloniex    , 	Binance     , 	PAX/USDT, 	1.00078015, 	68.06091136, 	0.9987, 	1407.85, 	0.208286%, 	0.190000%, 	0.018286%
2020-04-09 10:52:56, 	Poloniex    , 	Binance     , 	PAX/USDT, 	1.00078015, 	68.06091136, 	0.9987, 	1407.85, 	0.208286%, 	0.190000%, 	0.018286%
2020-04-09 10:53:11, 	Poloniex    , 	Binance     , 	PAX/USDT, 	1.00078015, 	68.06091136, 	0.9987, 	1407.85, 	0.208286%, 	0.190000%, 	0.018286%
2020-04-09 10:53:26, 	Poloniex    , 	Binance     , 	PAX/USDT, 	1.00078015, 	68.06091136, 	0.9987, 	1407.85, 	0.208286%, 	0.190000%, 	0.018286%
2020-04-09 10:53:41, 	Poloniex    , 	Binance     , 	PAX/USDT, 	1.00078015, 	68.06091136, 	0.9987, 	1407.85, 	0.208286%, 	0.190000%, 	0.018286%
2020-04-09 10:53:56, 	Poloniex    , 	Binance     , 	PAX/USDT, 	1.00078015, 	68.06091136, 	0.9987, 	1407.85, 	0.208286%, 	0.190000%, 	0.018286%
2020-04-09 10:54:11, 	Poloniex    , 	Binance     , 	PAX/USDT, 	1.00078015, 	68.06091136, 	0.9987, 	1407.85, 	0.208286%, 	0.190000%, 	0.018286%
2020-04-09 10:54:26, 	Poloniex    , 	Binance     , 	PAX/USDT, 	1.00078015, 	68.06091136, 	0.9987, 	1407.85, 	0.208286%, 	0.190000%, 	0.018286%
2020-04-09 10:54:41, 	Poloniex    , 	Binance     , 	PAX/USDT, 	1.00078015, 	68.06091136, 	0.9987, 	1407.85, 	0.208286%, 	0.190000%, 	0.018286%
2020-04-09 10:54:56, 	Poloniex    , 	Binance     , 	PAX/USDT, 	1.00078015, 	68.06091136, 	0.9987, 	1407.85, 	0.208286%, 	0.190000%, 	0.018286%
2020-04-09 10:55:11, 	Poloniex    , 	Binance     , 	PAX/USDT, 	1.00078015, 	68.06091136, 	0.9987, 	1407.85, 	0.208286%, 	0.190000%, 	0.018286%
2020-04-09 10:55:26, 	Poloniex    , 	Binance     , 	PAX/USDT, 	1.00078015, 	68.06091136, 	0.9987, 	1429.98, 	0.208286%, 	0.190000%, 	0.018286%
2020-04-09 10:55:41, 	Poloniex    , 	Binance     , 	PAX/USDT, 	1.00078015, 	68.06091136, 	0.9987, 	1429.98, 	0.208286%, 	0.190000%, 	0.018286%
2020-04-09 10:55:56, 	Poloniex    , 	Binance     , 	PAX/USDT, 	1.00078015, 	68.06091136, 	0.9987, 	1429.98, 	0.208286%, 	0.190000%, 	0.018286%
2020-04-09 10:56:11, 	Poloniex    , 	Binance     , 	PAX/USDT, 	1.00078015, 	68.06091136, 	0.9987, 	1429.98, 	0.208286%, 	0.190000%, 	0.018286%
2020-04-09 10:56:26, 	Poloniex    , 	Binance     , 	PAX/USDT, 	1.00078015, 	68.06091136, 	0.9987, 	1429.98, 	0.208286%, 	0.190000%, 	0.018286%
2020-04-09 10:56:41, 	Poloniex    , 	Binance     , 	PAX/USDT, 	1.00078015, 	68.06091136, 	0.9988, 	3007.79, 	0.198253%, 	0.190000%, 	0.008253%
2020-04-09 10:56:56, 	Poloniex    , 	Binance     , 	PAX/USDT, 	1.00078015, 	68.06091136, 	0.9988, 	3007.79, 	0.198253%, 	0.190000%, 	0.008253%
2020-04-09 10:57:11, 	Poloniex    , 	Binance     , 	PAX/USDT, 	1.00078015, 	68.06091136, 	0.9988, 	3007.79, 	0.198253%, 	0.190000%, 	0.008253%
2020-04-09 10:57:26, 	Poloniex    , 	Binance     , 	PAX/USDT, 	1.00078015, 	68.06091136, 	0.9988, 	5007.59, 	0.198253%, 	0.190000%, 	0.008253%
2020-04-09 10:57:41, 	Poloniex    , 	Binance     , 	PAX/USDT, 	1.00078015, 	68.06091136, 	0.9988, 	5007.59, 	0.198253%, 	0.190000%, 	0.008253%
2020-04-09 10:57:56, 	Poloniex    , 	Binance     , 	PAX/USDT, 	1.00078015, 	68.06091136, 	0.9988, 	5007.59, 	0.198253%, 	0.190000%, 	0.008253%
2020-04-09 10:58:11, 	Poloniex    , 	Binance     , 	PAX/USDT, 	1.00078015, 	68.06091136, 	0.9988, 	5007.59, 	0.198253%, 	0.190000%, 	0.008253%
2020-04-09 10:58:26, 	Poloniex    , 	Binance     , 	PAX/USDT, 	1.00078015, 	68.06091136, 	0.9988, 	4992.24, 	0.198253%, 	0.190000%, 	0.008253%
2020-04-09 10:58:41, 	Poloniex    , 	Binance     , 	PAX/USDT, 	1.00078015, 	68.06091136, 	0.9988, 	4992.24, 	0.198253%, 	0.190000%, 	0.008253%
2020-04-09 10:58:56, 	Poloniex    , 	Binance     , 	PAX/USDT, 	1.00078015, 	68.06091136, 	0.9988, 	4992.24, 	0.198253%, 	0.190000%, 	0.008253%
2020-04-09 10:59:11, 	Poloniex    , 	Binance     , 	PAX/USDT, 	1.00078015, 	68.06091136, 	0.9988, 	4992.24, 	0.198253%, 	0.190000%, 	0.008253%
2020-04-09 10:59:26, 	Poloniex    , 	Binance     , 	PAX/USDT, 	1.00078015, 	68.06091136, 	0.9988, 	4992.24, 	0.198253%, 	0.190000%, 	0.008253%
2020-04-09 10:59:41, 	Poloniex    , 	Binance     , 	PAX/USDT, 	1.00078015, 	68.06091136, 	0.9988, 	4992.24, 	0.198253%, 	0.190000%, 	0.008253%
2020-04-09 10:59:56, 	Poloniex    , 	Binance     , 	PAX/USDT, 	1.00078015, 	68.06091136, 	0.9988, 	4992.24, 	0.198253%, 	0.190000%, 	0.008253%
2020-04-09 11:00:11, 	Poloniex    , 	Binance     , 	PAX/USDT, 	1.00078015, 	68.06091136, 	0.9988, 	12877.3, 	0.198253%, 	0.190000%, 	0.008253%
2020-04-09 11:00:26, 	Poloniex    , 	Binance     , 	PAX/USDT, 	1.00078015, 	68.06091136, 	0.9988, 	12877.3, 	0.198253%, 	0.190000%, 	0.008253%
2020-04-09 11:00:41, 	Poloniex    , 	Binance     , 	PAX/USDT, 	1.00078015, 	68.06091136, 	0.9988, 	12877.3, 	0.198253%, 	0.190000%, 	0.008253%
2020-04-09 11:00:56, 	Poloniex    , 	Binance     , 	PAX/USDT, 	1.00078015, 	68.06091136, 	0.9988, 	12877.3, 	0.198253%, 	0.190000%, 	0.008253%
2020-04-09 11:01:11, 	Poloniex    , 	Binance     , 	PAX/USDT, 	1.00078015, 	68.06091136, 	0.9988, 	1244.81, 	0.198253%, 	0.190000%, 	0.008253%
2020-04-09 11:01:26, 	Poloniex    , 	Binance     , 	PAX/USDT, 	1.00078015, 	68.06091136, 	0.9988, 	1244.81, 	0.198253%, 	0.190000%, 	0.008253%
2020-04-09 11:01:41, 	Poloniex    , 	Binance     , 	PAX/USDT, 	1.00078015, 	68.06091136, 	0.9988, 	409.15, 	0.198253%, 	0.190000%, 	0.008253%
2020-04-09 11:01:56, 	Poloniex    , 	Binance     , 	PAX/USDT, 	1.00078015, 	68.06091136, 	0.9988, 	409.15, 	0.198253%, 	0.190000%, 	0.008253%
2020-04-09 11:02:11, 	Poloniex    , 	Binance     , 	PAX/USDT, 	1.00078015, 	68.06091136, 	0.9988, 	5000.0, 	0.198253%, 	0.190000%, 	0.008253%
2020-04-09 11:02:26, 	Poloniex    , 	Binance     , 	PAX/USDT, 	1.00078015, 	68.06091136, 	0.9988, 	5000.0, 	0.198253%, 	0.190000%, 	0.008253%
2020-04-09 11:02:41, 	Poloniex    , 	Binance     , 	PAX/USDT, 	1.00078015, 	68.06091136, 	0.9988, 	5000.0, 	0.198253%, 	0.190000%, 	0.008253%
2020-04-09 11:02:56, 	Poloniex    , 	Binance     , 	PAX/USDT, 	1.00078015, 	68.06091136, 	0.9988, 	4478.68, 	0.198253%, 	0.190000%, 	0.008253%
2020-04-09 11:03:11, 	Poloniex    , 	Binance     , 	PAX/USDT, 	1.00078015, 	68.06091136, 	0.9988, 	4478.68, 	0.198253%, 	0.190000%, 	0.008253%
2020-04-09 11:03:26, 	Poloniex    , 	Binance     , 	PAX/USDT, 	1.00078015, 	68.06091136, 	0.9988, 	4478.68, 	0.198253%, 	0.190000%, 	0.008253%
2020-04-09 11:03:41, 	Poloniex    , 	Binance     , 	PAX/USDT, 	1.00078015, 	68.06091136, 	0.9988, 	2058.38, 	0.198253%, 	0.190000%, 	0.008253%
2020-04-09 11:03:56, 	Poloniex    , 	Binance     , 	PAX/USDT, 	1.00078015, 	68.06091136, 	0.9989, 	4899.8, 	0.188222%, 	0.190000%, 	-0.001778%
2020-04-09 15:14:45, 	Poloniex    , 	Binance     , 	PAX/USDT, 	1.00078015, 	68.06091136, 	0.9986, 	591.53, 	0.218321%, 	0.190000%, 	0.028321%
2020-04-09 15:15:00, 	Poloniex    , 	Binance     , 	PAX/USDT, 	1.00078015, 	68.06091136, 	0.9986, 	591.53, 	0.218321%, 	0.190000%, 	0.028321%
2020-04-09 15:15:15, 	Poloniex    , 	Binance     , 	PAX/USDT, 	1.00078015, 	68.06091136, 	0.9986, 	548.83, 	0.218321%, 	0.190000%, 	0.028321%
2020-04-09 15:15:30, 	Poloniex    , 	Binance     , 	PAX/USDT, 	1.00078015, 	68.06091136, 	0.9986, 	510.46, 	0.218321%, 	0.190000%, 	0.028321%
2020-04-09 15:15:45, 	Poloniex    , 	Binance     , 	PAX/USDT, 	1.00078015, 	68.06091136, 	0.9986, 	13870.4, 	0.218321%, 	0.190000%, 	0.028321%
2020-04-09 15:16:00, 	Poloniex    , 	Binance     , 	PAX/USDT, 	1.00078015, 	68.06091136, 	0.9986, 	13870.4, 	0.218321%, 	0.190000%, 	0.028321%
2020-04-09 15:16:15, 	Poloniex    , 	Binance     , 	PAX/USDT, 	1.00078015, 	68.06091136, 	0.9986, 	13870.4, 	0.218321%, 	0.190000%, 	0.028321%
2020-04-09 15:16:30, 	Poloniex    , 	Binance     , 	PAX/USDT, 	1.00078015, 	68.06091136, 	0.9986, 	13870.4, 	0.218321%, 	0.190000%, 	0.028321%
2020-04-09 15:16:45, 	Poloniex    , 	Binance     , 	PAX/USDT, 	1.00078015, 	68.06091136, 	0.9986, 	13870.4, 	0.218321%, 	0.190000%, 	0.028321%
2020-04-09 15:17:00, 	Poloniex    , 	Binance     , 	PAX/USDT, 	1.00078015, 	68.06091136, 	0.9986, 	13834.35, 	0.218321%, 	0.190000%, 	0.028321%
2020-04-09 15:17:15, 	Poloniex    , 	Binance     , 	PAX/USDT, 	1.00078015, 	68.06091136, 	0.9986, 	13834.35, 	0.218321%, 	0.190000%, 	0.028321%
2020-04-09 15:17:30, 	Poloniex    , 	Binance     , 	PAX/USDT, 	1.00078015, 	68.06091136, 	0.9986, 	13834.35, 	0.218321%, 	0.190000%, 	0.028321%
2020-04-09 15:17:45, 	Poloniex    , 	Binance     , 	PAX/USDT, 	1.00078015, 	68.06091136, 	0.9986, 	13834.35, 	0.218321%, 	0.190000%, 	0.028321%
2020-04-09 15:18:00, 	Poloniex    , 	Binance     , 	PAX/USDT, 	1.00078015, 	68.06091136, 	0.9986, 	13834.35, 	0.218321%, 	0.190000%, 	0.028321%
2020-04-09 15:18:15, 	Poloniex    , 	Binance     , 	PAX/USDT, 	1.00078015, 	68.06091136, 	0.9986, 	2491.91, 	0.218321%, 	0.190000%, 	0.028321%
2020-04-09 15:18:30, 	Poloniex    , 	Binance     , 	PAX/USDT, 	1.00078015, 	68.06091136, 	0.9986, 	1651.94, 	0.218321%, 	0.190000%, 	0.028321%
2020-04-09 15:18:45, 	Poloniex    , 	Binance     , 	PAX/USDT, 	1.00078015, 	68.06091136, 	0.9986, 	1202.36, 	0.218321%, 	0.190000%, 	0.028321%
2020-04-09 15:19:00, 	Poloniex    , 	Binance     , 	PAX/USDT, 	1.00078015, 	68.06091136, 	0.9987, 	57483.65, 	0.208286%, 	0.190000%, 	0.018286%
2020-04-09 15:19:15, 	Poloniex    , 	Binance     , 	PAX/USDT, 	1.00078015, 	68.06091136, 	0.9987, 	57483.65, 	0.208286%, 	0.190000%, 	0.018286%
2020-04-09 15:19:30, 	Poloniex    , 	Binance     , 	PAX/USDT, 	1.00078015, 	68.06091136, 	0.9987, 	70814.16, 	0.208286%, 	0.190000%, 	0.018286%
2020-04-09 15:19:45, 	Poloniex    , 	Binance     , 	PAX/USDT, 	1.00078015, 	68.06091136, 	0.9987, 	70814.16, 	0.208286%, 	0.190000%, 	0.018286%
2020-04-09 15:20:00, 	Poloniex    , 	Binance     , 	PAX/USDT, 	1.00078015, 	68.06091136, 	0.9987, 	70814.16, 	0.208286%, 	0.190000%, 	0.018286%
2020-04-09 15:20:15, 	Poloniex    , 	Binance     , 	PAX/USDT, 	1.00078015, 	68.06091136, 	0.9987, 	70814.16, 	0.208286%, 	0.190000%, 	0.018286%
2020-04-09 15:20:30, 	Poloniex    , 	Binance     , 	PAX/USDT, 	1.00078015, 	68.06091136, 	0.9987, 	57409.84, 	0.208286%, 	0.190000%, 	0.018286%
2020-04-09 15:20:46, 	Poloniex    , 	Binance     , 	PAX/USDT, 	1.00078015, 	68.06091136, 	0.9987, 	57115.16, 	0.208286%, 	0.190000%, 	0.018286%
2020-04-09 15:21:01, 	Poloniex    , 	Binance     , 	PAX/USDT, 	1.00078015, 	68.06091136, 	0.9987, 	57115.16, 	0.208286%, 	0.190000%, 	0.018286%
2020-04-09 15:21:16, 	Poloniex    , 	Binance     , 	PAX/USDT, 	1.00078015, 	68.06091136, 	0.9987, 	57115.16, 	0.208286%, 	0.190000%, 	0.018286%
2020-04-09 15:21:31, 	Poloniex    , 	Binance     , 	PAX/USDT, 	1.00078015, 	68.06091136, 	0.9987, 	70445.67, 	0.208286%, 	0.190000%, 	0.018286%
2020-04-09 15:21:46, 	Poloniex    , 	Binance     , 	PAX/USDT, 	1.00078015, 	68.06091136, 	0.9987, 	69978.43, 	0.208286%, 	0.190000%, 	0.018286%
2020-04-09 15:22:01, 	Poloniex    , 	Binance     , 	PAX/USDT, 	1.00078015, 	68.06091136, 	0.9987, 	56647.92, 	0.208286%, 	0.190000%, 	0.018286%
2020-04-09 15:22:16, 	Poloniex    , 	Binance     , 	PAX/USDT, 	1.00078015, 	68.06091136, 	0.9987, 	55066.95, 	0.208286%, 	0.190000%, 	0.018286%
2020-04-09 15:22:31, 	Poloniex    , 	Binance     , 	PAX/USDT, 	1.00078015, 	68.06091136, 	0.9987, 	4356.03, 	0.208286%, 	0.190000%, 	0.018286%
2020-04-09 15:22:46, 	Poloniex    , 	Binance     , 	PAX/USDT, 	1.00078015, 	68.06091136, 	0.9987, 	4356.03, 	0.208286%, 	0.190000%, 	0.018286%
2020-04-09 15:23:01, 	Poloniex    , 	Binance     , 	PAX/USDT, 	1.00078015, 	68.06091136, 	0.9987, 	3551.89, 	0.208286%, 	0.190000%, 	0.018286%
2020-04-09 15:23:16, 	Poloniex    , 	Binance     , 	PAX/USDT, 	1.00078015, 	68.06091136, 	0.9987, 	3120.33, 	0.208286%, 	0.190000%, 	0.018286%
2020-04-09 15:23:31, 	Poloniex    , 	Binance     , 	PAX/USDT, 	1.00078015, 	68.06091136, 	0.9987, 	3120.33, 	0.208286%, 	0.190000%, 	0.018286%
2020-04-09 15:23:46, 	Poloniex    , 	Binance     , 	PAX/USDT, 	1.00078015, 	68.06091136, 	0.9987, 	21450.84, 	0.208286%, 	0.190000%, 	0.018286%
2020-04-09 15:24:01, 	Poloniex    , 	Binance     , 	PAX/USDT, 	1.00078015, 	68.06091136, 	0.9987, 	21450.84, 	0.208286%, 	0.190000%, 	0.018286%
2020-04-09 15:24:16, 	Poloniex    , 	Binance     , 	PAX/USDT, 	1.00078015, 	68.06091136, 	0.9987, 	2459.15, 	0.208286%, 	0.190000%, 	0.018286%
2020-04-09 15:24:31, 	Poloniex    , 	Binance     , 	PAX/USDT, 	1.00078015, 	68.06091136, 	0.9987, 	2459.15, 	0.208286%, 	0.190000%, 	0.018286%
2020-04-09 15:24:46, 	Poloniex    , 	Binance     , 	PAX/USDT, 	1.00078015, 	68.06091136, 	0.9987, 	2441.85, 	0.208286%, 	0.190000%, 	0.018286%
2020-04-09 15:25:01, 	Poloniex    , 	Binance     , 	PAX/USDT, 	1.00078015, 	68.06091136, 	0.9987, 	7441.85, 	0.208286%, 	0.190000%, 	0.018286%
2020-04-09 15:25:16, 	Poloniex    , 	Binance     , 	PAX/USDT, 	1.00078015, 	68.06091136, 	0.9987, 	7441.85, 	0.208286%, 	0.190000%, 	0.018286%
2020-04-09 15:25:31, 	Poloniex    , 	Binance     , 	PAX/USDT, 	1.00078015, 	68.06091136, 	0.9987, 	7441.85, 	0.208286%, 	0.190000%, 	0.018286%
2020-04-09 15:25:46, 	Poloniex    , 	Binance     , 	PAX/USDT, 	1.00078015, 	68.06091136, 	0.9987, 	7441.85, 	0.208286%, 	0.190000%, 	0.018286%
2020-04-09 15:26:01, 	Poloniex    , 	Binance     , 	PAX/USDT, 	1.00078015, 	68.06091136, 	0.9987, 	7041.45, 	0.208286%, 	0.190000%, 	0.018286%
2020-04-09 15:26:16, 	Poloniex    , 	Binance     , 	PAX/USDT, 	1.00078015, 	68.06091136, 	0.9987, 	7041.45, 	0.208286%, 	0.190000%, 	0.018286%
2020-04-09 15:26:31, 	Poloniex    , 	Binance     , 	PAX/USDT, 	1.00078015, 	68.06091136, 	0.9987, 	7041.45, 	0.208286%, 	0.190000%, 	0.018286%
2020-04-09 15:26:46, 	Poloniex    , 	Binance     , 	PAX/USDT, 	1.00078015, 	68.06091136, 	0.9987, 	7041.45, 	0.208286%, 	0.190000%, 	0.018286%
2020-04-09 15:27:01, 	Poloniex    , 	Binance     , 	PAX/USDT, 	1.00078015, 	68.06091136, 	0.9987, 	6881.66, 	0.208286%, 	0.190000%, 	0.018286%
2020-04-09 15:27:16, 	Poloniex    , 	Binance     , 	PAX/USDT, 	1.00078015, 	68.06091136, 	0.9987, 	6396.03, 	0.208286%, 	0.190000%, 	0.018286%
2020-04-09 15:27:31, 	Poloniex    , 	Binance     , 	PAX/USDT, 	1.00078015, 	68.06091136, 	0.9987, 	6396.03, 	0.208286%, 	0.190000%, 	0.018286%
2020-04-09 15:27:46, 	Poloniex    , 	Binance     , 	PAX/USDT, 	1.00078015, 	68.06091136, 	0.9987, 	6372.5, 	0.208286%, 	0.190000%, 	0.018286%
2020-04-09 15:28:01, 	Poloniex    , 	Binance     , 	PAX/USDT, 	1.00078015, 	68.06091136, 	0.9987, 	6372.5, 	0.208286%, 	0.190000%, 	0.018286%
2020-04-09 15:28:16, 	Poloniex    , 	Binance     , 	PAX/USDT, 	1.00078015, 	68.06091136, 	0.9987, 	19702.89, 	0.208286%, 	0.190000%, 	0.018286%
2020-04-09 15:28:31, 	Poloniex    , 	Binance     , 	PAX/USDT, 	1.00078015, 	68.06091136, 	0.9987, 	6372.5, 	0.208286%, 	0.190000%, 	0.018286%
2020-04-09 15:28:46, 	Poloniex    , 	Binance     , 	PAX/USDT, 	1.00078015, 	68.06091136, 	0.9987, 	6372.5, 	0.208286%, 	0.190000%, 	0.018286%
2020-04-09 15:29:01, 	Poloniex    , 	Binance     , 	PAX/USDT, 	1.00078015, 	68.06091136, 	0.9987, 	6372.5, 	0.208286%, 	0.190000%, 	0.018286%
2020-04-09 15:29:16, 	Poloniex    , 	Binance     , 	PAX/USDT, 	1.00078015, 	68.06091136, 	0.9987, 	6372.5, 	0.208286%, 	0.190000%, 	0.018286%
2020-04-09 15:29:31, 	Poloniex    , 	Binance     , 	PAX/USDT, 	1.00078015, 	68.06091136, 	0.9987, 	6431.11, 	0.208286%, 	0.190000%, 	0.018286%
2020-04-09 15:29:46, 	Poloniex    , 	Binance     , 	PAX/USDT, 	1.00078015, 	68.06091136, 	0.9987, 	19702.89, 	0.208286%, 	0.190000%, 	0.018286%
2020-04-09 15:30:01, 	Poloniex    , 	Binance     , 	PAX/USDT, 	1.00078015, 	68.06091136, 	0.9987, 	19702.89, 	0.208286%, 	0.190000%, 	0.018286%
2020-04-09 15:30:16, 	Poloniex    , 	Binance     , 	PAX/USDT, 	1.00078015, 	68.06091136, 	0.9986, 	58.61, 	0.218321%, 	0.190000%, 	0.028321%
2020-04-09 15:30:31, 	Poloniex    , 	Binance     , 	PAX/USDT, 	1.00078015, 	68.06091136, 	0.9987, 	19746.93, 	0.208286%, 	0.190000%, 	0.018286%
2020-04-09 15:30:46, 	Poloniex    , 	Binance     , 	PAX/USDT, 	1.00078015, 	68.06091136, 	0.9987, 	6357.93, 	0.208286%, 	0.190000%, 	0.018286%
2020-04-09 15:31:01, 	Poloniex    , 	Binance     , 	PAX/USDT, 	1.00078015, 	68.06091136, 	0.9987, 	6416.54, 	0.208286%, 	0.190000%, 	0.018286%
2020-04-09 15:31:16, 	Poloniex    , 	Binance     , 	PAX/USDT, 	1.00078015, 	68.06091136, 	0.9987, 	6416.54, 	0.208286%, 	0.190000%, 	0.018286%
2020-04-09 15:31:31, 	Poloniex    , 	Binance     , 	PAX/USDT, 	1.00078015, 	68.06091136, 	0.9987, 	19746.93, 	0.208286%, 	0.190000%, 	0.018286%
2020-04-09 15:31:46, 	Poloniex    , 	Binance     , 	PAX/USDT, 	1.00078015, 	68.06091136, 	0.9987, 	6242.94, 	0.208286%, 	0.190000%, 	0.018286%
2020-04-09 15:32:01, 	Poloniex    , 	Binance     , 	PAX/USDT, 	1.00078015, 	68.06091136, 	0.9987, 	6184.33, 	0.208286%, 	0.190000%, 	0.018286%
2020-04-09 15:32:16, 	Poloniex    , 	Binance     , 	PAX/USDT, 	1.00078015, 	68.06091136, 	0.9987, 	6184.33, 	0.208286%, 	0.190000%, 	0.018286%
2020-04-09 15:32:31, 	Poloniex    , 	Binance     , 	PAX/USDT, 	1.00078015, 	68.06091136, 	0.9987, 	6184.33, 	0.208286%, 	0.190000%, 	0.018286%
2020-04-09 15:32:46, 	Poloniex    , 	Binance     , 	PAX/USDT, 	1.00078015, 	68.06091136, 	0.9987, 	6184.33, 	0.208286%, 	0.190000%, 	0.018286%
2020-04-09 15:33:01, 	Poloniex    , 	Binance     , 	PAX/USDT, 	1.00078015, 	68.06091136, 	0.9987, 	19514.7, 	0.208286%, 	0.190000%, 	0.018286%
2020-04-09 15:33:16, 	Poloniex    , 	Binance     , 	PAX/USDT, 	1.00078015, 	68.06091136, 	0.9987, 	19514.7, 	0.208286%, 	0.190000%, 	0.018286%
2020-04-09 15:33:31, 	Poloniex    , 	Binance     , 	PAX/USDT, 	1.00078015, 	68.06091136, 	0.9987, 	19341.27, 	0.208286%, 	0.190000%, 	0.018286%
2020-04-09 15:33:46, 	Poloniex    , 	Binance     , 	PAX/USDT, 	1.00078015, 	68.06091136, 	0.9987, 	7104.64, 	0.208286%, 	0.190000%, 	0.018286%
2020-04-09 15:34:01, 	Poloniex    , 	Binance     , 	PAX/USDT, 	1.00078015, 	68.06091136, 	0.9987, 	2621.25, 	0.208286%, 	0.190000%, 	0.018286%
2020-04-09 15:34:16, 	Poloniex    , 	Binance     , 	PAX/USDT, 	1.00078015, 	68.06091136, 	0.9987, 	2679.55, 	0.208286%, 	0.190000%, 	0.018286%
2020-04-09 15:34:31, 	Poloniex    , 	Binance     , 	PAX/USDT, 	1.00078015, 	68.06091136, 	0.9987, 	16009.64, 	0.208286%, 	0.190000%, 	0.018286%
2020-04-09 15:34:46, 	Poloniex    , 	Binance     , 	PAX/USDT, 	1.00078015, 	68.06091136, 	0.9987, 	15963.85, 	0.208286%, 	0.190000%, 	0.018286%
2020-04-09 15:35:01, 	Poloniex    , 	Binance     , 	PAX/USDT, 	1.00078015, 	68.06091136, 	0.9987, 	15963.85, 	0.208286%, 	0.190000%, 	0.018286%
2020-04-09 15:35:16, 	Poloniex    , 	Binance     , 	PAX/USDT, 	1.00078015, 	68.06091136, 	0.9987, 	15963.85, 	0.208286%, 	0.190000%, 	0.018286%
2020-04-09 15:35:31, 	Poloniex    , 	Binance     , 	PAX/USDT, 	1.00078015, 	68.06091136, 	0.9987, 	15963.85, 	0.208286%, 	0.190000%, 	0.018286%
2020-04-09 15:35:46, 	Poloniex    , 	Binance     , 	PAX/USDT, 	1.00078015, 	68.06091136, 	0.9987, 	15963.85, 	0.208286%, 	0.190000%, 	0.018286%
2020-04-09 15:36:01, 	Poloniex    , 	Binance     , 	PAX/USDT, 	1.00078015, 	68.06091136, 	0.9987, 	15963.85, 	0.208286%, 	0.190000%, 	0.018286%
2020-04-09 15:36:16, 	Poloniex    , 	Binance     , 	PAX/USDT, 	1.00078015, 	68.06091136, 	0.9987, 	15963.85, 	0.208286%, 	0.190000%, 	0.018286%
2020-04-09 15:36:31, 	Poloniex    , 	Binance     , 	PAX/USDT, 	1.00078015, 	68.06091136, 	0.9985, 	5000.0, 	0.228358%, 	0.190000%, 	0.038358%
2020-04-09 15:36:46, 	Poloniex    , 	Binance     , 	PAX/USDT, 	1.00078015, 	68.06091136, 	0.9985, 	4965.45, 	0.228358%, 	0.190000%, 	0.038358%
2020-04-09 15:37:01, 	Poloniex    , 	Binance     , 	PAX/USDT, 	1.00078015, 	68.06091136, 	0.9985, 	18297.0, 	0.228358%, 	0.190000%, 	0.038358%
2020-04-09 15:37:16, 	Poloniex    , 	Binance     , 	PAX/USDT, 	1.00078015, 	68.06091136, 	0.9985, 	18297.0, 	0.228358%, 	0.190000%, 	0.038358%
2020-04-09 15:37:31, 	Poloniex    , 	Binance     , 	PAX/USDT, 	1.00078015, 	68.06091136, 	0.9985, 	18297.0, 	0.228358%, 	0.190000%, 	0.038358%
2020-04-09 15:37:46, 	Poloniex    , 	Binance     , 	PAX/USDT, 	1.00078015, 	68.06091136, 	0.9985, 	18296.99, 	0.228358%, 	0.190000%, 	0.038358%
2020-04-09 15:38:01, 	Poloniex    , 	Binance     , 	PAX/USDT, 	1.00078015, 	68.06091136, 	0.9985, 	18296.99, 	0.228358%, 	0.190000%, 	0.038358%
2020-04-09 15:38:16, 	Poloniex    , 	Binance     , 	PAX/USDT, 	1.00078015, 	68.06091136, 	0.9985, 	18296.99, 	0.228358%, 	0.190000%, 	0.038358%
2020-04-09 15:38:31, 	Poloniex    , 	Binance     , 	PAX/USDT, 	1.00078015, 	68.06091136, 	0.9985, 	18296.99, 	0.228358%, 	0.190000%, 	0.038358%
2020-04-09 15:38:46, 	Poloniex    , 	Binance     , 	PAX/USDT, 	1.00078015, 	68.06091136, 	0.9985, 	5024.05, 	0.228358%, 	0.190000%, 	0.038358%
2020-04-09 15:39:01, 	Poloniex    , 	Binance     , 	PAX/USDT, 	1.00078015, 	68.06091136, 	0.9985, 	18296.99, 	0.228358%, 	0.190000%, 	0.038358%
2020-04-09 15:39:16, 	Poloniex    , 	Binance     , 	PAX/USDT, 	1.00078015, 	68.06091136, 	0.9985, 	18296.99, 	0.228358%, 	0.190000%, 	0.038358%
2020-04-09 15:39:31, 	Poloniex    , 	Binance     , 	PAX/USDT, 	1.00078015, 	68.06091136, 	0.9985, 	4924.91, 	0.228358%, 	0.190000%, 	0.038358%
2020-04-09 15:39:46, 	Poloniex    , 	Binance     , 	PAX/USDT, 	1.00078015, 	68.06091136, 	0.9985, 	4924.91, 	0.228358%, 	0.190000%, 	0.038358%
2020-04-09 15:40:01, 	Poloniex    , 	Binance     , 	PAX/USDT, 	1.00078015, 	68.06091136, 	0.9985, 	4924.91, 	0.228358%, 	0.190000%, 	0.038358%
2020-04-09 15:40:16, 	Poloniex    , 	Binance     , 	PAX/USDT, 	1.00078015, 	68.06091136, 	0.9985, 	18256.21, 	0.228358%, 	0.190000%, 	0.038358%
2020-04-09 15:40:31, 	Poloniex    , 	Binance     , 	PAX/USDT, 	1.00078015, 	68.06091136, 	0.9985, 	18256.21, 	0.228358%, 	0.190000%, 	0.038358%
2020-04-09 15:40:46, 	Poloniex    , 	Binance     , 	PAX/USDT, 	1.00078015, 	68.06091136, 	0.9985, 	18256.21, 	0.228358%, 	0.190000%, 	0.038358%
2020-04-09 15:41:01, 	Poloniex    , 	Binance     , 	PAX/USDT, 	1.00078015, 	68.06091136, 	0.9984, 	58.3, 	0.238396%, 	0.190000%, 	0.048396%
2020-04-09 15:41:16, 	Poloniex    , 	Binance     , 	PAX/USDT, 	1.00078015, 	68.06091136, 	0.9985, 	18051.76, 	0.228358%, 	0.190000%, 	0.038358%
2020-04-09 15:41:31, 	Poloniex    , 	Binance     , 	PAX/USDT, 	1.00078015, 	68.06091136, 	0.9983, 	5000.0, 	0.248437%, 	0.190000%, 	0.058437%
2020-04-09 15:41:46, 	Poloniex    , 	Binance     , 	PAX/USDT, 	1.00078015, 	68.06091136, 	0.9983, 	4826.25, 	0.248437%, 	0.190000%, 	0.058437%
2020-04-09 15:42:01, 	Poloniex    , 	Binance     , 	PAX/USDT, 	1.00078015, 	68.06091136, 	0.9984, 	9373.8, 	0.238396%, 	0.190000%, 	0.048396%
2020-04-09 15:42:16, 	Poloniex    , 	Binance     , 	PAX/USDT, 	1.00078015, 	68.06091136, 	0.9984, 	25372.28, 	0.238396%, 	0.190000%, 	0.048396%
2020-04-09 15:42:31, 	Poloniex    , 	Binance     , 	PAX/USDT, 	1.00078015, 	68.06091136, 	0.9984, 	25372.28, 	0.238396%, 	0.190000%, 	0.048396%
2020-04-09 15:42:46, 	Poloniex    , 	Binance     , 	PAX/USDT, 	1.00078015, 	68.06091136, 	0.9984, 	25372.28, 	0.238396%, 	0.190000%, 	0.048396%
2020-04-09 15:43:01, 	Poloniex    , 	Binance     , 	PAX/USDT, 	1.00078015, 	68.06091136, 	0.9984, 	25372.28, 	0.238396%, 	0.190000%, 	0.048396%
2020-04-09 15:43:16, 	Poloniex    , 	Binance     , 	PAX/USDT, 	1.00078015, 	68.06091136, 	0.9984, 	25372.28, 	0.238396%, 	0.190000%, 	0.048396%
2020-04-09 15:43:31, 	Poloniex    , 	Binance     , 	PAX/USDT, 	1.00078015, 	68.06091136, 	0.9984, 	16935.5, 	0.238396%, 	0.190000%, 	0.048396%
2020-04-09 15:43:46, 	Poloniex    , 	Binance     , 	PAX/USDT, 	1.00078015, 	68.06091136, 	0.9984, 	1450.0, 	0.238396%, 	0.190000%, 	0.048396%
2020-04-09 15:44:01, 	Poloniex    , 	Binance     , 	PAX/USDT, 	1.00078015, 	68.06091136, 	0.9984, 	22259.53, 	0.238396%, 	0.190000%, 	0.048396%
2020-04-09 15:44:16, 	Poloniex    , 	Binance     , 	PAX/USDT, 	1.00078015, 	68.06091136, 	0.9984, 	22259.53, 	0.238396%, 	0.190000%, 	0.048396%
2020-04-09 15:44:31, 	Poloniex    , 	Binance     , 	PAX/USDT, 	1.00078015, 	68.06091136, 	0.9984, 	22259.53, 	0.238396%, 	0.190000%, 	0.048396%
2020-04-09 15:44:46, 	Poloniex    , 	Binance     , 	PAX/USDT, 	1.00078015, 	68.06091136, 	0.9984, 	1450.0, 	0.238396%, 	0.190000%, 	0.048396%
2020-04-09 15:45:01, 	Poloniex    , 	Binance     , 	PAX/USDT, 	1.00078015, 	68.06091136, 	0.9984, 	1356.73, 	0.238396%, 	0.190000%, 	0.048396%
2020-04-09 15:45:16, 	Poloniex    , 	Binance     , 	PAX/USDT, 	1.00078015, 	68.06091136, 	0.9984, 	1356.73, 	0.238396%, 	0.190000%, 	0.048396%
2020-04-09 15:45:31, 	Poloniex    , 	Binance     , 	PAX/USDT, 	1.00078015, 	68.06091136, 	0.9984, 	1356.73, 	0.238396%, 	0.190000%, 	0.048396%
2020-04-09 15:45:46, 	Poloniex    , 	Binance     , 	PAX/USDT, 	1.00078015, 	68.06091136, 	0.9984, 	1356.73, 	0.238396%, 	0.190000%, 	0.048396%
2020-04-09 15:46:01, 	Poloniex    , 	Binance     , 	PAX/USDT, 	1.00078015, 	68.06091136, 	0.9984, 	1356.73, 	0.238396%, 	0.190000%, 	0.048396%
2020-04-09 15:46:16, 	Poloniex    , 	Binance     , 	PAX/USDT, 	1.00078015, 	68.06091136, 	0.9984, 	764.4, 	0.238396%, 	0.190000%, 	0.048396%
2020-04-09 15:46:31, 	Poloniex    , 	Binance     , 	PAX/USDT, 	1.00078015, 	68.06091136, 	0.9984, 	1450.0, 	0.238396%, 	0.190000%, 	0.048396%
2020-04-09 15:46:46, 	Poloniex    , 	Binance     , 	PAX/USDT, 	1.00078015, 	68.06091136, 	0.9984, 	1450.0, 	0.238396%, 	0.190000%, 	0.048396%
2020-04-09 15:47:01, 	Poloniex    , 	Binance     , 	PAX/USDT, 	1.00078015, 	68.06091136, 	0.9984, 	1450.0, 	0.238396%, 	0.190000%, 	0.048396%
2020-04-09 15:47:16, 	Poloniex    , 	Binance     , 	PAX/USDT, 	1.00078015, 	68.06091136, 	0.9984, 	1450.0, 	0.238396%, 	0.190000%, 	0.048396%
2020-04-09 15:47:31, 	Poloniex    , 	Binance     , 	PAX/USDT, 	1.00078015, 	68.06091136, 	0.9985, 	17738.43, 	0.228358%, 	0.190000%, 	0.038358%
2020-04-09 15:47:46, 	Poloniex    , 	Binance     , 	PAX/USDT, 	1.00078015, 	68.06091136, 	0.9984, 	1450.0, 	0.238396%, 	0.190000%, 	0.048396%
2020-04-09 15:48:01, 	Poloniex    , 	Binance     , 	PAX/USDT, 	1.00078015, 	68.06091136, 	0.9984, 	1450.0, 	0.238396%, 	0.190000%, 	0.048396%
2020-04-09 15:48:16, 	Poloniex    , 	Binance     , 	PAX/USDT, 	1.00078015, 	68.06091136, 	0.9984, 	1434.06, 	0.238396%, 	0.190000%, 	0.048396%
2020-04-09 15:48:31, 	Poloniex    , 	Binance     , 	PAX/USDT, 	1.00078015, 	68.06091136, 	0.9984, 	1434.06, 	0.238396%, 	0.190000%, 	0.048396%
2020-04-09 15:48:46, 	Poloniex    , 	Binance     , 	PAX/USDT, 	1.00078015, 	68.06091136, 	0.9984, 	1387.61, 	0.238396%, 	0.190000%, 	0.048396%
2020-04-09 15:49:01, 	Poloniex    , 	Binance     , 	PAX/USDT, 	1.00078015, 	68.06091136, 	0.9984, 	16667.58, 	0.238396%, 	0.190000%, 	0.048396%
2020-04-09 15:49:16, 	Poloniex    , 	Binance     , 	PAX/USDT, 	1.00078015, 	68.06091136, 	0.9984, 	16146.95, 	0.238396%, 	0.190000%, 	0.048396%
2020-04-09 15:49:31, 	Poloniex    , 	Binance     , 	PAX/USDT, 	1.00078015, 	68.06091136, 	0.9984, 	866.98, 	0.238396%, 	0.190000%, 	0.048396%
2020-04-09 15:49:46, 	Poloniex    , 	Binance     , 	PAX/USDT, 	1.00078015, 	68.06091136, 	0.9984, 	866.98, 	0.238396%, 	0.190000%, 	0.048396%
2020-04-09 15:50:01, 	Poloniex    , 	Binance     , 	PAX/USDT, 	1.00078015, 	68.06091136, 	0.9986, 	72074.75, 	0.218321%, 	0.190000%, 	0.028321%
2020-04-09 15:50:16, 	Poloniex    , 	Binance     , 	PAX/USDT, 	1.00078015, 	68.06091136, 	0.9985, 	3958.96, 	0.228358%, 	0.190000%, 	0.038358%
2020-04-09 15:50:31, 	Poloniex    , 	Binance     , 	PAX/USDT, 	1.00078015, 	68.06091136, 	0.9985, 	54513.85, 	0.228358%, 	0.190000%, 	0.038358%
2020-04-09 15:50:46, 	Poloniex    , 	Binance     , 	PAX/USDT, 	1.00078015, 	68.06091136, 	0.9985, 	54513.85, 	0.228358%, 	0.190000%, 	0.038358%
2020-04-09 15:51:01, 	Poloniex    , 	Binance     , 	PAX/USDT, 	1.00078015, 	68.06091136, 	0.9985, 	54513.85, 	0.228358%, 	0.190000%, 	0.038358%
2020-04-09 15:51:16, 	Poloniex    , 	Binance     , 	PAX/USDT, 	1.00078015, 	68.06091136, 	0.9985, 	54513.85, 	0.228358%, 	0.190000%, 	0.038358%
2020-04-09 15:51:31, 	Poloniex    , 	Binance     , 	PAX/USDT, 	1.00078015, 	68.06091136, 	0.9985, 	54513.85, 	0.228358%, 	0.190000%, 	0.038358%
2020-04-09 15:51:46, 	Poloniex    , 	Binance     , 	PAX/USDT, 	1.00078015, 	68.06091136, 	0.9985, 	54513.85, 	0.228358%, 	0.190000%, 	0.038358%
2020-04-09 15:52:01, 	Poloniex    , 	Binance     , 	PAX/USDT, 	1.00078015, 	68.06091136, 	0.9985, 	54513.85, 	0.228358%, 	0.190000%, 	0.038358%
2020-04-09 15:52:16, 	Poloniex    , 	Binance     , 	PAX/USDT, 	1.00078015, 	68.06091136, 	0.9985, 	69260.79, 	0.228358%, 	0.190000%, 	0.038358%
2020-04-09 15:52:31, 	Poloniex    , 	Binance     , 	PAX/USDT, 	1.00078015, 	68.06091136, 	0.9985, 	69260.79, 	0.228358%, 	0.190000%, 	0.038358%
2020-04-09 15:52:46, 	Poloniex    , 	Binance     , 	PAX/USDT, 	1.00078015, 	68.06091136, 	0.9985, 	51900.8, 	0.228358%, 	0.190000%, 	0.038358%
2020-04-09 15:53:01, 	Poloniex    , 	Binance     , 	PAX/USDT, 	1.00078015, 	68.06091136, 	0.9985, 	51900.8, 	0.228358%, 	0.190000%, 	0.038358%
2020-04-09 15:53:16, 	Poloniex    , 	Binance     , 	PAX/USDT, 	1.00078015, 	68.06091136, 	0.9985, 	51900.8, 	0.228358%, 	0.190000%, 	0.038358%
2020-04-09 15:53:31, 	Poloniex    , 	Binance     , 	PAX/USDT, 	1.00078015, 	68.06091136, 	0.9985, 	39911.53, 	0.228358%, 	0.190000%, 	0.038358%
2020-04-09 15:53:46, 	Poloniex    , 	Binance     , 	PAX/USDT, 	1.00078015, 	68.06091136, 	0.9985, 	39911.53, 	0.228358%, 	0.190000%, 	0.038358%
2020-04-09 15:54:01, 	Poloniex    , 	Binance     , 	PAX/USDT, 	1.00078015, 	68.06091136, 	0.9985, 	39911.53, 	0.228358%, 	0.190000%, 	0.038358%
2020-04-09 15:54:16, 	Poloniex    , 	Binance     , 	PAX/USDT, 	1.00078015, 	68.06091136, 	0.9985, 	44741.94, 	0.228358%, 	0.190000%, 	0.038358%
2020-04-09 15:54:31, 	Poloniex    , 	Binance     , 	PAX/USDT, 	1.00078015, 	68.06091136, 	0.9985, 	19746.74, 	0.228358%, 	0.190000%, 	0.038358%
2020-04-09 15:54:46, 	Poloniex    , 	Binance     , 	PAX/USDT, 	1.00078015, 	68.06091136, 	0.9985, 	19746.74, 	0.228358%, 	0.190000%, 	0.038358%
2020-04-09 15:55:01, 	Poloniex    , 	Binance     , 	PAX/USDT, 	1.00078015, 	68.06091136, 	0.9985, 	19746.74, 	0.228358%, 	0.190000%, 	0.038358%
2020-04-09 15:55:16, 	Poloniex    , 	Binance     , 	PAX/USDT, 	1.00078015, 	68.06091136, 	0.9985, 	19746.74, 	0.228358%, 	0.190000%, 	0.038358%
2020-04-09 15:55:31, 	Poloniex    , 	Binance     , 	PAX/USDT, 	1.00078015, 	68.06091136, 	0.9985, 	19746.74, 	0.228358%, 	0.190000%, 	0.038358%
2020-04-09 15:55:46, 	Poloniex    , 	Binance     , 	PAX/USDT, 	1.00078015, 	68.06091136, 	0.9986, 	42890.36, 	0.218321%, 	0.190000%, 	0.028321%
2020-04-09 15:56:01, 	Poloniex    , 	Binance     , 	PAX/USDT, 	1.00078015, 	68.06091136, 	0.9986, 	47893.29, 	0.218321%, 	0.190000%, 	0.028321%
2020-04-09 15:56:16, 	Poloniex    , 	Binance     , 	PAX/USDT, 	1.00078015, 	68.06091136, 	0.9986, 	15867.38, 	0.218321%, 	0.190000%, 	0.028321%
2020-04-09 15:56:31, 	Poloniex    , 	Binance     , 	PAX/USDT, 	1.00078015, 	68.06091136, 	0.9986, 	15867.38, 	0.218321%, 	0.190000%, 	0.028321%
2020-04-09 15:56:46, 	Poloniex    , 	Binance     , 	PAX/USDT, 	1.00078015, 	68.06091136, 	0.9986, 	17925.49, 	0.218321%, 	0.190000%, 	0.028321%
2020-04-09 15:57:01, 	Poloniex    , 	Binance     , 	PAX/USDT, 	1.00078015, 	68.06091136, 	0.9986, 	6315.93, 	0.218321%, 	0.190000%, 	0.028321%
2020-04-09 15:57:16, 	Poloniex    , 	Binance     , 	PAX/USDT, 	1.00078015, 	68.06091136, 	0.9986, 	1999.81, 	0.218321%, 	0.190000%, 	0.028321%
2020-04-09 15:57:31, 	Poloniex    , 	Binance     , 	PAX/USDT, 	1.00078015, 	68.06091136, 	0.9986, 	1999.81, 	0.218321%, 	0.190000%, 	0.028321%
2020-04-09 15:57:46, 	Poloniex    , 	Binance     , 	PAX/USDT, 	1.00078015, 	68.06091136, 	0.9986, 	6999.81, 	0.218321%, 	0.190000%, 	0.028321%
2020-04-09 15:58:01, 	Poloniex    , 	Binance     , 	PAX/USDT, 	1.00078015, 	68.06091136, 	0.9986, 	2326.22, 	0.218321%, 	0.190000%, 	0.028321%
2020-04-09 15:58:16, 	Poloniex    , 	Binance     , 	PAX/USDT, 	1.00078015, 	68.06091136, 	0.9987, 	28720.06, 	0.208286%, 	0.190000%, 	0.018286%
2020-04-09 15:58:31, 	Poloniex    , 	Binance     , 	PAX/USDT, 	1.00078015, 	68.06091136, 	0.9988, 	30719.86, 	0.198253%, 	0.190000%, 	0.008253%
2020-04-09 15:58:46, 	Poloniex    , 	Binance     , 	PAX/USDT, 	1.00078015, 	68.06091136, 	0.9988, 	30719.86, 	0.198253%, 	0.190000%, 	0.008253%
2020-04-09 15:59:01, 	Poloniex    , 	Binance     , 	PAX/USDT, 	1.00078015, 	68.06091136, 	0.9988, 	30719.86, 	0.198253%, 	0.190000%, 	0.008253%
2020-04-09 15:59:16, 	Poloniex    , 	Binance     , 	PAX/USDT, 	1.00078015, 	68.06091136, 	0.9988, 	30719.86, 	0.198253%, 	0.190000%, 	0.008253%
2020-04-09 15:59:31, 	Poloniex    , 	Binance     , 	PAX/USDT, 	1.00078015, 	68.06091136, 	0.9988, 	30719.86, 	0.198253%, 	0.190000%, 	0.008253%
2020-04-09 15:59:46, 	Poloniex    , 	Binance     , 	PAX/USDT, 	1.00078015, 	68.06091136, 	0.9988, 	40335.38, 	0.198253%, 	0.190000%, 	0.008253%
2020-04-09 16:00:01, 	Poloniex    , 	Binance     , 	PAX/USDT, 	1.00078015, 	68.06091136, 	0.9988, 	20062.67, 	0.198253%, 	0.190000%, 	0.008253%
2020-04-09 16:00:16, 	Poloniex    , 	Binance     , 	PAX/USDT, 	1.00078015, 	68.06091136, 	0.9988, 	7058.38, 	0.198253%, 	0.190000%, 	0.008253%
2020-04-09 16:00:31, 	Poloniex    , 	Binance     , 	PAX/USDT, 	1.00078015, 	68.06091136, 	0.9986, 	14567.43, 	0.218321%, 	0.190000%, 	0.028321%
2020-04-09 16:00:46, 	Poloniex    , 	Binance     , 	PAX/USDT, 	1.00078015, 	68.06091136, 	0.9986, 	16567.23, 	0.218321%, 	0.190000%, 	0.028321%
2020-04-09 16:01:01, 	Poloniex    , 	Binance     , 	PAX/USDT, 	1.00078015, 	68.06091136, 	0.9986, 	16567.23, 	0.218321%, 	0.190000%, 	0.028321%
2020-04-09 16:01:16, 	Poloniex    , 	Binance     , 	PAX/USDT, 	1.00078015, 	68.06091136, 	0.9986, 	11625.81, 	0.218321%, 	0.190000%, 	0.028321%
2020-04-09 16:01:31, 	Poloniex    , 	Binance     , 	PAX/USDT, 	1.00078015, 	68.06091136, 	0.9986, 	11625.81, 	0.218321%, 	0.190000%, 	0.028321%
2020-04-09 16:01:46, 	Poloniex    , 	Binance     , 	PAX/USDT, 	1.00078015, 	68.06091136, 	0.9986, 	11567.23, 	0.218321%, 	0.190000%, 	0.028321%
2020-04-09 16:02:01, 	Poloniex    , 	Binance     , 	PAX/USDT, 	1.00078015, 	68.06091136, 	0.9986, 	11567.23, 	0.218321%, 	0.190000%, 	0.028321%
2020-04-09 16:02:16, 	Poloniex    , 	Binance     , 	PAX/USDT, 	1.00078015, 	68.06091136, 	0.9986, 	11567.23, 	0.218321%, 	0.190000%, 	0.028321%
2020-04-09 16:02:31, 	Poloniex    , 	Binance     , 	PAX/USDT, 	1.00078015, 	68.06091136, 	0.9986, 	11625.81, 	0.218321%, 	0.190000%, 	0.028321%
2020-04-09 16:02:46, 	Poloniex    , 	Binance     , 	PAX/USDT, 	1.00078015, 	68.06091136, 	0.9986, 	16625.81, 	0.218321%, 	0.190000%, 	0.028321%
2020-04-09 16:03:01, 	Poloniex    , 	Binance     , 	PAX/USDT, 	1.00078015, 	68.06091136, 	0.9986, 	16625.81, 	0.218321%, 	0.190000%, 	0.028321%
2020-04-09 16:03:16, 	Poloniex    , 	Binance     , 	PAX/USDT, 	1.00078015, 	68.06091136, 	0.9986, 	16567.23, 	0.218321%, 	0.190000%, 	0.028321%
2020-04-09 16:03:31, 	Poloniex    , 	Binance     , 	PAX/USDT, 	1.00078015, 	68.06091136, 	0.9986, 	16567.23, 	0.218321%, 	0.190000%, 	0.028321%
2020-04-09 16:03:46, 	Poloniex    , 	Binance     , 	PAX/USDT, 	1.00078015, 	68.06091136, 	0.9986, 	16567.23, 	0.218321%, 	0.190000%, 	0.028321%
2020-04-09 16:04:01, 	Poloniex    , 	Binance     , 	PAX/USDT, 	1.00078015, 	68.06091136, 	0.9986, 	16567.23, 	0.218321%, 	0.190000%, 	0.028321%
2020-04-09 16:04:16, 	Poloniex    , 	Binance     , 	PAX/USDT, 	1.00078015, 	68.06091136, 	0.9986, 	1999.8, 	0.218321%, 	0.190000%, 	0.028321%
2020-04-09 16:04:31, 	Poloniex    , 	Binance     , 	PAX/USDT, 	1.00078015, 	68.06091136, 	0.9986, 	2058.1, 	0.218321%, 	0.190000%, 	0.028321%
2020-04-09 16:04:46, 	Poloniex    , 	Binance     , 	PAX/USDT, 	1.00078015, 	68.06091136, 	0.9986, 	1999.8, 	0.218321%, 	0.190000%, 	0.028321%
2020-04-09 16:05:01, 	Poloniex    , 	Binance     , 	PAX/USDT, 	1.00078015, 	68.06091136, 	0.9987, 	14562.2, 	0.208286%, 	0.190000%, 	0.018286%
2020-04-09 16:05:16, 	Poloniex    , 	Binance     , 	PAX/USDT, 	1.00078015, 	68.06091136, 	0.9988, 	20062.67, 	0.198253%, 	0.190000%, 	0.008253%
2020-04-09 16:05:31, 	Poloniex    , 	Binance     , 	PAX/USDT, 	1.00078015, 	68.06091136, 	0.9988, 	29700.08, 	0.198253%, 	0.190000%, 	0.008253%
2020-04-09 16:05:46, 	Poloniex    , 	Binance     , 	PAX/USDT, 	1.00078015, 	68.06091136, 	0.9988, 	29700.08, 	0.198253%, 	0.190000%, 	0.008253%
2020-04-09 16:06:01, 	Poloniex    , 	Binance     , 	PAX/USDT, 	1.00078015, 	68.06091136, 	0.9988, 	29700.08, 	0.198253%, 	0.190000%, 	0.008253%
2020-04-09 16:06:16, 	Poloniex    , 	Binance     , 	PAX/USDT, 	1.00078015, 	68.06091136, 	0.9987, 	14637.41, 	0.208286%, 	0.190000%, 	0.018286%
2020-04-09 16:06:31, 	Poloniex    , 	Binance     , 	PAX/USDT, 	1.00078015, 	68.06091136, 	0.9986, 	16637.98, 	0.218321%, 	0.190000%, 	0.028321%
2020-04-09 16:06:46, 	Poloniex    , 	Binance     , 	PAX/USDT, 	1.00078015, 	68.06091136, 	0.9986, 	14638.18, 	0.218321%, 	0.190000%, 	0.028321%
2020-04-09 16:07:01, 	Poloniex    , 	Binance     , 	PAX/USDT, 	1.00078015, 	68.06091136, 	0.9986, 	14638.18, 	0.218321%, 	0.190000%, 	0.028321%
2020-04-09 16:07:16, 	Poloniex    , 	Binance     , 	PAX/USDT, 	1.00078015, 	68.06091136, 	0.9986, 	9638.18, 	0.218321%, 	0.190000%, 	0.028321%
2020-04-09 16:07:31, 	Poloniex    , 	Binance     , 	PAX/USDT, 	1.00078015, 	68.06091136, 	0.9986, 	14638.18, 	0.218321%, 	0.190000%, 	0.028321%
2020-04-09 16:07:46, 	Poloniex    , 	Binance     , 	PAX/USDT, 	1.00078015, 	68.06091136, 	0.9986, 	14638.18, 	0.218321%, 	0.190000%, 	0.028321%
2020-04-09 16:08:01, 	Poloniex    , 	Binance     , 	PAX/USDT, 	1.00078015, 	68.06091136, 	0.9986, 	14638.18, 	0.218321%, 	0.190000%, 	0.028321%
2020-04-09 16:08:16, 	Poloniex    , 	Binance     , 	PAX/USDT, 	1.00078015, 	68.06091136, 	0.9986, 	14638.18, 	0.218321%, 	0.190000%, 	0.028321%
2020-04-09 16:08:31, 	Poloniex    , 	Binance     , 	PAX/USDT, 	1.00078015, 	68.06091136, 	0.9988, 	18062.87, 	0.198253%, 	0.190000%, 	0.008253%
2020-04-09 16:08:46, 	Poloniex    , 	Binance     , 	PAX/USDT, 	1.00078015, 	68.06091136, 	0.9988, 	12749.53, 	0.198253%, 	0.190000%, 	0.008253%
2020-04-09 16:09:01, 	Poloniex    , 	Binance     , 	PAX/USDT, 	1.00078015, 	68.06091136, 	0.9988, 	12749.53, 	0.198253%, 	0.190000%, 	0.008253%
2020-04-09 16:09:16, 	Poloniex    , 	Binance     , 	PAX/USDT, 	1.00078015, 	68.06091136, 	0.9988, 	12749.53, 	0.198253%, 	0.190000%, 	0.008253%
2020-04-09 16:09:31, 	Poloniex    , 	Binance     , 	PAX/USDT, 	1.00078015, 	68.06091136, 	0.9988, 	20906.04, 	0.198253%, 	0.190000%, 	0.008253%
2020-04-09 16:09:46, 	Poloniex    , 	Binance     , 	PAX/USDT, 	1.00078015, 	68.06091136, 	0.9988, 	25906.04, 	0.198253%, 	0.190000%, 	0.008253%
2020-04-09 16:10:01, 	Poloniex    , 	Binance     , 	PAX/USDT, 	1.00078015, 	68.06091136, 	0.9988, 	25906.04, 	0.198253%, 	0.190000%, 	0.008253%
2020-04-09 16:10:16, 	Poloniex    , 	Binance     , 	PAX/USDT, 	1.00078015, 	68.06091136, 	0.9988, 	25906.04, 	0.198253%, 	0.190000%, 	0.008253%
2020-04-09 16:10:31, 	Poloniex    , 	Binance     , 	PAX/USDT, 	1.00078015, 	68.06091136, 	0.9988, 	25906.04, 	0.198253%, 	0.190000%, 	0.008253%
2020-04-09 16:10:46, 	Poloniex    , 	Binance     , 	PAX/USDT, 	1.00078015, 	68.06091136, 	0.9988, 	25906.04, 	0.198253%, 	0.190000%, 	0.008253%
2020-04-09 16:11:01, 	Poloniex    , 	Binance     , 	PAX/USDT, 	1.00078015, 	68.06091136, 	0.9988, 	25906.04, 	0.198253%, 	0.190000%, 	0.008253%
2020-04-09 16:11:16, 	Poloniex    , 	Binance     , 	PAX/USDT, 	1.00078015, 	68.06091136, 	0.9988, 	13156.51, 	0.198253%, 	0.190000%, 	0.008253%
2020-04-09 16:11:31, 	Poloniex    , 	Binance     , 	PAX/USDT, 	1.00078015, 	68.06091136, 	0.9987, 	13156.51, 	0.208286%, 	0.190000%, 	0.018286%
2020-04-09 16:11:46, 	Poloniex    , 	Binance     , 	PAX/USDT, 	1.00078015, 	68.06091136, 	0.9986, 	8157.3, 	0.218321%, 	0.190000%, 	0.028321%
2020-04-09 16:12:01, 	Poloniex    , 	Binance     , 	PAX/USDT, 	1.00078015, 	68.06091136, 	0.9986, 	8157.3, 	0.218321%, 	0.190000%, 	0.028321%
2020-04-09 16:12:16, 	Poloniex    , 	Binance     , 	PAX/USDT, 	1.00078015, 	68.06091136, 	0.9986, 	8157.3, 	0.218321%, 	0.190000%, 	0.028321%
2020-04-09 16:12:31, 	Poloniex    , 	Binance     , 	PAX/USDT, 	1.00078015, 	68.06091136, 	0.9988, 	25635.39, 	0.198253%, 	0.190000%, 	0.008253%
2020-04-09 16:12:46, 	Poloniex    , 	Binance     , 	PAX/USDT, 	1.00078015, 	68.06091136, 	0.9988, 	0.01, 	0.198253%, 	0.190000%, 	0.008253%
2020-04-09 16:13:01, 	Poloniex    , 	Binance     , 	PAX/USDT, 	1.00078015, 	68.06091136, 	0.9988, 	0.01, 	0.198253%, 	0.190000%, 	0.008253%
2020-04-09 16:13:16, 	Poloniex    , 	Binance     , 	PAX/USDT, 	1.00078015, 	68.06091136, 	0.9989, 	1450.0, 	0.188222%, 	0.190000%, 	-0.001778%
